{"Drupal\\Core\\Entity\\HtmlEntityFormController":{"type_fqn":"controller.entity_form","type":"controller.entity_form","name":"drupalCoreEntityHtmlEntityFormController"},"access_arguments_resolver_factory":{"type_fqn":"Drupal\\Core\\Access\\AccessArgumentsResolverFactoryInterface","type":"AccessArgumentsResolverFactoryInterface","name":"accessArgumentsResolverFactory"},"access_manager":{"type_fqn":"Drupal\\Core\\Access\\AccessManagerInterface","type":"AccessManagerInterface","name":"accessManager"},"account_switcher":{"type_fqn":"Drupal\\Core\\Session\\AccountSwitcherInterface","type":"AccountSwitcherInterface","name":"accountSwitcher"},"asset.resolver":{"type_fqn":"Drupal\\Core\\Asset\\AssetResolverInterface","type":"AssetResolverInterface","name":"assetResolver"},"authentication":{"type_fqn":"Drupal\\Core\\Authentication\\AuthenticationProviderInterface","type":"AuthenticationProviderInterface","name":"authentication"},"authentication_collector":{"type_fqn":"Drupal\\Core\\Authentication\\AuthenticationCollectorInterface","type":"AuthenticationCollectorInterface","name":"authenticationCollector"},"bare_html_page_renderer":{"type_fqn":"Drupal\\Core\\Render\\BareHtmlPageRendererInterface","type":"BareHtmlPageRendererInterface","name":"bareHtmlPageRenderer"},"batch.storage":{"type_fqn":"Drupal\\Core\\Batch\\BatchStorageInterface","type":"BatchStorageInterface","name":"batchStorage"},"breadcrumb":{"type_fqn":"Drupal\\Core\\Breadcrumb\\ChainBreadcrumbBuilderInterface","type":"ChainBreadcrumbBuilderInterface","name":"breadcrumb"},"cache_contexts_manager":{"type_fqn":"Drupal\\Core\\Cache\\Context\\CacheContextsManager","type":"CacheContextsManager","name":"cacheContextsManager"},"cache_factory":{"type_fqn":"Drupal\\Core\\Cache\\CacheFactoryInterface","type":"CacheFactoryInterface","name":"cacheFactory"},"cache_tags.invalidator":{"type_fqn":"Drupal\\Core\\Cache\\CacheTagsInvalidatorInterface","type":"CacheTagsInvalidatorInterface","name":"cacheTagsInvalidator"},"cache_tags.invalidator.checksum":{"type_fqn":"Drupal\\Core\\Cache\\CacheTagsChecksumInterface","type":"CacheTagsChecksumInterface","name":"cacheTagsInvalidatorChecksum"},"class_resolver":{"type_fqn":"Drupal\\Core\\DependencyInjection\\ClassResolverInterface","type":"ClassResolverInterface","name":"classResolver"},"config.factory":{"type_fqn":"Drupal\\Core\\Config\\ConfigFactoryInterface","type":"ConfigFactoryInterface","name":"configFactory"},"config.import_transformer":{"type_fqn":"Drupal\\Core\\Config\\ImportStorageTransformer","type":"ImportStorageTransformer","name":"configImportTransformer"},"config.installer":{"type_fqn":"Drupal\\Core\\Config\\ConfigInstallerInterface","type":"ConfigInstallerInterface","name":"configInstaller"},"config.manager":{"type_fqn":"Drupal\\Core\\Config\\ConfigManagerInterface","type":"ConfigManagerInterface","name":"configManager"},"config.storage":{"type_fqn":"Drupal\\Core\\Config\\StorageCacheInterface","type":"StorageCacheInterface","name":"configStorage"},"config.typed":{"type_fqn":"Drupal\\Core\\Config\\TypedConfigManagerInterface","type":"TypedConfigManagerInterface","name":"configTyped"},"context.handler":{"type_fqn":"Drupal\\Core\\Plugin\\Context\\ContextHandlerInterface","type":"ContextHandlerInterface","name":"contextHandler"},"context.repository":{"type_fqn":"Drupal\\Core\\Plugin\\Context\\ContextRepositoryInterface","type":"ContextRepositoryInterface","name":"contextRepository"},"controller.form":{"type_fqn":"Drupal\\Core\\Controller\\HtmlFormController","type":"HtmlFormController","name":"controllerForm"},"controller_resolver":{"type_fqn":"Symfony\\Component\\HttpKernel\\Controller\\ControllerResolverInterface","type":"ControllerResolverInterface","name":"controllerResolver"},"country_manager":{"type_fqn":"Drupal\\Core\\Locale\\CountryManagerInterface","type":"CountryManagerInterface","name":"countryManager"},"cron":{"type_fqn":"Drupal\\Core\\CronInterface","type":"CronInterface","name":"cron"},"csrf_token":{"type_fqn":"Drupal\\Core\\Access\\CsrfTokenGenerator","type":"CsrfTokenGenerator","name":"csrfToken"},"current_route_match":{"type_fqn":"Drupal\\Core\\Routing\\RouteMatchInterface","type":"RouteMatchInterface","name":"routeMatch"},"current_user":{"type_fqn":"Drupal\\Core\\Session\\AccountProxyInterface","type":"AccountProxyInterface","name":"currentUser"},"database":{"type_fqn":"Drupal\\Core\\Database\\Connection","type":"Connection","name":"connection"},"database.replica_kill_switch":{"type_fqn":"Drupal\\Core\\Database\\ReplicaKillSwitch","type":"ReplicaKillSwitch","name":"databaseReplicaKillSwitch"},"date.formatter":{"type_fqn":"Drupal\\Core\\Datetime\\DateFormatterInterface","type":"DateFormatterInterface","name":"dateFormatter"},"datetime.time":{"type_fqn":"Drupal\\Component\\Datetime\\TimeInterface","type":"TimeInterface","name":"datetimeTime"},"diff.formatter":{"type_fqn":"Drupal\\Core\\Diff\\DiffFormatter","type":"DiffFormatter","name":"diffFormatter"},"email.validator":{"type_fqn":"Drupal\\Component\\Utility\\EmailValidatorInterface","type":"EmailValidatorInterface","name":"emailValidator"},"entity.autocomplete_matcher":{"type_fqn":"Drupal\\Core\\Entity\\EntityAutocompleteMatcherInterface","type":"EntityAutocompleteMatcherInterface","name":"entityAutocompleteMatcher"},"entity.definition_update_manager":{"type_fqn":"Drupal\\Core\\Entity\\EntityDefinitionUpdateManagerInterface","type":"EntityDefinitionUpdateManagerInterface","name":"entityDefinitionUpdateManager"},"entity.form_builder":{"type_fqn":"Drupal\\Core\\Entity\\EntityFormBuilderInterface","type":"EntityFormBuilderInterface","name":"entityFormBuilder"},"entity.last_installed_schema.repository":{"type_fqn":"Drupal\\Core\\Entity\\EntityLastInstalledSchemaRepositoryInterface","type":"EntityLastInstalledSchemaRepositoryInterface","name":"entityLastInstalledSchemaRepository"},"entity.memory_cache":{"type_fqn":"Drupal\\Core\\Cache\\MemoryCache\\MemoryCacheInterface","type":"MemoryCacheInterface","name":"entityMemoryCache"},"entity.repository":{"type_fqn":"Drupal\\Core\\Entity\\EntityRepositoryInterface","type":"EntityRepositoryInterface","name":"entityRepository"},"entity_bundle.listener":{"type_fqn":"Drupal\\Core\\Entity\\EntityBundleListenerInterface","type":"EntityBundleListenerInterface","name":"entityBundleListener"},"entity_display.repository":{"type_fqn":"Drupal\\Core\\Entity\\EntityDisplayRepositoryInterface","type":"EntityDisplayRepositoryInterface","name":"entityDisplayRepository"},"entity_field.deleted_fields_repository":{"type_fqn":"Drupal\\Core\\Field\\DeletedFieldsRepositoryInterface","type":"DeletedFieldsRepositoryInterface","name":"entityFieldDeletedFieldsRepository"},"entity_field.manager":{"type_fqn":"Drupal\\Core\\Entity\\EntityFieldManagerInterface","type":"EntityFieldManagerInterface","name":"entityFieldManager"},"entity_type.bundle.info":{"type_fqn":"Drupal\\Core\\Entity\\EntityTypeBundleInfoInterface","type":"EntityTypeBundleInfoInterface","name":"entityTypeBundleInfo"},"entity_type.listener":{"type_fqn":"Drupal\\Core\\Entity\\EntityTypeListenerInterface","type":"EntityTypeListenerInterface","name":"entityTypeListener"},"entity_type.manager":{"type_fqn":"Drupal\\Core\\Entity\\EntityTypeManagerInterface","type":"EntityTypeManagerInterface","name":"entityTypeManager"},"entity_type.repository":{"type_fqn":"Drupal\\Core\\Entity\\EntityTypeRepositoryInterface","type":"EntityTypeRepositoryInterface","name":"entityTypeRepository"},"event_dispatcher":{"type_fqn":"Symfony\\Contracts\\EventDispatcher\\EventDispatcherInterface","type":"EventDispatcherInterface","name":"eventDispatcher"},"extension.list.module":{"type_fqn":"Drupal\\Core\\Extension\\ModuleExtensionList","type":"ModuleExtensionList","name":"extensionListModule"},"extension.list.profile":{"type_fqn":"Drupal\\Core\\Extension\\ProfileExtensionList","type":"ProfileExtensionList","name":"extensionListProfile"},"extension.list.theme":{"type_fqn":"Drupal\\Core\\Extension\\ThemeExtensionList","type":"ThemeExtensionList","name":"extensionListTheme"},"extension.list.theme_engine":{"type_fqn":"Drupal\\Core\\Extension\\ThemeEngineExtensionList","type":"ThemeEngineExtensionList","name":"extensionListThemeEngine"},"extension.path.resolver":{"type_fqn":"Drupal\\Core\\Extension\\ExtensionPathResolver","type":"ExtensionPathResolver","name":"extensionPathResolver"},"field_definition.listener":{"type_fqn":"Drupal\\Core\\Field\\FieldDefinitionListenerInterface","type":"FieldDefinitionListenerInterface","name":"fieldDefinitionListener"},"field_storage_definition.listener":{"type_fqn":"Drupal\\Core\\Field\\FieldStorageDefinitionListenerInterface","type":"FieldStorageDefinitionListenerInterface","name":"fieldStorageDefinitionListener"},"file.htaccess_writer":{"type_fqn":"Drupal\\Core\\File\\HtaccessWriterInterface","type":"HtaccessWriterInterface","name":"fileHtaccessWriter"},"file_system":{"type_fqn":"Drupal\\Core\\File\\FileSystemInterface","type":"FileSystemInterface","name":"fileSystem"},"file_url_generator":{"type_fqn":"Drupal\\Core\\File\\FileUrlGeneratorInterface","type":"FileUrlGeneratorInterface","name":"fileUrlGenerator"},"flood":{"type_fqn":"Drupal\\Core\\Flood\\FloodInterface","type":"FloodInterface","name":"flood"},"form_ajax_response_builder":{"type_fqn":"Drupal\\Core\\Form\\FormAjaxResponseBuilderInterface","type":"FormAjaxResponseBuilderInterface","name":"formAjaxResponseBuilder"},"form_builder":{"type_fqn":"Drupal\\Core\\Form\\FormBuilderInterface","type":"FormBuilderInterface","name":"formBuilder"},"form_error_handler":{"type_fqn":"Drupal\\Core\\Form\\FormErrorHandlerInterface","type":"FormErrorHandlerInterface","name":"formErrorHandler"},"form_submitter":{"type_fqn":"Drupal\\Core\\Form\\FormSubmitterInterface","type":"FormSubmitterInterface","name":"formSubmitter"},"form_validator":{"type_fqn":"Drupal\\Core\\Form\\FormValidatorInterface","type":"FormValidatorInterface","name":"formValidator"},"http_client":{"type_fqn":"Psr\\Http\\Client\\ClientInterface","type":"ClientInterface","name":"httpClient"},"http_client_factory":{"type_fqn":"Drupal\\Core\\Http\\ClientFactory","type":"ClientFactory","name":"httpClientFactory"},"http_kernel":{"type_fqn":"Symfony\\Component\\HttpKernel\\HttpKernelInterface","type":"HttpKernelInterface","name":"httpKernel"},"http_kernel.controller.argument_resolver":{"type_fqn":"Symfony\\Component\\HttpKernel\\Controller\\ArgumentResolverInterface","type":"ArgumentResolverInterface","name":"httpKernelControllerArgumentResolver"},"image.factory":{"type_fqn":"Drupal\\Core\\Image\\ImageFactory","type":"ImageFactory","name":"imageFactory"},"image.toolkit.manager":{"type_fqn":"Drupal\\Core\\ImageToolkit\\ImageToolkitManager","type":"ImageToolkitManager","name":"imageToolkitManager"},"image.toolkit.operation.manager":{"type_fqn":"Drupal\\Core\\ImageToolkit\\ImageToolkitOperationManagerInterface","type":"ImageToolkitOperationManagerInterface","name":"imageToolkitOperationManager"},"info_parser":{"type_fqn":"Drupal\\Core\\Extension\\InfoParserInterface","type":"InfoParserInterface","name":"infoParser"},"kernel":{"type_fqn":"Drupal\\Core\\DrupalKernelInterface","type":"DrupalKernelInterface","name":"kernel"},"language.default":{"type_fqn":"Drupal\\Core\\Language\\LanguageDefault","type":"LanguageDefault","name":"languageDefault"},"language_manager":{"type_fqn":"Drupal\\Core\\Language\\LanguageManagerInterface","type":"LanguageManagerInterface","name":"languageManager"},"library.dependency_resolver":{"type_fqn":"Drupal\\Core\\Asset\\LibraryDependencyResolverInterface","type":"LibraryDependencyResolverInterface","name":"libraryDependencyResolver"},"library.discovery":{"type_fqn":"Drupal\\Core\\Asset\\LibraryDiscoveryInterface","type":"LibraryDiscoveryInterface","name":"libraryDiscovery"},"library.discovery.parser":{"type_fqn":"Drupal\\Core\\Asset\\LibraryDiscoveryParser","type":"LibraryDiscoveryParser","name":"libraryDiscoveryParser"},"library.libraries_directory_file_finder":{"type_fqn":"Drupal\\Core\\Asset\\LibrariesDirectoryFileFinder","type":"LibrariesDirectoryFileFinder","name":"libraryLibrariesDirectoryFileFinder"},"link_generator":{"type_fqn":"Drupal\\Core\\Utility\\LinkGeneratorInterface","type":"LinkGeneratorInterface","name":"linkGenerator"},"logger.factory":{"type_fqn":"Drupal\\Core\\Logger\\LoggerChannelFactoryInterface","type":"LoggerChannelFactoryInterface","name":"loggerFactory"},"logger.log_message_parser":{"type_fqn":"Drupal\\Core\\Logger\\LogMessageParserInterface","type":"LogMessageParserInterface","name":"parser"},"maintenance_mode":{"type_fqn":"Drupal\\Core\\Site\\MaintenanceModeInterface","type":"MaintenanceModeInterface","name":"maintenanceMode"},"menu.active_trail":{"type_fqn":"Drupal\\Core\\Menu\\MenuActiveTrailInterface","type":"MenuActiveTrailInterface","name":"menuActiveTrail"},"menu.default_tree_manipulators":{"type_fqn":"Drupal\\Core\\Menu\\DefaultMenuLinkTreeManipulators","type":"DefaultMenuLinkTreeManipulators","name":"menuDefaultTreeManipulators"},"menu.link_tree":{"type_fqn":"Drupal\\Core\\Menu\\MenuLinkTreeInterface","type":"MenuLinkTreeInterface","name":"menuLinkTree"},"menu.parent_form_selector":{"type_fqn":"Drupal\\Core\\Menu\\MenuParentFormSelectorInterface","type":"MenuParentFormSelectorInterface","name":"menuParentFormSelector"},"menu_link.static.overrides":{"type_fqn":"Drupal\\Core\\Menu\\StaticMenuLinkOverridesInterface","type":"StaticMenuLinkOverridesInterface","name":"menuLinkStaticOverrides"},"messenger":{"type_fqn":"Drupal\\Core\\Messenger\\MessengerInterface","type":"MessengerInterface","name":"messenger"},"module_handler":{"type_fqn":"Drupal\\Core\\Extension\\ModuleHandlerInterface","type":"ModuleHandlerInterface","name":"moduleHandler"},"module_installer":{"type_fqn":"Drupal\\Core\\Extension\\ModuleInstallerInterface","type":"ModuleInstallerInterface","name":"moduleInstaller"},"page_cache_kill_switch":{"type_fqn":"Drupal\\Core\\PageCache\\ResponsePolicy\\KillSwitch","type":"KillSwitch","name":"pageCacheKillSwitch"},"page_cache_request_policy":{"type_fqn":"Drupal\\Core\\PageCache\\RequestPolicyInterface","type":"RequestPolicyInterface","name":"pageCacheRequestPolicy"},"page_cache_response_policy":{"type_fqn":"Drupal\\Core\\PageCache\\ResponsePolicyInterface","type":"ResponsePolicyInterface","name":"pageCacheResponsePolicy"},"pager.manager":{"type_fqn":"Drupal\\Core\\Pager\\PagerManagerInterface","type":"PagerManagerInterface","name":"pagerManager"},"pager.parameters":{"type_fqn":"Drupal\\Core\\Pager\\PagerParametersInterface","type":"PagerParametersInterface","name":"pagerParameters"},"paramconverter_manager":{"type_fqn":"Drupal\\Core\\ParamConverter\\ParamConverterManagerInterface","type":"ParamConverterManagerInterface","name":"paramconverterManager"},"password":{"type_fqn":"Drupal\\Core\\Password\\PasswordInterface","type":"PasswordInterface","name":"password"},"password_generator":{"type_fqn":"Drupal\\Core\\Password\\PasswordGeneratorInterface","type":"PasswordGeneratorInterface","name":"passwordGenerator"},"path.current":{"type_fqn":"Drupal\\Core\\Path\\CurrentPathStack","type":"CurrentPathStack","name":"pathCurrent"},"path.matcher":{"type_fqn":"Drupal\\Core\\Path\\PathMatcherInterface","type":"PathMatcherInterface","name":"pathMatcher"},"path.validator":{"type_fqn":"Drupal\\Core\\Path\\PathValidatorInterface","type":"PathValidatorInterface","name":"pathValidator"},"path_processor_manager":{"type_fqn":"Drupal\\Core\\PathProcessor\\OutboundPathProcessorInterface","type":"OutboundPathProcessorInterface","name":"pathProcessorManager"},"placeholder_strategy":{"type_fqn":"Drupal\\Core\\Render\\Placeholder\\PlaceholderStrategyInterface","type":"PlaceholderStrategyInterface","name":"placeholderStrategy"},"plugin.cache_clearer":{"type_fqn":"Drupal\\Core\\Plugin\\CachedDiscoveryClearerInterface","type":"CachedDiscoveryClearerInterface","name":"pluginCacheClearer"},"plugin.manager.block":{"type_fqn":"Drupal\\Core\\Block\\BlockManagerInterface","type":"BlockManagerInterface","name":"pluginManagerBlock"},"plugin.manager.condition":{"type_fqn":"Drupal\\Core\\Executable\\ExecutableManagerInterface","type":"ExecutableManagerInterface","name":"pluginManagerCondition"},"plugin.manager.element_info":{"type_fqn":"element_info","type":"element_info","name":"pluginManagerElementInfo"},"plugin.manager.entity_reference_selection":{"type_fqn":"Drupal\\Core\\Entity\\EntityReferenceSelection\\SelectionPluginManagerInterface","type":"SelectionPluginManagerInterface","name":"pluginManagerEntityReferenceSelection"},"plugin.manager.field.field_type":{"type_fqn":"Drupal\\Core\\Field\\FieldTypePluginManagerInterface","type":"FieldTypePluginManagerInterface","name":"pluginManagerFieldFieldType"},"plugin.manager.help_section_topics":{"type_fqn":"plugin.manager.help_section","type":"plugin.manager.help_section","name":"pluginManagerHelpSectionTopics"},"plugin.manager.mail":{"type_fqn":"Drupal\\Core\\Mail\\MailManagerInterface","type":"MailManagerInterface","name":"pluginManagerMail"},"plugin.manager.menu.contextual_link":{"type_fqn":"Drupal\\Core\\Menu\\ContextualLinkManagerInterface","type":"ContextualLinkManagerInterface","name":"pluginManagerMenuContextualLink"},"plugin.manager.menu.link":{"type_fqn":"Drupal\\Core\\Menu\\MenuLinkManagerInterface","type":"MenuLinkManagerInterface","name":"pluginManagerMenuLink"},"plugin.manager.menu.local_action":{"type_fqn":"Drupal\\Core\\Menu\\LocalActionManagerInterface","type":"LocalActionManagerInterface","name":"pluginManagerMenuLocalAction"},"plugin.manager.menu.local_task":{"type_fqn":"Drupal\\Core\\Menu\\LocalTaskManagerInterface","type":"LocalTaskManagerInterface","name":"pluginManagerMenuLocalTask"},"plugin.manager.queue_worker":{"type_fqn":"Drupal\\Core\\Queue\\QueueWorkerManagerInterface","type":"QueueWorkerManagerInterface","name":"pluginManagerQueueWorker"},"plugin_form.factory":{"type_fqn":"Drupal\\Core\\Plugin\\PluginFormFactoryInterface","type":"PluginFormFactoryInterface","name":"pluginFormFactory"},"private_key":{"type_fqn":"Drupal\\Core\\PrivateKey","type":"PrivateKey","name":"privateKey"},"psr7.http_foundation_factory":{"type_fqn":"Symfony\\Bridge\\PsrHttpMessage\\HttpFoundationFactoryInterface","type":"HttpFoundationFactoryInterface","name":"psr7HttpFoundationFactory"},"psr7.http_message_factory":{"type_fqn":"Symfony\\Bridge\\PsrHttpMessage\\HttpMessageFactoryInterface","type":"HttpMessageFactoryInterface","name":"psr7HttpMessageFactory"},"queue":{"type_fqn":"Drupal\\Core\\Queue\\QueueFactory","type":"QueueFactory","name":"queue"},"queue.database":{"type_fqn":"Drupal\\Core\\Queue\\QueueDatabaseFactory","type":"QueueDatabaseFactory","name":"queueDatabase"},"redirect.destination":{"type_fqn":"Drupal\\Core\\Routing\\RedirectDestinationInterface","type":"RedirectDestinationInterface","name":"redirectDestination"},"render_cache":{"type_fqn":"Drupal\\Core\\Render\\RenderCacheInterface","type":"RenderCacheInterface","name":"renderCache"},"render_placeholder_generator":{"type_fqn":"Drupal\\Core\\Render\\PlaceholderGeneratorInterface","type":"PlaceholderGeneratorInterface","name":"renderPlaceholderGenerator"},"renderer":{"type_fqn":"Drupal\\Core\\Render\\RendererInterface","type":"RendererInterface","name":"renderer"},"request_stack":{"type_fqn":"Symfony\\Component\\HttpFoundation\\RequestStack","type":"RequestStack","name":"requestStack"},"resolver_manager.entity":{"type_fqn":"Drupal\\Core\\Entity\\EntityResolverManager","type":"EntityResolverManager","name":"resolverManagerEntity"},"route_processor_manager":{"type_fqn":"Drupal\\Core\\RouteProcessor\\OutboundRouteProcessorInterface","type":"OutboundRouteProcessorInterface","name":"routeProcessorManager"},"router":{"type_fqn":"Drupal\\Core\\Routing\\AccessAwareRouterInterface","type":"AccessAwareRouterInterface","name":"router"},"router.admin_context":{"type_fqn":"Drupal\\Core\\Routing\\AdminContext","type":"AdminContext","name":"routerAdminContext"},"router.builder":{"type_fqn":"Drupal\\Core\\Routing\\RouteBuilderInterface","type":"RouteBuilderInterface","name":"routerBuilder"},"router.dumper":{"type_fqn":"Drupal\\Core\\Routing\\MatcherDumperInterface","type":"MatcherDumperInterface","name":"routerDumper"},"router.request_context":{"type_fqn":"Drupal\\Core\\Routing\\RequestContext","type":"RequestContext","name":"routerRequestContext"},"router.route_provider":{"type_fqn":"Drupal\\Core\\Routing\\RouteProviderInterface","type":"RouteProviderInterface","name":"routerRouteProvider"},"service_container":{"type_fqn":"Symfony\\Component\\DependencyInjection\\ContainerInterface","type":"ContainerInterface","name":"serviceContainer"},"session":{"type_fqn":"Symfony\\Component\\HttpFoundation\\Session\\SessionInterface","type":"SessionInterface","name":"session"},"session_configuration":{"type_fqn":"Drupal\\Core\\Session\\SessionConfigurationInterface","type":"SessionConfigurationInterface","name":"sessionConfiguration"},"session_handler.write_safe":{"type_fqn":"Drupal\\Core\\Session\\WriteSafeSessionHandlerInterface","type":"WriteSafeSessionHandlerInterface","name":"sessionHandlerWriteSafe"},"session_manager":{"type_fqn":"Drupal\\Core\\Session\\SessionManagerInterface","type":"SessionManagerInterface","name":"sessionManager"},"session_manager.metadata_bag":{"type_fqn":"Drupal\\Core\\Session\\MetadataBag","type":"MetadataBag","name":"sessionManagerMetadataBag"},"settings":{"type_fqn":"Drupal\\Core\\Site\\Settings","type":"Settings","name":"settings"},"state":{"type_fqn":"Drupal\\Core\\State\\StateInterface","type":"StateInterface","name":"state"},"stream_wrapper_manager":{"type_fqn":"Drupal\\Core\\StreamWrapper\\StreamWrapperManagerInterface","type":"StreamWrapperManagerInterface","name":"streamWrapperManager"},"string_translation":{"type_fqn":"Drupal\\Core\\StringTranslation\\TranslationInterface","type":"TranslationInterface","name":"stringTranslation"},"tempstore.private":{"type_fqn":"Drupal\\Core\\TempStore\\PrivateTempStoreFactory","type":"PrivateTempStoreFactory","name":"tempstorePrivate"},"tempstore.shared":{"type_fqn":"Drupal\\Core\\TempStore\\SharedTempStoreFactory","type":"SharedTempStoreFactory","name":"tempstoreShared"},"theme.initialization":{"type_fqn":"Drupal\\Core\\Theme\\ThemeInitializationInterface","type":"ThemeInitializationInterface","name":"themeInitialization"},"theme.manager":{"type_fqn":"Drupal\\Core\\Theme\\ThemeManagerInterface","type":"ThemeManagerInterface","name":"themeManager"},"theme.negotiator":{"type_fqn":"Drupal\\Core\\Theme\\ThemeNegotiatorInterface","type":"ThemeNegotiatorInterface","name":"themeNegotiator"},"theme.registry":{"type_fqn":"Drupal\\Core\\Theme\\Registry","type":"Registry","name":"themeRegistry"},"theme_handler":{"type_fqn":"Drupal\\Core\\Extension\\ThemeHandlerInterface","type":"ThemeHandlerInterface","name":"themeHandler"},"theme_installer":{"type_fqn":"Drupal\\Core\\Extension\\ThemeInstallerInterface","type":"ThemeInstallerInterface","name":"themeInstaller"},"title_resolver":{"type_fqn":"Drupal\\Core\\Controller\\TitleResolverInterface","type":"TitleResolverInterface","name":"titleResolver"},"token":{"type_fqn":"Drupal\\Core\\Utility\\Token","type":"Token","name":"token"},"twig":{"type_fqn":"Drupal\\Core\\Template\\TwigEnvironment","type":"TwigEnvironment","name":"twig"},"typed_data_manager":{"type_fqn":"Drupal\\Core\\TypedData\\TypedDataManagerInterface","type":"TypedDataManagerInterface","name":"typedDataManager"},"unrouted_url_assembler":{"type_fqn":"Drupal\\Core\\Utility\\UnroutedUrlAssemblerInterface","type":"UnroutedUrlAssemblerInterface","name":"unroutedUrlAssembler"},"update.update_hook_registry":{"type_fqn":"Drupal\\Core\\Update\\UpdateHookRegistry","type":"UpdateHookRegistry","name":"updateUpdateHookRegistry"},"url_generator":{"type_fqn":"Symfony\\Component\\Routing\\Generator\\UrlGeneratorInterface","type":"UrlGeneratorInterface","name":"urlGenerator"},"user_permissions_hash_generator":{"type_fqn":"Drupal\\Core\\Session\\PermissionsHashGeneratorInterface","type":"PermissionsHashGeneratorInterface","name":"userPermissionsHashGenerator"},"uuid":{"type_fqn":"Drupal\\Component\\Uuid\\UuidInterface","type":"UuidInterface","name":"uuid"}}