{
	"VA": "Ἁγία Ἕδρα (Βατικανό)",
	"SH": "Ἁγία Ἑλένη",
	"LC": "Ἁγία Λουκία",
	"BL": "Άγιος Βαρθολομαίος",
	"VC": "Ἅγιος Βικέντιος καὶ Γρεναδίνες",
	"SM": "Ἅγιος Μαρίνος",
	"MF": "Άγιος Μαρτίνος (Γαλλικό τμήμα)",
	"SX": "Άγιος Μαρτίνος (Ολλανδικό τμήμα)",
	"AZ": "Ἀζερμπαϊτζάν",
	"EG": "Αἴγυπτος",
	"ET": "Αἰθιοπία",
	"HT": "Ἁϊτή",
	"CI": "Ακτή Ελεφαντοστού",
	"AL": "Ἀλβανία",
	"DZ": "Ἀλγερία",
	"VI": "Ἀμερικανικὲς Παρθένοι Νῆσοι",
	"AS": "Ἀμερικανικὴ Σαμόα",
	"TL": "Ἀνατολικὸ Τιμόρ",
	"AO": "Ἀνγκόλα",
	"AI": "Ἀνγκουίλα",
	"AD": "Ἀνδόρα",
	"AQ": "Ἀνταρκτική",
	"AG": "Ἀντίγκουα καὶ Μπαρμπούντα",
	"UM": "Ἀπομακρυσμένες Νησίδες τῶν Ἡνωμένων Πολιτειῶν",
	"AR": "Ἀργεντινή",
	"AM": "Ἀρμενία",
	"AW": "Ἀρούμπα",
	"AU": "Αὐστραλία",
	"AT": "Αὐστρία",
	"AF": "Ἀφγανιστάν",
	"VU": "Βανουάτου",
	"BE": "Βέλγιο",
	"VE": "Βενεζουέλα",
	"BM": "Βερμοῦδες",
	"VN": "Βιετνάμ",
	"BO": "Βολιβία",
	"KP": "Βόρεια Κορέα",
	"MK": "Βόρεια Μακεδονία",
	"BA": "Βοσνία - Ἐρζεγοβίνη",
	"BG": "Βουλγαρία",
	"BR": "Βραζιλία",
	"IO": "Βρετανικά Εδάφη Ινδικού Ωκεανού",
	"VG": "Βρετανικὲς Παρθένοι Νῆσοι",
	"FR": "Γαλλία",
	"TF": "Γαλλικὰ Νότια Ἐδάφη",
	"GF": "Γαλλικὴ Γουιάνα",
	"PF": "Γαλλικὴ Πολυνησία",
	"DE": "Γερμανία",
	"GE": "Γεωργία",
	"GI": "Γιβραλτάρ",
	"GM": "Γκάμπια",
	"GA": "Γκαμπόν",
	"GH": "Γκάνα",
	"GG": "Γκέρνζι",
	"GU": "Γκουάμ",
	"GP": "Γουαδελούπη",
	"GT": "Γουατεμάλα",
	"GY": "Γουιάνα",
	"GN": "Γουινέα",
	"GW": "Γουινέα Μπισάου",
	"GD": "Γρενάδα",
	"GL": "Γροιλανδία",
	"DK": "Δανία",
	"DO": "Δομινικανὴ Δημοκρατία",
	"EH": "Δυτικὴ Σαχάρα",
	"SV": "Ἒλ Σαλβαδόρ",
	"CH": "Ἑλβετία",
	"GR": "Ἑλλάδα",
	"ER": "Ἐρυθραία",
	"EE": "Ἐσθονία",
	"SZ": "Εσουατίνι",
	"ZM": "Ζάμπια",
	"ZW": "Ζιμπάμπουε",
	"AE": "Ἠνωμένα Ἀραβικὰ Ἐμιράτα",
	"US": "Ἡνωμένες Πολιτεῖες",
	"GB": "Ἡνωμένο Βασίλειο",
	"EA": "Θέουτα και Μελίγια",
	"JP": "Ἰαπωνία",
	"IN": "Ἰνδία",
	"ID": "Ἰνδονησία",
	"JO": "Ἰορδανία",
	"IQ": "Ἰράκ",
	"IR": "Ἰράν, Ἰσλαμικὴ Δημοκρατία τοῦ",
	"IE": "Ἰρλανδία",
	"GQ": "Ἰσημερινὴ Γουινέα",
	"EC": "Ἰσημερινός",
	"IS": "Ἰσλανδία",
	"ES": "Ἱσπανία",
	"IL": "Ἰσραήλ",
	"IT": "Ἰταλία",
	"KZ": "Καζακστάν",
	"CM": "Καμερούν",
	"KH": "Καμπότζη",
	"CA": "Καναδάς",
	"IC": "Κανάριοι Νήσοι",
	"QA": "Κατάρ",
	"CF": "Κεντροαφρικανικὴ Δημοκρατία",
	"KE": "Κένυα",
	"CN": "Κίνα",
	"KG": "Κιργιστάν",
	"KI": "Κιριμπάτι",
	"CO": "Κολομβία",
	"KM": "Κομόρες",
	"CG": "Κονγκό - Μπραζαβίλ",
	"CD": "Κονγκό, Λαϊκὴ Δημοκρατία τοῦ",
	"XK": "Κοσσυφοπέδιο",
	"CR": "Κόστα Ρίκα",
	"CU": "Κούβα",
	"KW": "Κουβέιτ",
	"CW": "Κουρασάο",
	"HR": "Κροατία",
	"CY": "Κύπρος",
	"LA": "Λατινικὴ Ἀμερική",
	"LS": "Λεσότο",
	"LV": "Λετονία",
	"BY": "Λευκορωσία",
	"LB": "Λίβανος",
	"LR": "Λιβερία",
	"LY": "Λιβύη",
	"LT": "Λιθουανία",
	"LI": "Λιχτενστάιν",
	"LU": "Λουξεμβοῦργο",
	"YT": "Μαγιότ",
	"MG": "Μαδαγασκάρη",
	"MO": "Μακάο, Εἰδικὴ Διοικητικὴ Περιφέρεια τῆς Κίνας",
	"MY": "Μαλαισία",
	"MW": "Μαλάουι",
	"MV": "Μαλδίβες",
	"ML": "Μαλί",
	"MT": "Μάλτα",
	"MA": "Μαρόκο",
	"MQ": "Μαρτινίκα",
	"MU": "Μαυρίκιος",
	"MR": "Μαυριτανία",
	"ME": "Μαυροβούνιο",
	"MX": "Μεξικό",
	"MM": "Μιανμάρ (Βιρμανία)",
	"FM": "Μικρονησία, Ὁμόσπονδες Πολιτεῖες τῆς",
	"MN": "Μογγολία",
	"MZ": "Μοζαμβίκη",
	"MD": "Μολδαβία, Δημοκρατία τῆς",
	"MC": "Μονακό",
	"MS": "Μονσεράτ",
	"BD": "Μπανγκλαντές",
	"BB": "Μπαρμπέιντος",
	"BS": "Μπαχάμες",
	"BH": "Μπαχρέιν",
	"BZ": "Μπελίζ",
	"BJ": "Μπενίν",
	"BW": "Μποτσουάνα",
	"BF": "Μπουρκίνα Φάσο",
	"BI": "Μπουρούντι",
	"BT": "Μπουτάν",
	"BN": "Μπρουνέι",
	"NA": "Ναμίμπια",
	"NR": "Ναουρού",
	"NZ": "Νέα Ζηλανδία",
	"NC": "Νέα Καληδονία",
	"NP": "Νεπάλ",
	"MP": "Νῆσοι Βόρειες Μαριάνες",
	"KY": "Νῆσοι Κέιμαν",
	"CC": "Νῆσοι Κόκος (Κήλινγκ)",
	"CK": "Νῆσοι Κούκ",
	"MH": "Νῆσοι Μάρσαλ",
	"GS": "Νήσοι Νότια Γεωργία και Νότιες Σάντουιτς",
	"AX": "Νήσοι Όλαντ",
	"WF": "Νῆσοι Οὐάλλις καὶ Φουτουνά",
	"PN": "Νήσοι Πίτκερν",
	"SJ": "Νῆσοι Σβάλμπαρ καὶ Γιὰν Μαγιέν",
	"SB": "Νῆσοι Σολομῶντος",
	"TC": "Νῆσοι Τὲρκς καὶ Κάικος",
	"FO": "Νῆσοι Φερόες",
	"FK": "Νήσοι Φόκλαντ",
	"HM": "Νῆσοι Χὲρντ καὶ Μακντόναλντ",
	"AC": "Νήσος Ασενσιόν",
	"CP": "Νήσος Κλίπερτον",
	"BV": "Νῆσος Μπουβέ",
	"NF": "Νῆσος Νόρφολκ",
	"IM": "Νήσος του Μαν",
	"CX": "Νῆσος Χριστουγέννων",
	"NE": "Νίγηρας",
	"NG": "Νιγηρία",
	"NI": "Νικαράγουα",
	"NU": "Νιούε",
	"NO": "Νορβηγία",
	"ZA": "Νότια Ἀφρική",
	"KR": "Νότια Κορέα",
	"SS": "Νότιο Σουδάν",
	"DG": "Ντιέγκο Γκαρσία",
	"DM": "Ντομίνικα",
	"NL": "Ὁλλανδία",
	"BQ": "Ολλανδία Καραϊβικής",
	"OM": "Ὀμάν",
	"HN": "Ὁνδούρα",
	"HU": "Οὑγγαρία",
	"UG": "Οὐγκάντα",
	"UZ": "Οὐζμπεκιστάν",
	"UA": "Οὐκρανία",
	"UY": "Οὐρουγουάη",
	"PK": "Πακιστάν",
	"PS": "Παλαιστινιακὰ Ἐδάφη",
	"PW": "Παλάου",
	"PA": "Παναμάς",
	"PG": "Παπούα Νέα Γουινέα",
	"PY": "Παραγουάη",
	"PE": "Περού",
	"PL": "Πολωνία",
	"PT": "Πορτογαλία",
	"PR": "Πουέρτο Ρίκο",
	"CV": "Πράσινο Ακρωτήριο",
	"RE": "Ρεϊνιόν",
	"RW": "Ρουάντα",
	"RO": "Ρουμανία",
	"RU": "Ρωσία",
	"KN": "Σαὶντ Κὶτς καὶ Νέβις",
	"PM": "Σαὶντ Πιὲρ καὶ Μικελόν",
	"WS": "Σαμόα",
	"ST": "Σάο Τομὲ καὶ Πρίνσιπε",
	"SA": "Σαουδικὴ Ἀραβία",
	"SN": "Σενεγάλη",
	"RS": "Σερβία",
	"SC": "Σεϋχέλλες",
	"SG": "Σιγκαπούρη",
	"SL": "Σιέρα Λεόνε",
	"SK": "Σλοβακία",
	"SI": "Σλοβενία",
	"SO": "Σομαλία",
	"SD": "Σουδάν",
	"SE": "Σουηδία",
	"SR": "Σουρινάμ",
	"LK": "Σρὶ Λάνκα",
	"SY": "Συρία, Ἀραβικὴ Δημοκρατία τῆς",
	"TW": "Ταϊβάν",
	"TH": "Ταϊλάνδη",
	"TZ": "Τανζανία",
	"TJ": "Τατζικιστάν",
	"JM": "Τζαμάικα",
	"JE": "Τζέρζι",
	"DJ": "Τζιμπουτί",
	"TG": "Τόγκο",
	"TK": "Τοκελάου",
	"TO": "Τόνγκα",
	"TV": "Τουβαλού",
	"TR": "Τουρκία",
	"TM": "Τουρκμενιστάν",
	"TT": "Τρινιδὰδ καὶ Τομπάγκο",
	"TA": "Τριστάν ντα Κούνια",
	"TD": "Τσάντ",
	"CZ": "Τσεχία",
	"TN": "Τυνησία",
	"YE": "Ὑεμένη",
	"PH": "Φιλιππίνες",
	"FI": "Φινλανδία",
	"FJ": "Φίτζι",
	"CL": "Χιλή",
	"HK": "Χὸνγκ Κόνγκ, Εἰδικὴ Διοικητικὴ Περιφέρεια τῆς Κίνας"
}