{
	"GH": "가나",
	"GA": "가봉",
	"GY": "가이아나",
	"GM": "감비아",
	"GG": "건지",
	"GP": "과들루프",
	"GT": "과테말라",
	"GU": "괌",
	"GD": "그레나다",
	"GR": "그리스",
	"GL": "그린란드",
	"GN": "기니",
	"GW": "기니비사우",
	"NA": "나미비아",
	"NR": "나우루",
	"NG": "나이지리아",
	"AQ": "남극 대륙",
	"SS": "남수단",
	"ZA": "남아프리카",
	"NL": "네덜란드",
	"BQ": "네덜란드령 카리브",
	"NP": "네팔",
	"NO": "노르웨이",
	"NF": "노퍽섬",
	"NZ": "뉴질랜드",
	"NC": "뉴칼레도니아",
	"NU": "니우에",
	"NE": "니제르",
	"NI": "니카라과",
	"TW": "대만",
	"KR": "대한민국",
	"DK": "덴마크",
	"DM": "도미니카",
	"DO": "도미니카 공화국",
	"DE": "독일",
	"TL": "동티모르",
	"DG": "디에고 가르시아",
	"LA": "라오스",
	"LR": "라이베리아",
	"LV": "라트비아",
	"RU": "러시아",
	"LB": "레바논",
	"LS": "레소토",
	"RE": "레위니옹",
	"RO": "루마니아",
	"LU": "룩셈부르크",
	"RW": "르완다",
	"LY": "리비아",
	"LT": "리투아니아",
	"LI": "리히텐슈타인",
	"MG": "마다가스카르",
	"MQ": "마르티니크",
	"MH": "마셜 제도",
	"YT": "마요트",
	"MO": "마카오(중국 특별행정구)",
	"MW": "말라위",
	"MY": "말레이시아",
	"ML": "말리",
	"IM": "맨섬",
	"MX": "멕시코",
	"MC": "모나코",
	"MA": "모로코",
	"MU": "모리셔스",
	"MR": "모리타니",
	"MZ": "모잠비크",
	"ME": "몬테네그로",
	"MS": "몬트세라트",
	"MD": "몰도바",
	"MV": "몰디브",
	"MT": "몰타",
	"MN": "몽골",
	"US": "미국",
	"VI": "미국령 버진아일랜드",
	"UM": "미국령 해외 제도",
	"MM": "미얀마",
	"FM": "미크로네시아",
	"VU": "바누아투",
	"BH": "바레인",
	"BB": "바베이도스",
	"VA": "바티칸 시국",
	"BS": "바하마",
	"BD": "방글라데시",
	"BM": "버뮤다",
	"BJ": "베냉",
	"VE": "베네수엘라",
	"VN": "베트남",
	"BE": "벨기에",
	"BY": "벨라루스",
	"BZ": "벨리즈",
	"BA": "보스니아 헤르체고비나",
	"BW": "보츠와나",
	"BO": "볼리비아",
	"BI": "부룬디",
	"BF": "부르키나파소",
	"BV": "부베섬",
	"BT": "부탄",
	"MP": "북마리아나제도",
	"MK": "북마케도니아",
	"BG": "불가리아",
	"BR": "브라질",
	"BN": "브루나이",
	"WS": "사모아",
	"SA": "사우디아라비아",
	"GS": "사우스조지아 사우스샌드위치 제도",
	"SM": "산마리노",
	"ST": "상투메 프린시페",
	"MF": "생마르탱",
	"BL": "생바르텔레미",
	"PM": "생피에르 미클롱",
	"EH": "서사하라",
	"SN": "세네갈",
	"RS": "세르비아",
	"EA": "세우타 및 멜리야",
	"SC": "세이셸",
	"LC": "세인트루시아",
	"VC": "세인트빈센트그레나딘",
	"KN": "세인트키츠 네비스",
	"SH": "세인트헬레나",
	"SO": "소말리아",
	"SB": "솔로몬 제도",
	"SD": "수단",
	"SR": "수리남",
	"LK": "스리랑카",
	"SJ": "스발바르제도-얀마웬섬",
	"SE": "스웨덴",
	"CH": "스위스",
	"ES": "스페인",
	"SK": "슬로바키아",
	"SI": "슬로베니아",
	"SY": "시리아",
	"SL": "시에라리온",
	"SX": "신트마르턴",
	"SG": "싱가포르",
	"AE": "아랍에미리트",
	"AW": "아루바",
	"AM": "아르메니아",
	"AR": "아르헨티나",
	"AS": "아메리칸 사모아",
	"IS": "아이슬란드",
	"HT": "아이티",
	"IE": "아일랜드",
	"AZ": "아제르바이잔",
	"AF": "아프가니스탄",
	"AD": "안도라",
	"AL": "알바니아",
	"DZ": "알제리",
	"AO": "앙골라",
	"AG": "앤티가 바부다",
	"AI": "앵귈라",
	"AC": "어센션섬",
	"ER": "에리트리아",
	"SZ": "에스와티니",
	"EE": "에스토니아",
	"EC": "에콰도르",
	"ET": "에티오피아",
	"SV": "엘살바도르",
	"GB": "영국",
	"VG": "영국령 버진아일랜드",
	"IO": "영국령 인도양 지역",
	"YE": "예멘",
	"OM": "오만",
	"AU": "오스트레일리아",
	"AT": "오스트리아",
	"HN": "온두라스",
	"AX": "올란드 제도",
	"WF": "왈리스-푸투나 제도",
	"JO": "요르단",
	"UG": "우간다",
	"UY": "우루과이",
	"UZ": "우즈베키스탄",
	"UA": "우크라이나",
	"IQ": "이라크",
	"IR": "이란",
	"IL": "이스라엘",
	"EG": "이집트",
	"IT": "이탈리아",
	"IN": "인도",
	"ID": "인도네시아",
	"JP": "일본",
	"JM": "자메이카",
	"ZM": "잠비아",
	"JE": "저지",
	"GQ": "적도 기니",
	"KP": "조선민주주의인민공화국",
	"GE": "조지아",
	"CN": "중국",
	"CF": "중앙 아프리카 공화국",
	"DJ": "지부티",
	"GI": "지브롤터",
	"ZW": "짐바브웨",
	"TD": "차드",
	"CZ": "체코",
	"CL": "칠레",
	"IC": "카나리아 제도",
	"CM": "카메룬",
	"CV": "카보베르데",
	"KZ": "카자흐스탄",
	"QA": "카타르",
	"KH": "캄보디아",
	"CA": "캐나다",
	"KE": "케냐",
	"KY": "케이맨 제도",
	"KM": "코모로",
	"XK": "코소보",
	"CR": "코스타리카",
	"CC": "코코스 제도",
	"CI": "코트디부아르",
	"CO": "콜롬비아",
	"CG": "콩고-브라자빌",
	"CD": "콩고-킨샤사",
	"CU": "쿠바",
	"KW": "쿠웨이트",
	"CK": "쿡 제도",
	"CW": "퀴라소",
	"HR": "크로아티아",
	"CX": "크리스마스섬",
	"CP": "클리퍼턴섬",
	"KG": "키르기스스탄",
	"KI": "키리바시",
	"CY": "키프로스",
	"TJ": "타지키스탄",
	"TZ": "탄자니아",
	"TH": "태국",
	"TC": "터크스 케이커스 제도",
	"TG": "토고",
	"TK": "토켈라우",
	"TO": "통가",
	"TM": "투르크메니스탄",
	"TV": "투발루",
	"TN": "튀니지",
	"TR": "튀르키예",
	"TT": "트리니다드 토바고",
	"TA": "트리스탄다쿠나",
	"PA": "파나마",
	"PY": "파라과이",
	"PK": "파키스탄",
	"PG": "파푸아뉴기니",
	"PW": "팔라우",
	"PS": "팔레스타인 지구",
	"FO": "페로 제도",
	"PE": "페루",
	"PT": "포르투갈",
	"FK": "포클랜드 제도",
	"PL": "폴란드",
	"PR": "푸에르토리코",
	"FR": "프랑스",
	"GF": "프랑스령 기아나",
	"TF": "프랑스령 남방 지역",
	"PF": "프랑스령 폴리네시아",
	"FJ": "피지",
	"FI": "핀란드",
	"PH": "필리핀",
	"PN": "핏케언 제도",
	"HM": "허드 맥도널드 제도",
	"HU": "헝가리",
	"HK": "홍콩(중국 특별행정구)"
}