{
	"country_code": "AR",
	"subdivisions": {
		"B": {
			"name": "Buenos Aires"
		},
		"K": {
			"name": "Catamarca"
		},
		"H": {
			"name": "Chaco"
		},
		"U": {
			"name": "Chubut"
		},
		"C": {
			"name": "Ciudad Autónoma de Buenos Aires"
		},
		"X": {
			"name": "Córdoba"
		},
		"W": {
			"name": "Corrientes"
		},
		"E": {
			"name": "Entre Ríos"
		},
		"P": {
			"name": "Formosa"
		},
		"Y": {
			"name": "Jujuy"
		},
		"L": {
			"name": "La Pampa"
		},
		"F": {
			"name": "La Rioja"
		},
		"M": {
			"name": "Mendoza"
		},
		"N": {
			"name": "Misiones"
		},
		"Q": {
			"name": "Neuquén"
		},
		"R": {
			"name": "Río Negro"
		},
		"A": {
			"name": "Salta"
		},
		"J": {
			"name": "San Juan"
		},
		"D": {
			"name": "San Luis"
		},
		"Z": {
			"name": "Santa Cruz"
		},
		"S": {
			"name": "Santa Fe"
		},
		"G": {
			"name": "Santiago del Estero"
		},
		"V": {
			"name": "Tierra del Fuego"
		},
		"T": {
			"name": "Tucumán"
		}
	}
}