{
	"country_code": "CL",
	"parents": [
		"CL",
		"AR"
	],
	"subdivisions": {
		"Angol": [],
		"Carahue": [],
		"Cholchol": [],
		"Collipulli": [],
		"Cunco": [],
		"Curacautín": [],
		"Curarrehue": [],
		"Ercilla": [],
		"Freire": [],
		"Galvarino": [],
		"Gorbea": [],
		"Lautaro": [],
		"Loncoche": [],
		"Lonquimay": [],
		"Los Sauces": [],
		"Lumaco": [],
		"Melipeuco": [],
		"Nueva Imperial": [],
		"Padre Las Casas": [],
		"Perquenco": [],
		"Pitrufquén": [],
		"Pucón": [],
		"Purén": [],
		"Renaico": [],
		"Saavedra": [],
		"Temuco": [],
		"Teodoro Schmidt": [],
		"Toltén": [],
		"Traiguén": [],
		"Victoria": [],
		"Vilcún": [],
		"Villarrica": []
	}
}