{
	"country_code": "CL",
	"parents": [
		"CL",
		"BI"
	],
	"subdivisions": {
		"Alto Biobío": [],
		"Antuco": [],
		"Arauco": [],
		"Cabrero": [],
		"Cañete": [],
		"Chiguayante": [],
		"Concepción": [],
		"Contulmo": [],
		"Coronel": [],
		"Curanilahue": [],
		"Florida": [],
		"Hualpén": [],
		"Hualqui": [],
		"Laja": [],
		"Lebu": [],
		"Los Álamos": [],
		"Los Ángeles": [],
		"Lota": [],
		"Mulchén": [],
		"Nacimiento": [],
		"Negrete": [],
		"Penco": [],
		"Quilaco": [],
		"Quilleco": [],
		"San Pedro de la Paz": [],
		"San Rosendo": [],
		"Santa Bárbara": [],
		"Santa Juana": [],
		"Talcahuano": [],
		"Tirúa": [],
		"Tomé": [],
		"Tucapel": [],
		"Yumbel": [],
		"Yungay": []
	}
}