{
	"country_code": "CL",
	"parents": [
		"CL",
		"LI"
	],
	"subdivisions": {
		"Chépica": [],
		"Chimbarongo": [],
		"Codegua": [],
		"Coínco": [],
		"Coltauco": [],
		"Doñihue": [],
		"Graneros": [],
		"La Estrella": [],
		"Las Cabras": [],
		"Litueche": [],
		"Lolol": [],
		"Machalí": [],
		"Malloa": [],
		"Marchigüe": [],
		"Nancagua": [],
		"Navidad": [],
		"Olivar": [],
		"Palmilla": [],
		"Paredones": [],
		"Peralillo": [],
		"Peumo": [],
		"Pichidegua": [],
		"Pichilemu": [],
		"Placilla": [],
		"Pumanque": [],
		"Quinta de Tilcoco": [],
		"Rancagua": [],
		"Rengo": [],
		"Requínoa": [],
		"San Fernando": [],
		"San Francisco de Mostazal": [],
		"San Vicente de Tagua Tagua": [],
		"Santa Cruz": []
	}
}