{
	"country_code": "CL",
	"parents": [
		"CL",
		"LL"
	],
	"subdivisions": {
		"Ancud": [],
		"Calbuco": [],
		"Castro": [],
		"Chaitén": [],
		"Chonchi": [],
		"Cochamó": [],
		"Curaco de Vélez": [],
		"Dalcahue": [],
		"Fresia": [],
		"Frutillar": [],
		"Futaleufú": [],
		"Hualaihué": [],
		"Llanquihue": [],
		"Los Muermos": [],
		"Maullín": [],
		"Osorno": [],
		"Palena": [],
		"Puerto Montt": [],
		"Puerto Octay": [],
		"Puerto Varas": [],
		"Puqueldón": [],
		"Purranque": [],
		"Puyehue": [],
		"Queilén": [],
		"Quellón": [],
		"Quemchi": [],
		"Quinchao": [],
		"Río Negro": [],
		"San Juan de la Costa": [],
		"San Pablo": []
	}
}