{
	"country_code": "CL",
	"parents": [
		"CL",
		"VS"
	],
	"subdivisions": {
		"Algarrobo": [],
		"Cabildo": [],
		"Calle Larga": [],
		"Cartagena": [],
		"Casablanca": [],
		"Catemu": [],
		"Concón": [],
		"El Quisco": [],
		"El Tabo": [],
		"Hijuelas": [],
		"Isla de Pascua": [],
		"Juan Fernández": [],
		"La Calera": [],
		"La Cruz": [],
		"La Ligua": [],
		"Limache": [],
		"Llaillay": [],
		"Los Andes": [],
		"Nogales": [],
		"Olmué": [],
		"Panquehue": [],
		"Papudo": [],
		"Petorca": [],
		"Puchuncaví": [],
		"Putaendo": [],
		"Quillota": [],
		"Quilpué": [],
		"Quintero": [],
		"Rinconada": [],
		"San Antonio": [],
		"San Esteban": [],
		"San Felipe": [],
		"Santa María": [],
		"Santo Domingo": [],
		"Valparaíso": [],
		"Villa Alemana": [],
		"Viña del Mar": [],
		"Zapallar": []
	}
}