{
	"country_code": "CN",
	"parents": [
		"CN",
		"XJ",
		"Tacheng Diqu"
	],
	"locale": "zh-Hans",
	"subdivisions": {
		"Emin Xian": {
			"local_name": "额敏县"
		},
		"Hoboksar Xian": {
			"local_code": "和布克赛尔蒙古自治县",
			"local_name": "和布克赛尔县"
		},
		"Shawan Xian": {
			"local_name": "沙湾县"
		},
		"Tachung Shi": {
			"local_name": "塔城市"
		},
		"Toli Xian": {
			"local_name": "托里县"
		},
		"Usu Shi": {
			"local_name": "乌苏市"
		},
		"Yumin Xian": {
			"local_name": "裕民县"
		}
	}
}