{
	"country_code": "CN",
	"parents": [
		"CN",
		"GS",
		"Tianshui Shi"
	],
	"locale": "zh-Hans",
	"subdivisions": {
		"Gangu Xian": {
			"local_name": "甘谷县"
		},
		"Maiji Qu": {
			"local_name": "麦积区"
		},
		"Qin'an Xian": {
			"local_name": "秦安县"
		},
		"Qinzhou Qu": {
			"local_name": "秦州区"
		},
		"Qingshui Xian": {
			"local_name": "清水县"
		},
		"Wushan Xian": {
			"local_name": "武山县"
		},
		"Zhangjiachuan Xian": {
			"local_code": "张家川回族自治县",
			"local_name": "张家川县"
		}
	}
}