{
	"country_code": "CN",
	"parents": [
		"CN",
		"JS",
		"Huai'an Shi"
	],
	"locale": "zh-Hans",
	"subdivisions": {
		"Chuzhou Qu": {
			"local_name": "楚州区"
		},
		"Hongze Xian": {
			"local_name": "洪泽县"
		},
		"Huaiyin Qu": {
			"local_name": "淮阴区"
		},
		"Jinhu Xian": {
			"local_name": "金湖县"
		},
		"Lianshui Xian": {
			"local_name": "涟水县"
		},
		"Qinghe Qu": {
			"local_name": "清河区"
		},
		"Qingpu Qu": {
			"local_name": "清浦区"
		},
		"Xuyi Xian": {
			"local_name": "盱眙县"
		}
	}
}