{
	"country_code": "CN",
	"parents": [
		"CN",
		"XZ",
		"Nagqu Diqu"
	],
	"locale": "zh-Hans",
	"subdivisions": {
		"Amdo Xian": {
			"local_name": "安多县"
		},
		"Baqên Xian": {
			"local_name": "巴青县"
		},
		"Bangoin Xian": {
			"local_name": "班戈县"
		},
		"Biru Xian": {
			"local_name": "比如县"
		},
		"Lhari Xian": {
			"local_name": "嘉黎县"
		},
		"Nagqu Xian": {
			"local_name": "那曲县"
		},
		"Nyima Xian": {
			"local_name": "尼玛县"
		},
		"Nyainrong Xian": {
			"local_name": "聂荣县"
		},
		"Xainza Xian": {
			"local_name": "申扎县"
		},
		"Sog Xian": {
			"local_name": "索县"
		}
	}
}