{
	"country_code": "CN",
	"parents": [
		"CN",
		"NM",
		"Bayannur Shi"
	],
	"locale": "zh-Hans",
	"subdivisions": {
		"Dengkou Xian": {
			"local_name": "磴口县"
		},
		"Hanggin Houqi": {
			"local_name": "杭锦后旗"
		},
		"Linhe Qu": {
			"local_name": "临河区"
		},
		"Urad Houqi": {
			"local_name": "乌拉特后旗"
		},
		"Urad Qianqi": {
			"local_name": "乌拉特前旗"
		},
		"Urad Zhongqi": {
			"local_name": "乌拉特中旗"
		},
		"Wuyuan Xian": {
			"local_name": "五原县"
		}
	}
}