{
	"country_code": "CN",
	"parents": [
		"CN",
		"HL",
		"Qiqihar Shi"
	],
	"locale": "zh-Hans",
	"subdivisions": {
		"Ang'angxi Qu": {
			"local_name": "昂昂溪区"
		},
		"Baiquan Xian": {
			"local_name": "拜泉县"
		},
		"Hulan Ergi Qu": {
			"local_name": "富拉尔基区"
		},
		"Fuyu Xian": {
			"local_name": "富裕县"
		},
		"Gannan Xian": {
			"local_name": "甘南县"
		},
		"Jianhua Qu": {
			"local_name": "建华区"
		},
		"Kedong Xian": {
			"local_name": "克东县"
		},
		"Keshan Xian": {
			"local_name": "克山县"
		},
		"Longjiang Xian": {
			"local_name": "龙江县"
		},
		"Longsha Qu": {
			"local_name": "龙沙区"
		},
		"Meilisi Daurzu Qu": {
			"local_name": "梅里斯达斡尔族区"
		},
		"Nehe Shi": {
			"local_name": "讷河市"
		},
		"Nianzishan Qu": {
			"local_name": "碾子山区"
		},
		"Tailai Xian": {
			"local_name": "泰来县"
		},
		"Tiefeng Qu": {
			"local_name": "铁锋区"
		},
		"Yi'an Xian": {
			"local_name": "依安县"
		}
	}
}