{
	"country_code": "CN",
	"parents": [
		"CN",
		"HB",
		"Xiangyang Shi"
	],
	"locale": "zh-Hans",
	"subdivisions": {
		"Baokang Xian": {
			"local_name": "保康县"
		},
		"Fancheng Qu": {
			"local_name": "樊城区"
		},
		"Gucheng Xian": {
			"local_name": "谷城县"
		},
		"Laohekou Shi": {
			"local_name": "老河口市"
		},
		"Nanzhang Xian": {
			"local_name": "南漳县"
		},
		"Xiangcheng Qu": {
			"local_name": "襄城区"
		},
		"Xiangzhou Qu": {
			"local_name": "襄州区"
		},
		"Yicheng Shi": {
			"local_name": "宜城市"
		},
		"Zaoyang Shi": {
			"local_name": "枣阳市"
		}
	}
}