{
	"country_code": "CN",
	"parents": [
		"CN",
		"JS",
		"Yancheng Shi"
	],
	"locale": "zh-Hans",
	"subdivisions": {
		"Binhai Xian": {
			"local_name": "滨海县"
		},
		"Dafeng Shi": {
			"local_name": "大丰市"
		},
		"Dongtai Shi": {
			"local_name": "东台市"
		},
		"Funing Xian": {
			"local_name": "阜宁县"
		},
		"Jianhu Xian": {
			"local_name": "建湖县"
		},
		"Sheyang Xian": {
			"local_name": "射阳县"
		},
		"Tinghu Qu": {
			"local_name": "亭湖区"
		},
		"Xiangshui Xian": {
			"local_name": "响水县"
		},
		"Yandu Qu": {
			"local_name": "盐都区"
		}
	}
}