{
	"country_code": "CN",
	"parents": [
		"CN",
		"QH",
		"Xining Shi"
	],
	"locale": "zh-Hans",
	"subdivisions": {
		"Chengbei Qu": {
			"local_name": "城北区"
		},
		"Chengdong Qu": {
			"local_name": "城东区"
		},
		"Chengxi Qu": {
			"local_name": "城西区"
		},
		"Chengzhong Qu": {
			"local_name": "城中区"
		},
		"Datong Xian": {
			"local_code": "大通回族土族自治县",
			"local_name": "大通县"
		},
		"Huangyuan Xian": {
			"local_name": "湟源县"
		},
		"Huangzhong Xian": {
			"local_name": "湟中县"
		}
	}
}