{
	"country_code": "CN",
	"parents": [
		"CN",
		"YN",
		"Honghe Zhou"
	],
	"locale": "zh-Hans",
	"subdivisions": {
		"Gejiu Shi": {
			"local_name": "个旧市"
		},
		"Hekou Xian": {
			"local_code": "河口瑶族自治县",
			"local_name": "河口县"
		},
		"Honghe Xian": {
			"local_name": "红河县"
		},
		"Jianshui Xian": {
			"local_name": "建水县"
		},
		"Jinping Xian": {
			"local_code": "金平苗族瑶族傣族自治县",
			"local_name": "金平县"
		},
		"Kaiyuan Shi": {
			"local_name": "开远市"
		},
		"Luxi Xian": {
			"local_name": "泸西县"
		},
		"Lüchun Xian": {
			"local_name": "绿春县"
		},
		"Mengzi Shi": {
			"local_name": "蒙自市"
		},
		"Mile Xian": {
			"local_name": "弥勒县"
		},
		"Pingbian Xian": {
			"local_code": "屏边苗族自治县",
			"local_name": "屏边县"
		},
		"Shiping Xian": {
			"local_name": "石屏县"
		},
		"Yuanyang Xian": {
			"local_name": "元阳县"
		}
	}
}