{
	"country_code": "CN",
	"parents": [
		"CN",
		"GD",
		"Zhaoqing Shi"
	],
	"locale": "zh-Hans",
	"subdivisions": {
		"Deqing Xian": {
			"local_name": "德庆县"
		},
		"Dinghu Qu": {
			"local_name": "鼎湖区"
		},
		"Duanzhou Qu": {
			"local_name": "端州区"
		},
		"Fengkai Xian": {
			"local_name": "封开县"
		},
		"Gaoyao Shi": {
			"local_name": "高要市"
		},
		"Guangning Xian": {
			"local_name": "广宁县"
		},
		"Huaiji Xian": {
			"local_name": "怀集县"
		},
		"Sihui Shi": {
			"local_name": "四会市"
		}
	}
}