{
	"country_code": "CN",
	"parents": [
		"CN",
		"XJ",
		"Bayingolin Zhou"
	],
	"locale": "zh-Hans",
	"subdivisions": {
		"Bohu Xian": {
			"local_name": "博湖县"
		},
		"Hejing Xian": {
			"local_name": "和静县"
		},
		"Hoxud Xian": {
			"local_name": "和硕县"
		},
		"Korla Shi": {
			"local_name": "库尔勒市"
		},
		"Luntai Xian": {
			"local_name": "轮台县"
		},
		"Qiemo Xian": {
			"local_name": "且末县"
		},
		"Ruoqiang Xian": {
			"local_name": "若羌县"
		},
		"Yuli Xian": {
			"local_name": "尉犁县"
		},
		"Yanqi Xian": {
			"local_code": "焉耆回族自治县",
			"local_name": "焉耆县"
		}
	}
}