{
	"country_code": "CN",
	"parents": [
		"CN",
		"FJ",
		"Zhangzhou Shi"
	],
	"locale": "zh-Hans",
	"subdivisions": {
		"Dongshan Xian": {
			"local_name": "东山县"
		},
		"Hua'an Xian": {
			"local_name": "华安县"
		},
		"Longhai Shi": {
			"local_name": "龙海市"
		},
		"Longwen Qu": {
			"local_name": "龙文区"
		},
		"Nanjing Xian": {
			"local_name": "南靖县"
		},
		"Pinghe Xian": {
			"local_name": "平和县"
		},
		"Xiangcheng Qu": {
			"local_name": "芗城区"
		},
		"Yunxiao Xian": {
			"local_name": "云霄县"
		},
		"Zhangpu Xian": {
			"local_name": "漳浦县"
		},
		"Changtai Xian": {
			"local_name": "长泰县"
		},
		"Zhao'an Xian": {
			"local_name": "诏安县"
		}
	}
}