{
	"country_code": "CN",
	"parents": [
		"CN",
		"QH",
		"Haidong Shi"
	],
	"locale": "zh-Hans",
	"subdivisions": {
		"Huzhu Xian": {
			"local_code": "互助土族自治县",
			"local_name": "互助县"
		},
		"Hualong Xian": {
			"local_code": "化隆回族自治县",
			"local_name": "化隆县"
		},
		"Ledu Qu": {
			"local_name": "乐都区"
		},
		"Minhe Xian": {
			"local_code": "民和回族土族自治县",
			"local_name": "民和县"
		},
		"Ping'an Xian": {
			"local_name": "平安县"
		},
		"Xunhua Xian": {
			"local_code": "循化撒拉族自治县",
			"local_name": "循化县"
		}
	}
}