{
	"country_code": "CN",
	"parents": [
		"CN",
		"JX",
		"Nanchang Shi"
	],
	"locale": "zh-Hans",
	"subdivisions": {
		"Anyi Xian": {
			"local_name": "安义县"
		},
		"Donghu Qu": {
			"local_name": "东湖区"
		},
		"Jinxian Xian": {
			"local_name": "进贤县"
		},
		"Nanchang Xian": {
			"local_name": "南昌县"
		},
		"Qingshanhu Qu": {
			"local_name": "青山湖区"
		},
		"Qingyunpu Qu": {
			"local_name": "青云谱区"
		},
		"Wanli Qu": {
			"local_name": "湾里区"
		},
		"Xihu Qu": {
			"local_name": "西湖区"
		},
		"Xinjian Xian": {
			"local_name": "新建县"
		}
	}
}