{
	"country_code": "CN",
	"parents": [
		"CN",
		"TW",
		"Yilan County"
	],
	"locale": "zh-Hans",
	"subdivisions": {
		"Datong Township": {
			"local_name": "大同鄉"
		},
		"Dongshan Township": {
			"local_name": "冬山鄉"
		},
		"Jiaoxi Township": {
			"local_name": "礁溪鄉"
		},
		"Luodong Township": {
			"local_name": "羅東鎮"
		},
		"Nan'ao Township": {
			"local_name": "南澳鄉"
		},
		"Sanxing Township": {
			"local_name": "三星鄉"
		},
		"Su'ao Township": {
			"local_name": "蘇澳鎮"
		},
		"Toucheng Township": {
			"local_name": "頭城鎮"
		},
		"Wujie Township": {
			"local_name": "五結鄉"
		},
		"Yilan City": {
			"local_name": "宜蘭市"
		},
		"Yuanshan Township": {
			"local_name": "員山鄉"
		},
		"Zhuangwei Township": {
			"local_name": "壯圍鄉"
		}
	}
}