{
	"country_code": "CN",
	"parents": [
		"CN",
		"SC",
		"Aba Zangzuqiangzuzizhizhou"
	],
	"locale": "zh-Hans",
	"subdivisions": {
		"Aba Xian": {
			"local_name": "阿坝县"
		},
		"Heishui Xian": {
			"local_name": "黑水县"
		},
		"Hongyuan Xian": {
			"local_name": "红原县"
		},
		"Jinchuan Xian": {
			"local_name": "金川县"
		},
		"Jiuzhaigou Xian": {
			"local_name": "九寨沟县"
		},
		"Li Xian": {
			"local_name": "理县"
		},
		"Barkam Xian": {
			"local_name": "马尔康县"
		},
		"Mao Xian": {
			"local_name": "茂县"
		},
		"Zamtang Xian": {
			"local_name": "壤塘县"
		},
		"Zoǐgê Xian": {
			"local_name": "若尔盖县"
		},
		"Songpan Xian": {
			"local_name": "松潘县"
		},
		"Wenchuan Xian": {
			"local_name": "汶川县"
		},
		"Xiaojin Xian": {
			"local_name": "小金县"
		}
	}
}