{
	"country_code": "CN",
	"parents": [
		"CN",
		"SX",
		"Yuncheng Shi"
	],
	"locale": "zh-Hans",
	"subdivisions": {
		"Hejin Shi": {
			"local_name": "河津市"
		},
		"Jishan Xian": {
			"local_name": "稷山县"
		},
		"Jiang Xian": {
			"local_name": "绛县"
		},
		"Linyi Xian": {
			"local_name": "临猗县"
		},
		"Pinglu Xian": {
			"local_name": "平陆县"
		},
		"Ruicheng Xian": {
			"local_name": "芮城县"
		},
		"Wanrong Xian": {
			"local_name": "万荣县"
		},
		"Wenxi Xian": {
			"local_name": "闻喜县"
		},
		"Xia Xian": {
			"local_name": "夏县"
		},
		"Xinjiang Xian": {
			"local_name": "新绛县"
		},
		"Yanhu Qu": {
			"local_name": "盐湖区"
		},
		"Yongji Shi": {
			"local_name": "永济市"
		},
		"Yuanqu Xian": {
			"local_name": "垣曲县"
		}
	}
}