{
	"country_code": "CN",
	"parents": [
		"CN",
		"ZJ",
		"Wenzhou Shi"
	],
	"locale": "zh-Hans",
	"subdivisions": {
		"Cangnan Xian": {
			"local_name": "苍南县"
		},
		"Dongtou Xian": {
			"local_name": "洞头县"
		},
		"Yueqing Shi": {
			"local_name": "乐清市"
		},
		"Longwan Qu": {
			"local_name": "龙湾区"
		},
		"Lucheng Qu": {
			"local_name": "鹿城区"
		},
		"Ouhai Qu": {
			"local_name": "瓯海区"
		},
		"Pingyang Xian": {
			"local_name": "平阳县"
		},
		"Rui'an Shi": {
			"local_name": "瑞安市"
		},
		"Taishun Xian": {
			"local_name": "泰顺县"
		},
		"Wencheng Xian": {
			"local_name": "文成县"
		},
		"Yongjia Xian": {
			"local_name": "永嘉县"
		}
	}
}