{
	"country_code": "CN",
	"parents": [
		"CN",
		"LN",
		"Benxi Shi"
	],
	"locale": "zh-Hans",
	"subdivisions": {
		"Benxi Xian": {
			"local_code": "本溪满族自治县",
			"local_name": "本溪县"
		},
		"Huanren Xian": {
			"local_code": "桓仁满族自治县",
			"local_name": "桓仁县"
		},
		"Mingshan Qu": {
			"local_name": "明山区"
		},
		"Nanfen Qu": {
			"local_name": "南芬区"
		},
		"Pingshan Qu": {
			"local_name": "平山区"
		},
		"Xihu Qu": {
			"local_name": "溪湖区"
		}
	}
}