{
	"country_code": "CN",
	"parents": [
		"CN",
		"HN",
		"Yueyang Shi"
	],
	"locale": "zh-Hans",
	"subdivisions": {
		"Huarong Xian": {
			"local_name": "华容县"
		},
		"Junshan Qu": {
			"local_name": "君山区"
		},
		"Linxiang Shi": {
			"local_name": "临湘市"
		},
		"Miluo Shi": {
			"local_name": "汨罗市"
		},
		"Pingjiang Xian": {
			"local_name": "平江县"
		},
		"Xiangyin Xian": {
			"local_name": "湘阴县"
		},
		"Yueyanglou Qu": {
			"local_name": "岳阳楼区"
		},
		"Yueyang Xian": {
			"local_name": "岳阳县"
		},
		"Yunxi Qu": {
			"local_name": "云溪区"
		}
	}
}