{
	"country_code": "CN",
	"parents": [
		"CN",
		"GZ",
		"Guiyang Shi"
	],
	"locale": "zh-Hans",
	"subdivisions": {
		"Baiyun Qu": {
			"local_name": "白云区"
		},
		"Guanshanhu Qu": {
			"local_name": "观山湖区"
		},
		"Huaxi Qu": {
			"local_name": "花溪区"
		},
		"Kaiyang Xian": {
			"local_name": "开阳县"
		},
		"Nanming Qu": {
			"local_name": "南明区"
		},
		"Qingzhen Shi": {
			"local_name": "清镇市"
		},
		"Wudang Qu": {
			"local_name": "乌当区"
		},
		"Xifeng Xian": {
			"local_name": "息烽县"
		},
		"Xiuwen Xian": {
			"local_name": "修文县"
		},
		"Yunyan Qu": {
			"local_name": "云岩区"
		}
	}
}