{
	"country_code": "CN",
	"parents": [
		"CN",
		"SD",
		"Qingdao Shi"
	],
	"locale": "zh-Hans",
	"subdivisions": {
		"Chengyang Qu": {
			"local_name": "城阳区"
		},
		"Huangdao Qu": {
			"local_name": "黄岛区"
		},
		"Jimo Shi": {
			"local_name": "即墨市"
		},
		"Jiaonan Shi": {
			"local_name": "胶南市"
		},
		"Jiaozhou Shi": {
			"local_name": "胶州市"
		},
		"Laixi Shi": {
			"local_name": "莱西市"
		},
		"Laoshan Qu": {
			"local_name": "崂山区"
		},
		"Licang Qu": {
			"local_name": "李沧区"
		},
		"Pingdu Shi": {
			"local_name": "平度市"
		},
		"Shibei Qu": {
			"local_name": "市北区"
		},
		"Shinan Qu": {
			"local_name": "市南区"
		},
		"Sifang Qu": {
			"local_name": "四方区"
		}
	}
}