{
	"country_code": "CN",
	"parents": [
		"CN",
		"YN",
		"Zhaotong Shi"
	],
	"locale": "zh-Hans",
	"subdivisions": {
		"Daguan Xian": {
			"local_name": "大关县"
		},
		"Ludian Xian": {
			"local_name": "鲁甸县"
		},
		"Qiaojia Xian": {
			"local_name": "巧家县"
		},
		"Shuifu Xian": {
			"local_name": "水富县"
		},
		"Suijiang Xian": {
			"local_name": "绥江县"
		},
		"Weixin Xian": {
			"local_name": "威信县"
		},
		"Yanjin Xian": {
			"local_name": "盐津县"
		},
		"Yiliang Xian": {
			"local_name": "彝良县"
		},
		"Yongshan Xian": {
			"local_name": "永善县"
		},
		"Zhaoyang Qu": {
			"local_name": "昭阳区"
		},
		"Zhenxiong Xian": {
			"local_name": "镇雄县"
		}
	}
}