{
	"country_code": "CN",
	"parents": [
		"CN",
		"GS",
		"Linxia Zhou"
	],
	"locale": "zh-Hans",
	"subdivisions": {
		"Dongxiangzu Xian": {
			"local_code": "东乡族自治县",
			"local_name": "东乡族县"
		},
		"Guanghe Xian": {
			"local_name": "广河县"
		},
		"Hezheng Xian": {
			"local_name": "和政县"
		},
		"Jishishan Xian": {
			"local_code": "积石山保安族东乡族撒拉族自治县",
			"local_name": "积石山县"
		},
		"Kangle Xian": {
			"local_name": "康乐县"
		},
		"Linxia Shi": {
			"local_name": "临夏市"
		},
		"Linxia Xian": {
			"local_name": "临夏县"
		},
		"Yongjing Xian": {
			"local_name": "永靖县"
		}
	}
}