{
	"country_code": "CN",
	"parents": [
		"CN",
		"HE",
		"Qinhuangdao Shi"
	],
	"locale": "zh-Hans",
	"subdivisions": {
		"Beidaihe Qu": {
			"local_name": "北戴河区"
		},
		"Changli Xian": {
			"local_name": "昌黎县"
		},
		"Funing Xian": {
			"local_name": "抚宁县"
		},
		"Haigang Qu": {
			"local_name": "海港区"
		},
		"Lulong Xian": {
			"local_name": "卢龙县"
		},
		"Qinglong Xian": {
			"local_code": "青龙满族自治县",
			"local_name": "青龙县"
		},
		"Shanhaiguan Qu": {
			"local_name": "山海关区"
		}
	}
}