{
	"country_code": "CN",
	"parents": [
		"CN",
		"JL",
		"Yanbian Zhou"
	],
	"locale": "zh-Hans",
	"subdivisions": {
		"Antu Xian": {
			"local_name": "安图县"
		},
		"Dunhua Shi": {
			"local_name": "敦化市"
		},
		"Helong Shi": {
			"local_name": "和龙市"
		},
		"Hunchun Shi": {
			"local_name": "珲春市"
		},
		"Longjing Shi": {
			"local_name": "龙井市"
		},
		"Tumen Shi": {
			"local_name": "图们市"
		},
		"Wangqing Xian": {
			"local_name": "汪清县"
		},
		"Yanji Shi": {
			"local_name": "延吉市"
		}
	}
}