{
	"country_code": "CN",
	"parents": [
		"CN",
		"SD",
		"Heze Shi"
	],
	"locale": "zh-Hans",
	"subdivisions": {
		"Cao Xian": {
			"local_name": "曹县"
		},
		"Chengwu Xian": {
			"local_name": "成武县"
		},
		"Shan Xian": {
			"local_name": "单县"
		},
		"Dingtao Xian": {
			"local_name": "定陶县"
		},
		"Dongming Xian": {
			"local_name": "东明县"
		},
		"Juye Xian": {
			"local_name": "巨野县"
		},
		"Juancheng Xian": {
			"local_name": "鄄城县"
		},
		"Mudan Qu": {
			"local_name": "牡丹区"
		},
		"Yuncheng Xian": {
			"local_name": "郓城县"
		}
	}
}