{
	"country_code": "CN",
	"parents": [
		"CN",
		"HE",
		"Langfang Shi"
	],
	"locale": "zh-Hans",
	"subdivisions": {
		"Anci Qu": {
			"local_name": "安次区"
		},
		"Bazhou Shi": {
			"local_name": "霸州市"
		},
		"Dachang Xian": {
			"local_code": "大厂回族自治县",
			"local_name": "大厂县"
		},
		"Daicheng Xian": {
			"local_name": "大城县"
		},
		"Gu'an Xian": {
			"local_name": "固安县"
		},
		"Guangyang Qu": {
			"local_name": "广阳区"
		},
		"Sanhe Shi": {
			"local_name": "三河市"
		},
		"Wen'an Xian": {
			"local_name": "文安县"
		},
		"Xianghe Xian": {
			"local_name": "香河县"
		},
		"Yongqing Xian": {
			"local_name": "永清县"
		}
	}
}