{
	"country_code": "CN",
	"parents": [
		"CN",
		"HA",
		"Anyang Shi"
	],
	"locale": "zh-Hans",
	"subdivisions": {
		"Anyang Xian": {
			"local_name": "安阳县"
		},
		"Beiguan Qu": {
			"local_name": "北关区"
		},
		"Hua Xian": {
			"local_name": "滑县"
		},
		"Linzhou Shi": {
			"local_name": "林州市"
		},
		"Long'an Qu": {
			"local_name": "龙安区"
		},
		"Neihuang Xian": {
			"local_name": "内黄县"
		},
		"Tangyin Xian": {
			"local_name": "汤阴县"
		},
		"Wenfeng Qu": {
			"local_name": "文峰区"
		},
		"Yindou Qu": {
			"local_name": "殷都区"
		}
	}
}