{
	"country_code": "CN",
	"parents": [
		"CN",
		"SC",
		"Liangshan Zhou"
	],
	"locale": "zh-Hans",
	"subdivisions": {
		"Butuo Xian": {
			"local_name": "布拖县"
		},
		"Dechang Xian": {
			"local_name": "德昌县"
		},
		"Ganluo Xian": {
			"local_name": "甘洛县"
		},
		"Huidong Xian": {
			"local_name": "会东县"
		},
		"Huili Xian": {
			"local_name": "会理县"
		},
		"Jinyang Xian": {
			"local_name": "金阳县"
		},
		"Leibo Xian": {
			"local_name": "雷波县"
		},
		"Meigu Xian": {
			"local_name": "美姑县"
		},
		"Mianning Xian": {
			"local_name": "冕宁县"
		},
		"Muli Xian": {
			"local_code": "木里藏族自治县",
			"local_name": "木里县"
		},
		"Ningnan Xian": {
			"local_name": "宁南县"
		},
		"Puge Xian": {
			"local_name": "普格县"
		},
		"Xichang Shi": {
			"local_name": "西昌市"
		},
		"Xide Xian": {
			"local_name": "喜德县"
		},
		"Yanyuan Xian": {
			"local_name": "盐源县"
		},
		"Yuexi Xian": {
			"local_name": "越西县"
		},
		"Zhaojue Xian": {
			"local_name": "昭觉县"
		}
	}
}