{
	"country_code": "CN",
	"parents": [
		"CN",
		"XZ",
		"Shannan Diqu"
	],
	"locale": "zh-Hans",
	"subdivisions": {
		"Comai Xian": {
			"local_name": "措美县"
		},
		"Cona Xian": {
			"local_name": "错那县"
		},
		"Gonggar Xian": {
			"local_name": "贡嘎县"
		},
		"Gyaca Xian": {
			"local_name": "加查县"
		},
		"Nagarzê Xian": {
			"local_name": "浪卡子县"
		},
		"Lhünzê Xian": {
			"local_name": "隆子县"
		},
		"Lhozhag Xian": {
			"local_name": "洛扎县"
		},
		"Nêdong Xian": {
			"local_name": "乃东县"
		},
		"Qonggyai Xian": {
			"local_name": "琼结县"
		},
		"Qusum Xian": {
			"local_name": "曲松县"
		},
		"Sangri Xian": {
			"local_name": "桑日县"
		},
		"Zhanang Xian": {
			"local_name": "扎囊县"
		}
	}
}