{
	"country_code": "CN",
	"parents": [
		"CN",
		"HB",
		"Yichang Shi"
	],
	"locale": "zh-Hans",
	"subdivisions": {
		"Dangyang Shi": {
			"local_name": "当阳市"
		},
		"Dianjun Qu": {
			"local_name": "点军区"
		},
		"Wufeng Xian": {
			"local_code": "五峰土家族自治县",
			"local_name": "五峰县"
		},
		"Wujiagang Qu": {
			"local_name": "伍家岗区"
		},
		"Xiling Qu": {
			"local_name": "西陵区"
		},
		"Xiaoting Qu": {
			"local_name": "猇亭区"
		},
		"Xingshan Xian": {
			"local_name": "兴山县"
		},
		"Yiling Qu": {
			"local_name": "夷陵区"
		},
		"Yidu Shi": {
			"local_name": "宜都市"
		},
		"Yuan'an Xian": {
			"local_name": "远安县"
		},
		"Changyang Xian": {
			"local_code": "长阳土家族自治县",
			"local_name": "长阳县"
		},
		"Zhijiang Shi": {
			"local_name": "枝江市"
		},
		"Zigui Xian": {
			"local_name": "秭归县"
		}
	}
}