{
	"country_code": "CN",
	"parents": [
		"CN",
		"NM",
		"Hohhot Shi"
	],
	"locale": "zh-Hans",
	"subdivisions": {
		"Horinger Xian": {
			"local_name": "和林格尔县"
		},
		"Huimin Qu": {
			"local_name": "回民区"
		},
		"Qingshuihe Xian": {
			"local_name": "清水河县"
		},
		"Saihan Qu": {
			"local_name": "赛罕区"
		},
		"Tumd Zuoqi": {
			"local_name": "土默特左旗"
		},
		"Togtoh Xian": {
			"local_name": "托克托县"
		},
		"Wuchuan Xian": {
			"local_name": "武川县"
		},
		"Xincheng Qu": {
			"local_name": "新城区"
		},
		"Yuquan Qu": {
			"local_name": "玉泉区"
		}
	}
}