{
	"country_code": "CN",
	"parents": [
		"CN",
		"HE",
		"Tangshan Shi"
	],
	"locale": "zh-Hans",
	"subdivisions": {
		"Fengnan Qu": {
			"local_name": "丰南区"
		},
		"Fengrun Qu": {
			"local_name": "丰润区"
		},
		"Guye Qu": {
			"local_name": "古冶区"
		},
		"Kaiping Qu": {
			"local_name": "开平区"
		},
		"Leting Xian": {
			"local_name": "乐亭县"
		},
		"Lubei Qu": {
			"local_name": "路北区"
		},
		"Lunan Qu": {
			"local_name": "路南区"
		},
		"Luannan Xian": {
			"local_name": "滦南县"
		},
		"Luan Xian": {
			"local_name": "滦县"
		},
		"Qian'an Shi": {
			"local_name": "迁安市"
		},
		"Qianxi Xian": {
			"local_name": "迁西县"
		},
		"Tanghai Xian": {
			"local_name": "唐海县"
		},
		"Yutian Xian": {
			"local_name": "玉田县"
		},
		"Zunhua Shi": {
			"local_name": "遵化市"
		}
	}
}