{
	"country_code": "CN",
	"parents": [
		"CN",
		"FJ",
		"Ningde Shi"
	],
	"locale": "zh-Hans",
	"subdivisions": {
		"Fu'an Shi": {
			"local_name": "福安市"
		},
		"Fuding Shi": {
			"local_name": "福鼎市"
		},
		"Gutian Xian": {
			"local_name": "古田县"
		},
		"Jiaocheng Qu": {
			"local_name": "蕉城区"
		},
		"Pingnan Xian": {
			"local_name": "屏南县"
		},
		"Shouning Xian": {
			"local_name": "寿宁县"
		},
		"Xiapu Xian": {
			"local_name": "霞浦县"
		},
		"Zherong Xian": {
			"local_name": "柘荣县"
		},
		"Zhouning Xian": {
			"local_name": "周宁县"
		}
	}
}