{
	"country_code": "CN",
	"parents": [
		"CN",
		"NM",
		"Ordos Shi"
	],
	"locale": "zh-Hans",
	"subdivisions": {
		"Dalad Qi": {
			"local_name": "达拉特旗"
		},
		"Dongsheng Qu": {
			"local_name": "东胜区"
		},
		"Otog Qi": {
			"local_name": "鄂托克旗"
		},
		"Otog Qianqi": {
			"local_name": "鄂托克前旗"
		},
		"Hanggin Qi": {
			"local_name": "杭锦旗"
		},
		"Uxin Qi": {
			"local_name": "乌审旗"
		},
		"Ejin Qi": {
			"local_name": "伊金霍洛旗"
		},
		"Jungar Qi": {
			"local_name": "准格尔旗"
		}
	}
}