{
	"country_code": "CN",
	"parents": [
		"CN",
		"XJ",
		"Kashi Diqu"
	],
	"locale": "zh-Hans",
	"subdivisions": {
		"Bachu Xian": {
			"local_name": "巴楚县"
		},
		"Jiashi Xian": {
			"local_name": "伽师县"
		},
		"Kashi Shi": {
			"local_name": "喀什市"
		},
		"Markit Xian": {
			"local_name": "麦盖提县"
		},
		"Shache Xian": {
			"local_name": "莎车县"
		},
		"Shufu Xian": {
			"local_name": "疏附县"
		},
		"Shule Xian": {
			"local_name": "疏勒县"
		},
		"Taxkorgan Xian": {
			"local_code": "塔什库尔干塔吉克自治县",
			"local_name": "塔什库尔干县"
		},
		"Yecheng Xian": {
			"local_name": "叶城县"
		},
		"Yengisar Xian": {
			"local_name": "英吉沙县"
		},
		"Yopurga Xian": {
			"local_name": "岳普湖县"
		},
		"Zepu Xian": {
			"local_name": "泽普县"
		}
	}
}