{
	"country_code": "CN",
	"parents": [
		"CN",
		"HL",
		"Mudanjiang Shi"
	],
	"locale": "zh-Hans",
	"subdivisions": {
		"Aimin Qu": {
			"local_name": "爱民区"
		},
		"Dong'an Qu": {
			"local_name": "东安区"
		},
		"Dongning Xian": {
			"local_name": "东宁县"
		},
		"Hailin Shi": {
			"local_name": "海林市"
		},
		"Linkou Xian": {
			"local_name": "林口县"
		},
		"Muling Shi": {
			"local_name": "穆棱市"
		},
		"Ning'an Shi": {
			"local_name": "宁安市"
		},
		"Suifenhe Shi": {
			"local_name": "绥芬河市"
		},
		"Xi'an Qu": {
			"local_name": "西安区"
		},
		"Yangming Qu": {
			"local_name": "阳明区"
		}
	}
}