{
	"country_code": "CN",
	"parents": [
		"CN",
		"AH",
		"Wuhu Shi"
	],
	"locale": "zh-Hans",
	"subdivisions": {
		"Fanchang Xian": {
			"local_name": "繁昌县"
		},
		"Jinghu Qu": {
			"local_name": "镜湖区"
		},
		"Jiujiang Qu": {
			"local_name": "鸠江区"
		},
		"Nanling Xian": {
			"local_name": "南陵县"
		},
		"Sanshan Qu": {
			"local_name": "三山区"
		},
		"Wuwei Xian": {
			"local_name": "无为县"
		},
		"Wuhu Xian": {
			"local_name": "芜湖县"
		},
		"Yijiang Qu": {
			"local_name": "弋江区"
		}
	}
}