{
	"country_code": "CN",
	"parents": [
		"CN",
		"LN",
		"Dalian Shi"
	],
	"locale": "zh-Hans",
	"subdivisions": {
		"Ganjingzi Qu": {
			"local_name": "甘井子区"
		},
		"Jinzhou Qu": {
			"local_name": "金州区"
		},
		"Lüshunkou Qu": {
			"local_name": "旅顺口区"
		},
		"Pulandian Shi": {
			"local_name": "普兰店市"
		},
		"Shahekou Qu": {
			"local_name": "沙河口区"
		},
		"Wafangdian Shi": {
			"local_name": "瓦房店市"
		},
		"Xigang Qu": {
			"local_name": "西岗区"
		},
		"Changhai Xian": {
			"local_name": "长海县"
		},
		"Zhongshan Qu": {
			"local_name": "中山区"
		},
		"Zhuanghe Shi": {
			"local_name": "庄河市"
		}
	}
}