{
	"country_code": "CN",
	"parents": [
		"CN",
		"SC",
		"Leshan Shi"
	],
	"locale": "zh-Hans",
	"subdivisions": {
		"Ebian Xian": {
			"local_code": "峨边彝族自治县",
			"local_name": "峨边县"
		},
		"Emeishan Shi": {
			"local_name": "峨眉山市"
		},
		"Jiajiang Xian": {
			"local_name": "夹江县"
		},
		"Qianwei Xian": {
			"local_name": "犍为县"
		},
		"Jinkouhe Qu": {
			"local_name": "金口河区"
		},
		"Jingyan Xian": {
			"local_name": "井研县"
		},
		"Mabian Xian": {
			"local_code": "马边彝族自治县",
			"local_name": "马边县"
		},
		"Muchuan Xian": {
			"local_name": "沐川县"
		},
		"Shawan Qu": {
			"local_name": "沙湾区"
		},
		"Shizhong Qu": {
			"local_name": "市中区"
		},
		"Wutongqiao Qu": {
			"local_name": "五通桥区"
		}
	}
}