{
	"country_code": "CN",
	"parents": [
		"CN",
		"XZ",
		"Lhasa Shi"
	],
	"locale": "zh-Hans",
	"subdivisions": {
		"Chengguan Qu": {
			"local_name": "城关区"
		},
		"Dagzê Xian": {
			"local_name": "达孜县"
		},
		"Damxung Xian": {
			"local_name": "当雄县"
		},
		"Doilungdêqên Xian": {
			"local_name": "堆龙德庆县"
		},
		"Lhünzhub Xian": {
			"local_name": "林周县"
		},
		"Maizhokunggar Xian": {
			"local_name": "墨竹工卡县"
		},
		"Nyêmo Xian": {
			"local_name": "尼木县"
		},
		"Qüxü Xian": {
			"local_name": "曲水县"
		}
	}
}