{
	"country_code": "CN",
	"parents": [
		"CN",
		"TW",
		"Tainan City"
	],
	"locale": "zh-Hans",
	"subdivisions": {
		"Anding District": {
			"local_name": "安定區"
		},
		"Annan District": {
			"local_name": "安南區"
		},
		"Anping District": {
			"local_name": "安平區"
		},
		"Baihe District": {
			"local_name": "白河區"
		},
		"Beimen District": {
			"local_name": "北門區"
		},
		"North District": {
			"local_name": "北區"
		},
		"Danei District": {
			"local_name": "大內區"
		},
		"East District": {
			"local_name": "東區"
		},
		"Dongshan District": {
			"local_name": "東山區"
		},
		"Guantian District": {
			"local_name": "官田區"
		},
		"Guanmiao District": {
			"local_name": "關廟區"
		},
		"Guiren District": {
			"local_name": "歸仁區"
		},
		"Houbi District": {
			"local_name": "後壁區"
		},
		"Jiali District": {
			"local_name": "佳里區"
		},
		"Jiangjun District": {
			"local_name": "將軍區"
		},
		"Liuying District": {
			"local_name": "柳營區"
		},
		"Liujia District": {
			"local_name": "六甲區"
		},
		"Longqi District": {
			"local_name": "龍崎區"
		},
		"Madou District": {
			"local_name": "麻豆區"
		},
		"Nanhua District": {
			"local_name": "南化區"
		},
		"South District": {
			"local_name": "南區"
		},
		"Nanxi District": {
			"local_name": "楠西區"
		},
		"Qigu District": {
			"local_name": "七股區"
		},
		"Rende District": {
			"local_name": "仁德區"
		},
		"Shanshang District": {
			"local_name": "山上區"
		},
		"Shanhua District": {
			"local_name": "善化區"
		},
		"Xigang District": {
			"local_name": "西港區"
		},
		"Xiaying District": {
			"local_name": "下營區"
		},
		"Xinhua District": {
			"local_name": "新化區"
		},
		"Xinshi District": {
			"local_name": "新市區"
		},
		"Xinying District": {
			"local_name": "新營區"
		},
		"Xuejia District": {
			"local_name": "學甲區"
		},
		"Yanshui District": {
			"local_name": "鹽水區"
		},
		"Yongkang District": {
			"local_name": "永康區"
		},
		"Yujing District": {
			"local_name": "玉井區"
		},
		"West Central District": {
			"local_name": "中西區"
		},
		"Zuozhen District": {
			"local_name": "左鎮區"
		}
	}
}