{
	"country_code": "CN",
	"parents": [
		"CN",
		"HA",
		"Zhoukou Shi"
	],
	"locale": "zh-Hans",
	"subdivisions": {
		"Chuanhui Qu": {
			"local_name": "川汇区"
		},
		"Dancheng Xian": {
			"local_name": "郸城县"
		},
		"Fugou Xian": {
			"local_name": "扶沟县"
		},
		"Huaiyang Xian": {
			"local_name": "淮阳县"
		},
		"Luyi Xian": {
			"local_name": "鹿邑县"
		},
		"Shangshui Xian": {
			"local_name": "商水县"
		},
		"Shenqiu Xian": {
			"local_name": "沈丘县"
		},
		"Taikang Xian": {
			"local_name": "太康县"
		},
		"Xihua Xian": {
			"local_name": "西华县"
		},
		"Xiangcheng Shi": {
			"local_name": "项城市"
		}
	}
}