{
	"country_code": "CN",
	"parents": [
		"CN",
		"FJ",
		"Sanming Shi"
	],
	"locale": "zh-Hans",
	"subdivisions": {
		"Datian Xian": {
			"local_name": "大田县"
		},
		"Jianning Xian": {
			"local_name": "建宁县"
		},
		"Jiangle Xian": {
			"local_name": "将乐县"
		},
		"Meilie Qu": {
			"local_name": "梅列区"
		},
		"Mingxi Xian": {
			"local_name": "明溪县"
		},
		"Ninghua Xian": {
			"local_name": "宁化县"
		},
		"Qingliu Xian": {
			"local_name": "清流县"
		},
		"Sanyuan Qu": {
			"local_name": "三元区"
		},
		"Sha Xian": {
			"local_name": "沙县"
		},
		"Taining Xian": {
			"local_name": "泰宁县"
		},
		"Yong'an Shi": {
			"local_name": "永安市"
		},
		"Youxi Xian": {
			"local_name": "尤溪县"
		}
	}
}