{
	"country_code": "CN",
	"parents": [
		"CN",
		"HA",
		"Nanyang Shi"
	],
	"locale": "zh-Hans",
	"subdivisions": {
		"Dengzhou Shi": {
			"local_name": "邓州市"
		},
		"Fangcheng Xian": {
			"local_name": "方城县"
		},
		"Nanzhao Xian": {
			"local_name": "南召县"
		},
		"Neixiang Xian": {
			"local_name": "内乡县"
		},
		"Sheqi Xian": {
			"local_name": "社旗县"
		},
		"Tanghe Xian": {
			"local_name": "唐河县"
		},
		"Tongbai Xian": {
			"local_name": "桐柏县"
		},
		"Wancheng Qu": {
			"local_name": "宛城区"
		},
		"Wolong Qu": {
			"local_name": "卧龙区"
		},
		"Xixia Xian": {
			"local_name": "西峡县"
		},
		"Xichuan Xian": {
			"local_name": "淅川县"
		},
		"Xinye Xian": {
			"local_name": "新野县"
		},
		"Zhenping Xian": {
			"local_name": "镇平县"
		}
	}
}