{
	"country_code": "CN",
	"parents": [
		"CN",
		"YN",
		"Puer Shi"
	],
	"locale": "zh-Hans",
	"subdivisions": {
		"Jiangcheng Xian": {
			"local_code": "江城哈尼族彝族自治县",
			"local_name": "江城县"
		},
		"Jingdong Xian": {
			"local_code": "景东彝族自治县",
			"local_name": "景东县"
		},
		"Jinggu Xian": {
			"local_code": "景谷傣族彝族自治县",
			"local_name": "景谷县"
		},
		"Lancang Xian": {
			"local_code": "澜沧拉祜族自治县",
			"local_name": "澜沧县"
		},
		"Menglian Xian": {
			"local_code": "孟连傣族拉祜族佤族自治县",
			"local_name": "孟连县"
		},
		"Mojiang Xian": {
			"local_code": "墨江哈尼族自治县",
			"local_name": "墨江县"
		},
		"Ning'er Xian": {
			"local_code": "宁洱哈尼族彝族自治县",
			"local_name": "宁洱县"
		},
		"Simao Qu": {
			"local_name": "思茅区"
		},
		"Ximeng Xian": {
			"local_code": "西盟佤族自治县",
			"local_name": "西盟县"
		},
		"Zhenyuan Xian": {
			"local_code": "镇沅彝族哈尼族拉祜族自治县",
			"local_name": "镇沅县"
		}
	}
}