{
	"country_code": "CN",
	"parents": [
		"CN",
		"FJ",
		"Nanping Shi"
	],
	"locale": "zh-Hans",
	"subdivisions": {
		"Guangze Xian": {
			"local_name": "光泽县"
		},
		"Jian'ou Shi": {
			"local_name": "建瓯市"
		},
		"Jianyang Shi": {
			"local_name": "建阳市"
		},
		"Pucheng Xian": {
			"local_name": "浦城县"
		},
		"Shaowu Shi": {
			"local_name": "邵武市"
		},
		"Shunchang Xian": {
			"local_name": "顺昌县"
		},
		"Songxi Xian": {
			"local_name": "松溪县"
		},
		"Wuyishan Shi": {
			"local_name": "武夷山市"
		},
		"Yanping Qu": {
			"local_name": "延平区"
		},
		"Zhenghe Xian": {
			"local_name": "政和县"
		}
	}
}