{
	"country_code": "CN",
	"parents": [
		"CN",
		"HB",
		"Jingzhou Shi"
	],
	"locale": "zh-Hans",
	"subdivisions": {
		"Gong'an Xian": {
			"local_name": "公安县"
		},
		"Honghu Shi": {
			"local_name": "洪湖市"
		},
		"Jianli Xian": {
			"local_name": "监利县"
		},
		"Jiangling Xian": {
			"local_name": "江陵县"
		},
		"Jingzhou Qu": {
			"local_name": "荆州区"
		},
		"Shashi Qu": {
			"local_name": "沙市区"
		},
		"Shishou Shi": {
			"local_name": "石首市"
		},
		"Songzi Shi": {
			"local_name": "松滋市"
		}
	}
}