{
	"country_code": "CN",
	"parents": [
		"CN",
		"SN",
		"Weinan Shi"
	],
	"locale": "zh-Hans",
	"subdivisions": {
		"Baishui Xian": {
			"local_name": "白水县"
		},
		"Chengcheng Xian": {
			"local_name": "澄城县"
		},
		"Dali Xian": {
			"local_name": "大荔县"
		},
		"Fuping Xian": {
			"local_name": "富平县"
		},
		"Hancheng Shi": {
			"local_name": "韩城市"
		},
		"Heyang Xian": {
			"local_name": "合阳县"
		},
		"Hua Xian": {
			"local_name": "华县"
		},
		"Huayin Shi": {
			"local_name": "华阴市"
		},
		"Linwei Qu": {
			"local_name": "临渭区"
		},
		"Pucheng Xian": {
			"local_name": "蒲城县"
		},
		"Tongguan Xian": {
			"local_name": "潼关县"
		}
	}
}