{
	"country_code": "CN",
	"parents": [
		"CN",
		"GX",
		"Guilin Shi"
	],
	"locale": "zh-Hans",
	"subdivisions": {
		"Diecai Qu": {
			"local_name": "叠彩区"
		},
		"Gongcheng Xian": {
			"local_code": "恭城瑶族自治县",
			"local_name": "恭城县"
		},
		"Guanyang Xian": {
			"local_name": "灌阳县"
		},
		"Lipu Xian": {
			"local_name": "荔浦县"
		},
		"Lingui Qu": {
			"local_name": "临桂区"
		},
		"Lingchuan Xian": {
			"local_name": "灵川县"
		},
		"Longsheng Xian": {
			"local_code": "龙胜各族自治县",
			"local_name": "龙胜县"
		},
		"Pingle Xian": {
			"local_name": "平乐县"
		},
		"Qixing Qu": {
			"local_name": "七星区"
		},
		"Quanzhou Xian": {
			"local_name": "全州县"
		},
		"Xiangshan Qu": {
			"local_name": "象山区"
		},
		"Xing'an Xian": {
			"local_name": "兴安县"
		},
		"Xiufeng Qu": {
			"local_name": "秀峰区"
		},
		"Yanshan Qu": {
			"local_name": "雁山区"
		},
		"Yangshuo Xian": {
			"local_name": "阳朔县"
		},
		"Yongfu Xian": {
			"local_name": "永福县"
		},
		"Ziyuan Xian": {
			"local_name": "资源县"
		}
	}
}