{
	"country_code": "CN",
	"parents": [
		"CN",
		"HA",
		"Luoyang Shi"
	],
	"locale": "zh-Hans",
	"subdivisions": {
		"Chanhe Huizu Qu": {
			"local_name": "瀍河回族区"
		},
		"Jili Qu": {
			"local_name": "吉利区"
		},
		"Jianxi Qu": {
			"local_name": "涧西区"
		},
		"Laocheng Qu": {
			"local_name": "老城区"
		},
		"Luanchuan Xian": {
			"local_name": "栾川县"
		},
		"Luolong Qu": {
			"local_name": "洛龙区"
		},
		"Luoning Xian": {
			"local_name": "洛宁县"
		},
		"Mengjin Xian": {
			"local_name": "孟津县"
		},
		"Ruyang Xian": {
			"local_name": "汝阳县"
		},
		"Song Xian": {
			"local_name": "嵩县"
		},
		"Xigong Qu": {
			"local_name": "西工区"
		},
		"Xin'an Xian": {
			"local_name": "新安县"
		},
		"Yanshi Shi": {
			"local_name": "偃师市"
		},
		"Yichuan Xian": {
			"local_name": "伊川县"
		},
		"Yiyang Xian": {
			"local_name": "宜阳县"
		}
	}
}