{
	"country_code": "CN",
	"parents": [
		"CN",
		"XZ",
		"Qamdo Diqu"
	],
	"locale": "zh-Hans",
	"subdivisions": {
		"Baxoi Xian": {
			"local_name": "八宿县"
		},
		"Banbar Xian": {
			"local_name": "边坝县"
		},
		"Chagyab Xian": {
			"local_name": "察雅县"
		},
		"Qamdo Xian": {
			"local_name": "昌都县"
		},
		"Dêngqên Xian": {
			"local_name": "丁青县"
		},
		"Konjo Xian": {
			"local_name": "贡觉县"
		},
		"Jomda Xian": {
			"local_name": "江达县"
		},
		"Riwoq Xian": {
			"local_name": "类乌齐县"
		},
		"Lhorong Xian": {
			"local_name": "洛隆县"
		},
		"Mangkam Xian": {
			"local_name": "芒康县"
		},
		"Zogang Xian": {
			"local_name": "左贡县"
		}
	}
}