{
	"country_code": "CN",
	"parents": [
		"CN",
		"HL",
		"Daqing Shi"
	],
	"locale": "zh-Hans",
	"subdivisions": {
		"Datong Qu": {
			"local_name": "大同区"
		},
		"Dorbod Xian": {
			"local_code": "杜尔伯特蒙古族自治县",
			"local_name": "杜尔伯特县"
		},
		"Honggang Qu": {
			"local_name": "红岗区"
		},
		"Lindian Xian": {
			"local_name": "林甸县"
		},
		"Longfeng Qu": {
			"local_name": "龙凤区"
		},
		"Ranghulu Qu": {
			"local_name": "让胡路区"
		},
		"Sairt Qu": {
			"local_name": "萨尔图区"
		},
		"Zhaoyuan Xian": {
			"local_name": "肇源县"
		},
		"Zhaozhou Xian": {
			"local_name": "肇州县"
		}
	}
}