{
	"country_code": "CN",
	"parents": [
		"CN",
		"HB",
		"Wuhan Shi"
	],
	"locale": "zh-Hans",
	"subdivisions": {
		"Caidian Qu": {
			"local_name": "蔡甸区"
		},
		"Dongxihu Qu": {
			"local_name": "东西湖区"
		},
		"Hannan Qu": {
			"local_name": "汉南区"
		},
		"Hanyang Qu": {
			"local_name": "汉阳区"
		},
		"Hongshan Qu": {
			"local_name": "洪山区"
		},
		"Huangpi Qu": {
			"local_name": "黄陂区"
		},
		"Jiang'an Qu": {
			"local_name": "江岸区"
		},
		"Jianghan Qu": {
			"local_name": "江汉区"
		},
		"Jiangxia Qu": {
			"local_name": "江夏区"
		},
		"Qiaokou Qu": {
			"local_name": "硚口区"
		},
		"Qingshan Qu": {
			"local_name": "青山区"
		},
		"Wuchang Qu": {
			"local_name": "武昌区"
		},
		"Xinzhou Qu": {
			"local_name": "新洲区"
		}
	}
}