{
	"country_code": "CN",
	"parents": [
		"CN",
		"GS",
		"Qingyang Shi"
	],
	"locale": "zh-Hans",
	"subdivisions": {
		"Heshui Xian": {
			"local_name": "合水县"
		},
		"Huachi Xian": {
			"local_name": "华池县"
		},
		"Huan Xian": {
			"local_name": "环县"
		},
		"Ning Xian": {
			"local_name": "宁县"
		},
		"Qingcheng Xian": {
			"local_name": "庆城县"
		},
		"Xifeng Qu": {
			"local_name": "西峰区"
		},
		"Zhenyuan Xian": {
			"local_name": "镇原县"
		},
		"Zhengning Xian": {
			"local_name": "正宁县"
		}
	}
}