{
	"country_code": "CN",
	"parents": [
		"CN",
		"GZ",
		"Anshun Shi"
	],
	"locale": "zh-Hans",
	"subdivisions": {
		"Guanling Xian": {
			"local_code": "关岭布依族苗族自治县",
			"local_name": "关岭县"
		},
		"Pingba Xian": {
			"local_name": "平坝县"
		},
		"Puding Xian": {
			"local_name": "普定县"
		},
		"Xixiu Qu": {
			"local_name": "西秀区"
		},
		"Zhenning Xian": {
			"local_code": "镇宁布依族苗族自治县",
			"local_name": "镇宁县"
		},
		"Ziyun Xian": {
			"local_code": "紫云苗族布依族自治县",
			"local_name": "紫云县"
		}
	}
}