{
	"country_code": "CN",
	"parents": [
		"CN",
		"GS",
		"Jiuquan Shi"
	],
	"locale": "zh-Hans",
	"subdivisions": {
		"Aksay Xian": {
			"local_code": "阿克塞哈萨克族自治县",
			"local_name": "阿克塞县"
		},
		"Dunhuang Shi": {
			"local_name": "敦煌市"
		},
		"Guazhou Xian": {
			"local_name": "瓜州县"
		},
		"Jinta Xian": {
			"local_name": "金塔县"
		},
		"Subei Xian": {
			"local_code": "肃北蒙古族自治县",
			"local_name": "肃北县"
		},
		"Suzhou Qu": {
			"local_name": "肃州区"
		},
		"Yumen Shi": {
			"local_name": "玉门市"
		}
	}
}