{
	"country_code": "CN",
	"parents": [
		"CN",
		"FJ",
		"Quanzhou Shi"
	],
	"locale": "zh-Hans",
	"subdivisions": {
		"Anxi Xian": {
			"local_name": "安溪县"
		},
		"Dehua Xian": {
			"local_name": "德化县"
		},
		"Fengze Qu": {
			"local_name": "丰泽区"
		},
		"Hui'an Xian": {
			"local_name": "惠安县"
		},
		"Jinmen Xian": {
			"local_name": "金门县"
		},
		"Jinjiang Shi": {
			"local_name": "晋江市"
		},
		"Licheng Qu": {
			"local_name": "鲤城区"
		},
		"Luojiang Qu": {
			"local_name": "洛江区"
		},
		"Nan'an Shi": {
			"local_name": "南安市"
		},
		"Quangang Qu": {
			"local_name": "泉港区"
		},
		"Shishi Shi": {
			"local_name": "石狮市"
		},
		"Yongchun Xian": {
			"local_name": "永春县"
		}
	}
}