{
	"country_code": "CN",
	"parents": [
		"CN",
		"HE",
		"Chengde Shi"
	],
	"locale": "zh-Hans",
	"subdivisions": {
		"Chengde Xian": {
			"local_name": "承德县"
		},
		"Fengning Xian": {
			"local_code": "丰宁满族自治县",
			"local_name": "丰宁县"
		},
		"Kuancheng Xian": {
			"local_code": "宽城满族自治县",
			"local_name": "宽城县"
		},
		"Longhua Xian": {
			"local_name": "隆化县"
		},
		"Luanping Xian": {
			"local_name": "滦平县"
		},
		"Pingquan Xian": {
			"local_name": "平泉县"
		},
		"Shuangluan Qu": {
			"local_name": "双滦区"
		},
		"Shuangqiao Qu": {
			"local_name": "双桥区"
		},
		"Weichang Xian": {
			"local_code": "围场满族蒙古族自治县",
			"local_name": "围场县"
		},
		"Xinglong Xian": {
			"local_name": "兴隆县"
		},
		"Yingshouyingzi Kuangqu": {
			"local_name": "鹰手营子矿区"
		}
	}
}