{
	"country_code": "CN",
	"parents": [
		"CN",
		"JX",
		"Ganzhou Shi"
	],
	"locale": "zh-Hans",
	"subdivisions": {
		"Anyuan Xian": {
			"local_name": "安远县"
		},
		"Chongyi Xian": {
			"local_name": "崇义县"
		},
		"Dayu Xian": {
			"local_name": "大余县"
		},
		"Dingnan Xian": {
			"local_name": "定南县"
		},
		"Gan Xian": {
			"local_name": "赣县"
		},
		"Huichang Xian": {
			"local_name": "会昌县"
		},
		"Longnan Xian": {
			"local_name": "龙南县"
		},
		"Nankang Shi": {
			"local_name": "南康市"
		},
		"Ningdu Xian": {
			"local_name": "宁都县"
		},
		"Quannan Xian": {
			"local_name": "全南县"
		},
		"Ruijin Shi": {
			"local_name": "瑞金市"
		},
		"Shangyou Xian": {
			"local_name": "上犹县"
		},
		"Shicheng Xian": {
			"local_name": "石城县"
		},
		"Xinfeng Xian": {
			"local_name": "信丰县"
		},
		"Xingguo Xian": {
			"local_name": "兴国县"
		},
		"Xunwu Xian": {
			"local_name": "寻乌县"
		},
		"Yudu Xian": {
			"local_name": "于都县"
		},
		"Zhanggong Qu": {
			"local_name": "章贡区"
		}
	}
}