{
	"country_code": "CN",
	"parents": [
		"CN",
		"LN",
		"Shenyang Shi"
	],
	"locale": "zh-Hans",
	"subdivisions": {
		"Dadong Qu": {
			"local_name": "大东区"
		},
		"Faku Xian": {
			"local_name": "法库县"
		},
		"Heping Qu": {
			"local_name": "和平区"
		},
		"Huanggu Qu": {
			"local_name": "皇姑区"
		},
		"Hunnan Qu": {
			"local_code": "东陵区",
			"local_name": "浑南区"
		},
		"Kangping Xian": {
			"local_name": "康平县"
		},
		"Liaozhong Xian": {
			"local_name": "辽中县"
		},
		"Chenbei Xinqu": {
			"local_name": "沈北新区"
		},
		"Shenhe Qu": {
			"local_name": "沈河区"
		},
		"Sujiatun Qu": {
			"local_name": "苏家屯区"
		},
		"Tiexi Qu": {
			"local_name": "铁西区"
		},
		"Xinmin Shi": {
			"local_name": "新民市"
		},
		"Yuhong Qu": {
			"local_name": "于洪区"
		}
	}
}