{
	"country_code": "CN",
	"parents": [
		"CN",
		"AH",
		"Chuzhou Shi"
	],
	"locale": "zh-Hans",
	"subdivisions": {
		"Dingyuan Xian": {
			"local_name": "定远县"
		},
		"Fengyang Xian": {
			"local_name": "凤阳县"
		},
		"Lai'an Xian": {
			"local_name": "来安县"
		},
		"Liangya Qu": {
			"local_name": "琅琊区"
		},
		"Mingguang Shi": {
			"local_name": "明光市"
		},
		"Nanqiao Qu": {
			"local_name": "南谯区"
		},
		"Quanjiao Xian": {
			"local_name": "全椒县"
		},
		"Tianchang Shi": {
			"local_name": "天长市"
		}
	}
}