{
	"country_code": "CN",
	"parents": [
		"CN",
		"YN",
		"Chuxiong Zhou"
	],
	"locale": "zh-Hans",
	"subdivisions": {
		"Chuxiong Shi": {
			"local_name": "楚雄市"
		},
		"Dayao Xian": {
			"local_name": "大姚县"
		},
		"Lufeng Xian": {
			"local_name": "禄丰县"
		},
		"Mouding Xian": {
			"local_name": "牟定县"
		},
		"Nanhua Xian": {
			"local_name": "南华县"
		},
		"Shuangbai Xian": {
			"local_name": "双柏县"
		},
		"Wuding Xian": {
			"local_name": "武定县"
		},
		"Yao'an Xian": {
			"local_name": "姚安县"
		},
		"Yongren Xian": {
			"local_name": "永仁县"
		},
		"Yuanmou Xian": {
			"local_name": "元谋县"
		}
	}
}