{
	"country_code": "CN",
	"parents": [
		"CN",
		"AH",
		"Fuyang Shi"
	],
	"locale": "zh-Hans",
	"subdivisions": {
		"Funan Xian": {
			"local_name": "阜南县"
		},
		"Jieshou Shi": {
			"local_name": "界首市"
		},
		"Linquan Xian": {
			"local_name": "临泉县"
		},
		"Taihe Xian": {
			"local_name": "太和县"
		},
		"Yingdong Qu": {
			"local_name": "颍东区"
		},
		"Yingquan Qu": {
			"local_name": "颍泉区"
		},
		"Yingshang Xian": {
			"local_name": "颍上县"
		},
		"Yingzhou Qu": {
			"local_name": "颍州区"
		}
	}
}