{
	"country_code": "CN",
	"parents": [
		"CN",
		"SC",
		"Nanchong Shi"
	],
	"locale": "zh-Hans",
	"subdivisions": {
		"Gaoping Qu": {
			"local_name": "高坪区"
		},
		"Jialing Qu": {
			"local_name": "嘉陵区"
		},
		"Langzhong Shi": {
			"local_name": "阆中市"
		},
		"Nanbu Xian": {
			"local_name": "南部县"
		},
		"Peng'an Xian": {
			"local_name": "蓬安县"
		},
		"Shunqing Qu": {
			"local_name": "顺庆区"
		},
		"Xichong Xian": {
			"local_name": "西充县"
		},
		"Yilong Xian": {
			"local_name": "仪陇县"
		},
		"Yingshan Xian": {
			"local_name": "营山县"
		}
	}
}