{
	"country_code": "CN",
	"parents": [
		"CN",
		"HN",
		"Shaoyang Shi"
	],
	"locale": "zh-Hans",
	"subdivisions": {
		"Beita Qu": {
			"local_name": "北塔区"
		},
		"Chengbu Xian": {
			"local_code": "城步苗族自治县",
			"local_name": "城步县"
		},
		"Daxiang Qu": {
			"local_name": "大祥区"
		},
		"Dongkou Xian": {
			"local_name": "洞口县"
		},
		"Longhui Xian": {
			"local_name": "隆回县"
		},
		"Shaodong Xian": {
			"local_name": "邵东县"
		},
		"Shaoyang Xian": {
			"local_name": "邵阳县"
		},
		"Shuangqing Qu": {
			"local_name": "双清区"
		},
		"Suining Xian": {
			"local_name": "绥宁县"
		},
		"Wugang Shi": {
			"local_name": "武冈市"
		},
		"Xinning Xian": {
			"local_name": "新宁县"
		},
		"Xinshao Xian": {
			"local_name": "新邵县"
		}
	}
}