{
	"country_code": "CN",
	"parents": [
		"CN",
		"NM",
		"Baotou Shi"
	],
	"locale": "zh-Hans",
	"subdivisions": {
		"Baiyun Kuangqu": {
			"local_name": "白云矿区"
		},
		"Darhan Mumingan Lianheqi": {
			"local_name": "达尔罕茂明安联合旗"
		},
		"Donghe Qu": {
			"local_name": "东河区"
		},
		"Guyang Xian": {
			"local_name": "固阳县"
		},
		"Jiuyuan Qu": {
			"local_name": "九原区"
		},
		"Hondlon Qu": {
			"local_name": "昆都仑区"
		},
		"Qingshan Qu": {
			"local_name": "青山区"
		},
		"Shiguai Qu": {
			"local_name": "石拐区"
		},
		"Tumd Youqi": {
			"local_name": "土默特右旗"
		}
	}
}