{
	"country_code": "CN",
	"parents": [
		"CN",
		"NM",
		"Xilin Gol Meng"
	],
	"locale": "zh-Hans",
	"subdivisions": {
		"Abag Qi": {
			"local_name": "阿巴嘎旗"
		},
		"Dong Ujimqin Qi": {
			"local_name": "东乌珠穆沁旗"
		},
		"Duolun Xian": {
			"local_name": "多伦县"
		},
		"Erenhot Shi": {
			"local_name": "二连浩特市"
		},
		"Sonid Youqi": {
			"local_name": "苏尼特右旗"
		},
		"Sonid Zuoqi": {
			"local_name": "苏尼特左旗"
		},
		"Taibus Qi": {
			"local_name": "太仆寺旗"
		},
		"Xi Ujimqin Qi": {
			"local_name": "西乌珠穆沁旗"
		},
		"Xilinhot Shi": {
			"local_name": "锡林浩特市"
		},
		"Xianghuang Qi": {
			"local_name": "镶黄旗"
		},
		"Zhenglan Qi": {
			"local_name": "正蓝旗"
		},
		"Zhengxiangbai Qi": {
			"local_name": "正镶白旗"
		}
	}
}