{
	"country_code": "CN",
	"parents": [
		"CN",
		"JL",
		"Changchun Shi"
	],
	"locale": "zh-Hans",
	"subdivisions": {
		"Chaoyang Qu": {
			"local_name": "朝阳区"
		},
		"Dehui Shi": {
			"local_name": "德惠市"
		},
		"Erdao Qu": {
			"local_name": "二道区"
		},
		"Jiutai Shi": {
			"local_name": "九台市"
		},
		"Kuancheng Qu": {
			"local_name": "宽城区"
		},
		"Lüyuan Qu": {
			"local_name": "绿园区"
		},
		"Nanguan Qu": {
			"local_name": "南关区"
		},
		"Nong'an Xian": {
			"local_name": "农安县"
		},
		"Shuangyang Qu": {
			"local_name": "双阳区"
		},
		"Yushu Shi": {
			"local_name": "榆树市"
		}
	}
}