{
	"country_code": "CN",
	"parents": [
		"CN",
		"GS",
		"Longnan Shi"
	],
	"locale": "zh-Hans",
	"subdivisions": {
		"Cheng Xian": {
			"local_name": "成县"
		},
		"Tanchang Xian": {
			"local_name": "宕昌县"
		},
		"Hui Xian": {
			"local_name": "徽县"
		},
		"Kang Xian": {
			"local_name": "康县"
		},
		"Li Xian": {
			"local_name": "礼县"
		},
		"Liangdang Xian": {
			"local_name": "两当县"
		},
		"Wen Xian": {
			"local_name": "文县"
		},
		"Wudu Qu": {
			"local_name": "武都区"
		},
		"Xihe Xian": {
			"local_name": "西和县"
		}
	}
}