{
	"country_code": "CN",
	"parents": [
		"CN",
		"GX",
		"Baise Shi"
	],
	"locale": "zh-Hans",
	"subdivisions": {
		"Debao Xian": {
			"local_name": "德保县"
		},
		"Jingxi Xian": {
			"local_name": "靖西县"
		},
		"Leye Xian": {
			"local_name": "乐业县"
		},
		"Lingyun Xian": {
			"local_name": "凌云县"
		},
		"Longlin Xian": {
			"local_code": "隆林各族自治县",
			"local_name": "隆林县"
		},
		"Napo Xian": {
			"local_name": "那坡县"
		},
		"Pingguo Xian": {
			"local_name": "平果县"
		},
		"Tiandong Xian": {
			"local_name": "田东县"
		},
		"Tianlin Xian": {
			"local_name": "田林县"
		},
		"Tianyang Xian": {
			"local_name": "田阳县"
		},
		"Xilin Xian": {
			"local_name": "西林县"
		},
		"Youjiang Qu": {
			"local_name": "右江区"
		}
	}
}