{
	"country_code": "CN",
	"parents": [
		"CN",
		"GS",
		"Pingliang Shi"
	],
	"locale": "zh-Hans",
	"subdivisions": {
		"Chongxin Xian": {
			"local_name": "崇信县"
		},
		"Huating Xian": {
			"local_name": "华亭县"
		},
		"Jingchuan Xian": {
			"local_name": "泾川县"
		},
		"Jingning Xian": {
			"local_name": "静宁县"
		},
		"Kongtong Qu": {
			"local_name": "崆峒区"
		},
		"Lingtai Xian": {
			"local_name": "灵台县"
		},
		"Zhuangliang Xian": {
			"local_name": "庄浪县"
		}
	}
}