{
	"country_code": "CN",
	"parents": [
		"CN",
		"XJ",
		"Changji Zhou"
	],
	"locale": "zh-Hans",
	"subdivisions": {
		"Changji Shi": {
			"local_name": "昌吉市"
		},
		"Fukang Shi": {
			"local_name": "阜康市"
		},
		"Hutubi Xian": {
			"local_name": "呼图壁县"
		},
		"Jimsar Xian": {
			"local_name": "吉木萨尔县"
		},
		"Manas Xian": {
			"local_name": "玛纳斯县"
		},
		"Mori Xian": {
			"local_code": "木垒哈萨克自治县",
			"local_name": "木垒县"
		},
		"Qitai Xian": {
			"local_name": "奇台县"
		}
	}
}