{
	"country_code": "CN",
	"parents": [
		"CN",
		"SD",
		"Jinan Shi"
	],
	"locale": "zh-Hans",
	"subdivisions": {
		"Huaiyin Qu": {
			"local_name": "槐荫区"
		},
		"Jiyang Xian": {
			"local_name": "济阳县"
		},
		"Licheng Qu": {
			"local_name": "历城区"
		},
		"Lixia Qu": {
			"local_name": "历下区"
		},
		"Pingyin Xian": {
			"local_name": "平阴县"
		},
		"Shanghe Xian": {
			"local_name": "商河县"
		},
		"Shizhong Qu": {
			"local_name": "市中区"
		},
		"Tianqiao Qu": {
			"local_name": "天桥区"
		},
		"Zhangqiu Shi": {
			"local_name": "章丘市"
		},
		"Changqing Qu": {
			"local_name": "长清区"
		}
	}
}