{
	"country_code": "CN",
	"parents": [
		"CN",
		"TW",
		"Pingtung County"
	],
	"locale": "zh-Hans",
	"subdivisions": {
		"Chaozhou Township": {
			"local_name": "潮州鎮"
		},
		"Checheng Township": {
			"local_name": "車城鄉"
		},
		"Chunri Township": {
			"local_name": "春日鄉"
		},
		"Donggang Township": {
			"local_name": "東港鎮"
		},
		"Fangliao Township": {
			"local_name": "枋寮鄉"
		},
		"Fangshan Township": {
			"local_name": "枋山鄉"
		},
		"Gaoshu Township": {
			"local_name": "高樹鄉"
		},
		"Hengchun Township": {
			"local_name": "恆春鎮"
		},
		"Jiadong Township": {
			"local_name": "佳冬鄉"
		},
		"Jiuru Township": {
			"local_name": "九如鄉"
		},
		"Kanding Township": {
			"local_name": "崁頂鄉"
		},
		"Laiyi Township": {
			"local_name": "來義鄉"
		},
		"Ligang Township": {
			"local_name": "里港鄉"
		},
		"Linbian Township": {
			"local_name": "林邊鄉"
		},
		"Linluo Township": {
			"local_name": "麟洛鄉"
		},
		"Liuqiu Township": {
			"local_name": "琉球鄉"
		},
		"Majia Township": {
			"local_name": "瑪家鄉"
		},
		"Manzhou Township": {
			"local_name": "滿洲鄉"
		},
		"Mudan Township": {
			"local_name": "牡丹鄉"
		},
		"Nanzhou Township": {
			"local_name": "南州鄉"
		},
		"Neipu Township": {
			"local_name": "內埔鄉"
		},
		"Pingtung City": {
			"local_name": "屏東市"
		},
		"Sandimen Township": {
			"local_name": "三地門鄉"
		},
		"Shizi Township": {
			"local_name": "獅子鄉"
		},
		"Taiwu Township": {
			"local_name": "泰武鄉"
		},
		"Wandan Township": {
			"local_name": "萬丹鄉"
		},
		"Wanluan Township": {
			"local_name": "萬巒鄉"
		},
		"Wutai Township": {
			"local_name": "霧台鄉"
		},
		"Xinpi Township": {
			"local_name": "新埤鄉"
		},
		"Xinyuan Township": {
			"local_name": "新園鄉"
		},
		"Yanpu Township": {
			"local_name": "鹽埔鄉"
		},
		"Changzhi Township": {
			"local_name": "長治鄉"
		},
		"Zhutian Township": {
			"local_name": "竹田鄉"
		}
	}
}