{
	"country_code": "CN",
	"parents": [
		"CN",
		"FJ",
		"Fuzhou Shi"
	],
	"locale": "zh-Hans",
	"subdivisions": {
		"Cangshan Qu": {
			"local_name": "仓山区"
		},
		"Fuqing Shi": {
			"local_name": "福清市"
		},
		"Gulou Qu": {
			"local_name": "鼓楼区"
		},
		"Jin'an Qu": {
			"local_name": "晋安区"
		},
		"Lianjiang Xian": {
			"local_name": "连江县"
		},
		"Luoyuan Xian": {
			"local_name": "罗源县"
		},
		"Mawei Qu": {
			"local_name": "马尾区"
		},
		"Minhou Xian": {
			"local_name": "闽侯县"
		},
		"Minqing Xian": {
			"local_name": "闽清县"
		},
		"Pingtan Xian": {
			"local_name": "平潭县"
		},
		"Taijiang Qu": {
			"local_name": "台江区"
		},
		"Yongtai Xian": {
			"local_name": "永泰县"
		},
		"Changle Shi": {
			"local_name": "长乐市"
		}
	}
}