{
	"country_code": "CN",
	"parents": [
		"CN",
		"ZJ",
		"Taizhou Shi"
	],
	"locale": "zh-Hans",
	"subdivisions": {
		"Huangyan Qu": {
			"local_name": "黄岩区"
		},
		"Jiaojiang Qu": {
			"local_name": "椒江区"
		},
		"Linhai Shi": {
			"local_name": "临海市"
		},
		"Luqiao Qu": {
			"local_name": "路桥区"
		},
		"Sanmen Xian": {
			"local_name": "三门县"
		},
		"Tiantai Xian": {
			"local_name": "天台县"
		},
		"Wenling Shi": {
			"local_name": "温岭市"
		},
		"Xianju Xian": {
			"local_name": "仙居县"
		},
		"Yuhuan Xian": {
			"local_name": "玉环县"
		}
	}
}