{
	"country_code": "CN",
	"parents": [
		"CN",
		"YN",
		"Dali Zhou"
	],
	"locale": "zh-Hans",
	"subdivisions": {
		"Binchuan Xian": {
			"local_name": "宾川县"
		},
		"Dali Shi": {
			"local_name": "大理市"
		},
		"Eryuan Xian": {
			"local_name": "洱源县"
		},
		"Heqing Xian": {
			"local_name": "鹤庆县"
		},
		"Jianchuan Xian": {
			"local_name": "剑川县"
		},
		"Midu Xian": {
			"local_name": "弥渡县"
		},
		"Nanjian Xian": {
			"local_code": "南涧彝族自治县",
			"local_name": "南涧县"
		},
		"Weishan Xian": {
			"local_code": "巍山彝族回族自治县",
			"local_name": "巍山县"
		},
		"Xiangyun Xian": {
			"local_name": "祥云县"
		},
		"Yangbi Xian": {
			"local_code": "漾濞彝族自治县",
			"local_name": "漾濞县"
		},
		"Yongping Xian": {
			"local_name": "永平县"
		},
		"Yunlong Xian": {
			"local_name": "云龙县"
		}
	}
}