{
	"country_code": "CN",
	"parents": [
		"CN",
		"HE",
		"Baoding Shi"
	],
	"locale": "zh-Hans",
	"subdivisions": {
		"Anguo Shi": {
			"local_name": "安国市"
		},
		"Anxin Xian": {
			"local_name": "安新县"
		},
		"Beishi Qu": {
			"local_name": "北市区"
		},
		"Boye Xian": {
			"local_name": "博野县"
		},
		"Dingxing Xian": {
			"local_name": "定兴县"
		},
		"Dingzhou Shi": {
			"local_name": "定州市"
		},
		"Fuping Xian": {
			"local_name": "阜平县"
		},
		"Gaobeidian Shi": {
			"local_name": "高碑店市"
		},
		"Gaoyang Xian": {
			"local_name": "高阳县"
		},
		"Laishui Xian": {
			"local_name": "涞水县"
		},
		"Laiyuan Xian": {
			"local_name": "涞源县"
		},
		"Li Xian": {
			"local_name": "蠡县"
		},
		"Mancheng Xian": {
			"local_name": "满城县"
		},
		"Nanshi Qu": {
			"local_name": "南市区"
		},
		"Qingyuan Xian": {
			"local_name": "清苑县"
		},
		"Quyang Xian": {
			"local_name": "曲阳县"
		},
		"Rongcheng Xian": {
			"local_name": "容城县"
		},
		"Shunping Xian": {
			"local_name": "顺平县"
		},
		"Tang Xian": {
			"local_name": "唐县"
		},
		"Wangdu Xian": {
			"local_name": "望都县"
		},
		"Xinshi Qu": {
			"local_name": "新市区"
		},
		"Xiong Xian": {
			"local_name": "雄县"
		},
		"Xushui Xian": {
			"local_name": "徐水县"
		},
		"Yi Xian": {
			"local_name": "易县"
		},
		"Zhuozhou Shi": {
			"local_name": "涿州市"
		}
	}
}