{
	"country_code": "CN",
	"parents": [
		"CN",
		"HE",
		"Zhangjiakou Shi"
	],
	"locale": "zh-Hans",
	"subdivisions": {
		"Chicheng Xian": {
			"local_name": "赤城县"
		},
		"Chongli Xian": {
			"local_name": "崇礼县"
		},
		"Guyuan Xian": {
			"local_name": "沽源县"
		},
		"Huai'an Xian": {
			"local_name": "怀安县"
		},
		"Huailai Xian": {
			"local_name": "怀来县"
		},
		"Kangbao Xian": {
			"local_name": "康保县"
		},
		"Qiaodong Qu": {
			"local_name": "桥东区"
		},
		"Qiaoxi Qu": {
			"local_name": "桥西区"
		},
		"Shangyi Xian": {
			"local_name": "尚义县"
		},
		"Wanquan Xian": {
			"local_name": "万全县"
		},
		"Yu Xian": {
			"local_name": "蔚县"
		},
		"Xiahuayuan Qu": {
			"local_name": "下花园区"
		},
		"Xuanhua Qu": {
			"local_name": "宣化区"
		},
		"Xuanhua Xian": {
			"local_name": "宣化县"
		},
		"Yangyuan Xian": {
			"local_name": "阳原县"
		},
		"Zhangbei Xian": {
			"local_name": "张北县"
		},
		"Zhuolu Xian": {
			"local_name": "涿鹿县"
		}
	}
}