{
	"country_code": "CN",
	"parents": [
		"CN",
		"TW",
		"Taichung City"
	],
	"locale": "zh-Hans",
	"subdivisions": {
		"North District": {
			"local_name": "北區"
		},
		"Beitun District": {
			"local_name": "北屯區"
		},
		"Da'an District": {
			"local_name": "大安區"
		},
		"Dadu District": {
			"local_name": "大肚區"
		},
		"Dajia District": {
			"local_name": "大甲區"
		},
		"Dali District": {
			"local_name": "大里區"
		},
		"Daya District": {
			"local_name": "大雅區"
		},
		"East District": {
			"local_name": "東區"
		},
		"Dongshi District": {
			"local_name": "東勢區"
		},
		"Fengyuan District": {
			"local_name": "豐原區"
		},
		"Heping District": {
			"local_name": "和平區"
		},
		"Houli District": {
			"local_name": "后里區"
		},
		"Longjing District": {
			"local_name": "龍井區"
		},
		"South District": {
			"local_name": "南區"
		},
		"Nantun District": {
			"local_name": "南屯區"
		},
		"Qingshui District": {
			"local_name": "清水區"
		},
		"Shalu District": {
			"local_name": "沙鹿區"
		},
		"Shengang District": {
			"local_name": "神岡區"
		},
		"Shigang District": {
			"local_name": "石岡區"
		},
		"Taiping District": {
			"local_name": "太平區"
		},
		"Tanzi District": {
			"local_name": "潭子區"
		},
		"Waipu District": {
			"local_name": "外埔區"
		},
		"Wuri District": {
			"local_name": "烏日區"
		},
		"Wuqi District": {
			"local_name": "梧棲區"
		},
		"Wufeng District": {
			"local_name": "霧峰區"
		},
		"West District": {
			"local_name": "西區"
		},
		"Xitun District": {
			"local_name": "西屯區"
		},
		"Xinshe District": {
			"local_name": "新社區"
		},
		"Central District": {
			"local_name": "中區"
		}
	}
}