{
	"country_code": "CN",
	"parents": [
		"CN",
		"SD",
		"Weifang shi"
	],
	"locale": "zh-Hans",
	"subdivisions": {
		"Anqiu Shi": {
			"local_name": "安丘市"
		},
		"Changle Xian": {
			"local_name": "昌乐县"
		},
		"Changyi Shi": {
			"local_name": "昌邑市"
		},
		"Fangzi Qu": {
			"local_name": "坊子区"
		},
		"Gaomi Shi": {
			"local_name": "高密市"
		},
		"Hanting Qu": {
			"local_name": "寒亭区"
		},
		"Kuiwen Qu": {
			"local_name": "奎文区"
		},
		"Linqu Xian": {
			"local_name": "临朐县"
		},
		"Qingzhou Shi": {
			"local_name": "青州市"
		},
		"Shouguang Shi": {
			"local_name": "寿光市"
		},
		"Weicheng Qu": {
			"local_name": "潍城区"
		},
		"Zhucheng Shi": {
			"local_name": "诸城市"
		}
	}
}