{
	"AFN": {
		"name": "Afghanfoɔ Afghani"
	},
	"ZAR": {
		"name": "Afrika Anaafo Rand"
	},
	"XOF": {
		"name": "Afrika Atɔeɛ Sefa",
		"symbol": "AAS"
	},
	"XAF": {
		"name": "Afrika Mfinimfini Sefa",
		"symbol": "FCFA"
	},
	"ARS": {
		"name": "Agɛntina peso"
	},
	"ALL": {
		"name": "Albania Lek"
	},
	"AMD": {
		"name": "Amɛnia dram"
	},
	"USD": {
		"name": "Amɛrika Dɔla",
		"symbol": "US$"
	},
	"AOA": {
		"name": "Angola Kwanza"
	},
	"AWG": {
		"name": "Aruba flɔrin"
	},
	"AZN": {
		"name": "Azɛbagyan manat"
	},
	"BBD": {
		"name": "Babadɔso dɔla"
	},
	"BSD": {
		"name": "Bahama dɔla"
	},
	"BDT": {
		"name": "Bangladehye taka"
	},
	"BHD": {
		"name": "Baren Dina"
	},
	"BZD": {
		"name": "Belize Dɔla"
	},
	"BMD": {
		"name": "Bɛɛmuda dɔla"
	},
	"BYN": {
		"name": "Bɛlaruhyia ruble"
	},
	"BOB": {
		"name": "Bolivia boliviano"
	},
	"BWP": {
		"name": "Botswana Pula"
	},
	"BGN": {
		"name": "Bɔɔgaria lɛv"
	},
	"BAM": {
		"name": "Bɔsnia-Hɛzegɔvina nsesa maake"
	},
	"BRL": {
		"name": "Brazil reale",
		"symbol": "R$"
	},
	"GBP": {
		"name": "Breten Pɔn",
		"symbol": "£"
	},
	"BND": {
		"name": "Brunei dɔla"
	},
	"BIF": {
		"name": "Burundi Frank"
	},
	"BTN": {
		"name": "Butanfoɔ ngutrum"
	},
	"XCG": {
		"name": "Caribbean guilder",
		"symbol": "Cg."
	},
	"XPF": {
		"name": "CFP Franc",
		"symbol": "CFPF"
	},
	"DKK": {
		"name": "Danefoɔ krone"
	},
	"DOP": {
		"name": "Dɔmenika peso"
	},
	"EGP": {
		"name": "Egypt Pɔn"
	},
	"AED": {
		"name": "Ɛmirete Arab Nkabɔmu Deram"
	},
	"ERN": {
		"name": "Ɛretereya Nakfa"
	},
	"CVE": {
		"name": "Ɛskudo"
	},
	"FJD": {
		"name": "Figyi Dɔla"
	},
	"PHP": {
		"name": "Filipine peso",
		"symbol": "₱"
	},
	"FKP": {
		"name": "Fɔkland Aelande Pɔn"
	},
	"GMD": {
		"name": "Gambia Dalasi"
	},
	"GYD": {
		"name": "Gayana dɔla"
	},
	"GHS": {
		"name": "Ghana Sidi",
		"symbol": "GH₵"
	},
	"GNF": {
		"name": "Gini franke"
	},
	"GTQ": {
		"name": "Guatemala kwɛtsaa"
	},
	"JMD": {
		"name": "Gyameka dɔla"
	},
	"JPY": {
		"name": "Gyapan Yɛn",
		"symbol": "JP¥"
	},
	"GIP": {
		"name": "Gyebrotaa pɔn"
	},
	"DJF": {
		"name": "Gyebuti Frank"
	},
	"JOD": {
		"name": "Gyɔɔdan dinaa"
	},
	"GEL": {
		"name": "Gyɔɔgyia lari"
	},
	"HTG": {
		"name": "Haiti gɔɔde"
	},
	"HUF": {
		"name": "Hangari fɔrint"
	},
	"HNL": {
		"name": "Hɔndura lɛmpira"
	},
	"HKD": {
		"name": "Hɔnkɔn Dɔla",
		"symbol": "HK$"
	},
	"ISK": {
		"name": "Icelandfoɔ Króna"
	},
	"INR": {
		"name": "India Rupi",
		"symbol": "₹"
	},
	"IDR": {
		"name": "Indɔnihyia rupia"
	},
	"IQD": {
		"name": "Irak dinaa",
		"symbol": "Irak dinaa"
	},
	"EUR": {
		"name": "Iro",
		"symbol": "€"
	},
	"ILS": {
		"name": "Israel hyekel foforɔ",
		"symbol": "₪"
	},
	"ETB": {
		"name": "Itiopia Bir"
	},
	"KZT": {
		"name": "Kagyastan tenge"
	},
	"KGS": {
		"name": "Kagyɛstan som"
	},
	"KHR": {
		"name": "Kambodia riel"
	},
	"CAD": {
		"name": "Kanada Dɔla",
		"symbol": "CA$"
	},
	"XCD": {
		"name": "Karibine Apueeɛ dɔla",
		"symbol": "EC$"
	},
	"QAR": {
		"name": "Kata riyaa"
	},
	"KYD": {
		"name": "Kayemanfo Aelande dɔla"
	},
	"KES": {
		"name": "Kenya Hyelen"
	},
	"COP": {
		"name": "Kolombia peso"
	},
	"KMF": {
		"name": "Komoro Frank"
	},
	"CDF": {
		"name": "Kongo Frank"
	},
	"KRW": {
		"name": "Korea Anaafoɔ won",
		"symbol": "₩"
	},
	"KPW": {
		"name": "Korea Atifi won"
	},
	"CRC": {
		"name": "Kɔsta Rika kɔlɔn"
	},
	"CUP": {
		"name": "Kuba peso"
	},
	"KWD": {
		"name": "Kuwait dinaa"
	},
	"CNY": {
		"name": "kyaena yuan",
		"symbol": "CN¥"
	},
	"CZK": {
		"name": "Kyɛk koruna"
	},
	"CLP": {
		"name": "Kyili Peso"
	},
	"LRD": {
		"name": "Laeberia Dɔla"
	},
	"LAK": {
		"name": "Laohyia kip"
	},
	"SLE": {
		"name": "Leone"
	},
	"LSL": {
		"name": "Lesoto Loti"
	},
	"LBP": {
		"name": "Lɛbanon pɔn"
	},
	"LYD": {
		"name": "Libya Dina"
	},
	"SZL": {
		"name": "Lilangeni"
	},
	"MGA": {
		"name": "Madagasi Frank"
	},
	"MOP": {
		"name": "Makaw pataka"
	},
	"MYR": {
		"name": "Malaahyia ringgit"
	},
	"MWK": {
		"name": "Malawi Kwakya"
	},
	"MVR": {
		"name": "Maldivefoɔ rufiyaa"
	},
	"MKD": {
		"name": "Masidonia denaa"
	},
	"MMK": {
		"name": "Mayamaa kyat"
	},
	"MXN": {
		"name": "Mɛksiko pɛso",
		"symbol": "MX$"
	},
	"MDL": {
		"name": "Moldova Leu"
	},
	"MNT": {
		"name": "Mongoliafoɔ tugrike"
	},
	"MAD": {
		"name": "Moroko Diram"
	},
	"MZN": {
		"name": "Mozambik mɛtikaa"
	},
	"MUR": {
		"name": "Mɔrehyeɔs Rupi"
	},
	"MRU": {
		"name": "Mɔretenia Ouguiya"
	},
	"NGN": {
		"name": "Naegyeria Naira"
	},
	"NAD": {
		"name": "Namibia Dɔla"
	},
	"NPR": {
		"name": "Nepalfoɔ rupee"
	},
	"NZD": {
		"name": "New Zealand Dɔla",
		"symbol": "NZ$"
	},
	"NIO": {
		"name": "Nikaragua kɔɔdɔba"
	},
	"NOK": {
		"name": "Nɔɔwee Krone"
	},
	"OMR": {
		"name": "Oman rial"
	},
	"DZD": {
		"name": "Ɔlgyeria Dina"
	},
	"AUD": {
		"name": "Ɔstrelia Dɔla",
		"symbol": "A$"
	},
	"PKR": {
		"name": "Pakistanfoɔ rupee"
	},
	"PAB": {
		"name": "Panama baaboa"
	},
	"PGK": {
		"name": "Papua New Gini kina"
	},
	"PYG": {
		"name": "Paragayana guarani"
	},
	"PEN": {
		"name": "Pɛruvia sol"
	},
	"PLN": {
		"name": "Pɔlihye zloty"
	},
	"RWF": {
		"name": "Rewanda Frank"
	},
	"RON": {
		"name": "Romania Leu"
	},
	"RUB": {
		"name": "Rɔhyia rubuu"
	},
	"WST": {
		"name": "Samoa Tala"
	},
	"STN": {
		"name": "Sao Tome ne Principe Dobra"
	},
	"SAR": {
		"name": "Saudi Riyal"
	},
	"SCR": {
		"name": "Seyhyɛls Rupi"
	},
	"RSD": {
		"name": "Sɛɛbia dinaa"
	},
	"SGD": {
		"name": "Singapɔɔ dɔla"
	},
	"SYP": {
		"name": "Siria pɔn"
	},
	"SBD": {
		"name": "Solomon Aeland Dɔla"
	},
	"SOS": {
		"name": "Somailia Hyelen"
	},
	"LKR": {
		"name": "Sri Lankafoɔ rupee"
	},
	"SHP": {
		"name": "St Helena Pɔn"
	},
	"SSP": {
		"name": "Sudan Anaafoɔ Pɔn"
	},
	"SDG": {
		"name": "Sudan Dina"
	},
	"SRD": {
		"name": "Suriname dɔla"
	},
	"SEK": {
		"name": "Sweden Krona"
	},
	"CHF": {
		"name": "Swiss Franc"
	},
	"TWD": {
		"name": "Taewanfoɔ dɔla foforɔ",
		"symbol": "NT$"
	},
	"TJS": {
		"name": "Tagyikistan somoni"
	},
	"THB": {
		"name": "Tai bat"
	},
	"TZS": {
		"name": "Tanzania Hyelen"
	},
	"TRY": {
		"name": "Tɛki lira"
	},
	"TMT": {
		"name": "Tɛkmɛstan manat"
	},
	"TOP": {
		"name": "Tonga Paʻanga"
	},
	"TTD": {
		"name": "Trinidad ne Tobago dɔla"
	},
	"TND": {
		"name": "Tunisia Dina"
	},
	"UGX": {
		"name": "Uganda Hyelen"
	},
	"VUV": {
		"name": "Vanuatu vatu"
	},
	"VES": {
		"name": "Venezuelan bolívar"
	},
	"VND": {
		"name": "Viɛtnamfoɔ dɔn",
		"symbol": "₫"
	},
	"YER": {
		"name": "Yɛmɛn rial"
	},
	"IRR": {
		"name": "Yiranfoɔ rial"
	},
	"UAH": {
		"name": "Yukren hryvnia"
	},
	"UYU": {
		"name": "Yurugueɛ peso"
	},
	"UZS": {
		"name": "Yusbɛkistan som"
	},
	"ZMW": {
		"name": "Zambia Kwakya"
	}
}