{
	"MDL": {
		"name": "ሞልዶቫን ሊኡ"
	},
	"XPF": {
		"name": "ሲ ኤፍ ፒ ፍራንክ",
		"symbol": "CFPF"
	},
	"WST": {
		"name": "ሳሞአን ታላ"
	},
	"BTN": {
		"name": "ብሁታኒዝ ንጉልትረም"
	},
	"TMT": {
		"name": "ቱርክሜኒስታኒ ማናት"
	},
	"TOP": {
		"name": "ቶንጋን ፓ’አንጋ"
	},
	"CZK": {
		"name": "ቼክ ሪፐብሊክ ኮሩና"
	},
	"AWG": {
		"name": "አሩባን ፍሎሪን"
	},
	"HNL": {
		"name": "የሃንዱራ ሌምፓአይራ"
	},
	"HUF": {
		"name": "የሃንጋሪያን ፎሪንት"
	},
	"HTG": {
		"name": "የሃያቲ ጓርዴ"
	},
	"HKD": {
		"name": "የሆንግኮንግ ዶላር",
		"symbol": "HK$"
	},
	"LYD": {
		"name": "የሊቢያ ዲናር"
	},
	"LBP": {
		"name": "የሊባኖስ ፓውንድ"
	},
	"LAK": {
		"name": "የላኦቲ ኪፕ"
	},
	"LRD": {
		"name": "የላይቤሪያ ዶላር"
	},
	"LSL": {
		"name": "የሌሶቶ ሎቲ"
	},
	"INR": {
		"name": "የሕንድ ሩፒ",
		"symbol": "₹"
	},
	"XAF": {
		"name": "የመካከለኛው አፍሪካ ሴፋ ፍራንክ",
		"symbol": "FCFA"
	},
	"MWK": {
		"name": "የማላዊ ኩዋቻ"
	},
	"MYR": {
		"name": "የማሌዥያ ሪንጊት"
	},
	"MVR": {
		"name": "የማልዲቫ ሩፊያ"
	},
	"MOP": {
		"name": "የማካኔዝ ፓታካ"
	},
	"MMK": {
		"name": "የማያናማር ክያት"
	},
	"MGA": {
		"name": "የማደጋስካር ማላጋስይ አሪያርይ"
	},
	"MKD": {
		"name": "የሜቆድንያ ዲናር"
	},
	"MXN": {
		"name": "የሜክሲኮ ፔሶ",
		"symbol": "MX$"
	},
	"XOF": {
		"name": "የምዕራብ አፍሪካ ሴፋ ፍራንክ",
		"symbol": "F CFA"
	},
	"XCD": {
		"name": "የምዕራብ ካሪብያን ዶላር",
		"symbol": "EC$"
	},
	"MUR": {
		"name": "የሞሪሸስ ሩፒ"
	},
	"MRU": {
		"name": "የሞሪቴኒያ ኦውጉያ"
	},
	"MAD": {
		"name": "የሞሮኮ ዲርሀም"
	},
	"MNT": {
		"name": "የሞንጎሊያን ቱግሪክ"
	},
	"MZN": {
		"name": "የሞዛምቢክ ሜቲካል"
	},
	"RUB": {
		"name": "የሩስያ ሩብል"
	},
	"RWF": {
		"name": "የሩዋንዳ ፍራንክ"
	},
	"RON": {
		"name": "የሮማኒያ ለው"
	},
	"SBD": {
		"name": "የሰለሞን ደሴቶች ዶላር"
	},
	"KPW": {
		"name": "የሰሜን ኮሪያ ዎን"
	},
	"RSD": {
		"name": "የሰርቢያ ዲናር"
	},
	"SRD": {
		"name": "የሰርናሜዝ ዶላር"
	},
	"SDG": {
		"name": "የሱዳን ፓውንድ"
	},
	"LKR": {
		"name": "የሲሪላንካ ሩፒ"
	},
	"SYP": {
		"name": "የሲሪያ ፓውንድ"
	},
	"SCR": {
		"name": "የሲሼል ሩፒ"
	},
	"SGD": {
		"name": "የሲንጋፖር ዶላር"
	},
	"STN": {
		"name": "የሳኦ ቶሜ እና ፕሪንሲፔ ዶብራ"
	},
	"SAR": {
		"name": "የሳውዲ ሪያል"
	},
	"SLE": {
		"name": "የሴራሊዎን ሊዎን"
	},
	"SHP": {
		"name": "የሴይንት ሔሌና ፓውንድ"
	},
	"CHF": {
		"name": "የስዊስ ፍራንክ"
	},
	"SEK": {
		"name": "የስዊድን ክሮና"
	},
	"SZL": {
		"name": "የስዋዚላንድ ሊላንገኒ"
	},
	"SOS": {
		"name": "የሶማሌ ሺሊንግ"
	},
	"BGN": {
		"name": "የቡልጋሪያ ሌቭ"
	},
	"BSD": {
		"name": "የባሃማስ ዶላር"
	},
	"BBD": {
		"name": "የባርቤዶስ ዶላር"
	},
	"BDT": {
		"name": "የባንግላዲሽ ታካ"
	},
	"BHD": {
		"name": "የባኽሬን ዲናር"
	},
	"BZD": {
		"name": "የቤሊዝ ዶላር"
	},
	"BYN": {
		"name": "የቤላሩስያ ሩብል"
	},
	"BMD": {
		"name": "የቤርሙዳ ዶላር"
	},
	"BND": {
		"name": "የብሩኔ ዶላር"
	},
	"BIF": {
		"name": "የብሩንዲ ፍራንክ"
	},
	"BRL": {
		"name": "የብራዚል ሪል",
		"symbol": "R$"
	},
	"BOB": {
		"name": "የቦሊቪያ ቦሊቪያኖ"
	},
	"BAM": {
		"name": "የቦስኒያ ሄርዞጎቪና የሚመነዘር ማርክ"
	},
	"BWP": {
		"name": "የቦትስዋና ፑላ"
	},
	"VUV": {
		"name": "የቫንዋንቱ ቫቱ"
	},
	"VES": {
		"name": "የቬንዝዌላ-ቦሊቫር"
	},
	"VND": {
		"name": "የቭየትናም ዶንግ",
		"symbol": "₫"
	},
	"AED": {
		"name": "የተባበሩት የአረብ ኤምሬትስ ድርሀም"
	},
	"TRY": {
		"name": "የቱርክ ሊራ"
	},
	"TND": {
		"name": "የቱኒዚያ ዲናር"
	},
	"TZS": {
		"name": "የታንዛኒያ ሺሊንግ"
	},
	"THB": {
		"name": "የታይላንድ ባህት",
		"symbol": "฿"
	},
	"TJS": {
		"name": "የታጂክስታን ሶሞኒ"
	},
	"TTD": {
		"name": "የትሪንዳድ እና ቶቤጎዶላር"
	},
	"CLP": {
		"name": "የቺሊ ፔሶ"
	},
	"CNY": {
		"name": "የቻይና የን",
		"symbol": "CN¥"
	},
	"NIO": {
		"name": "የኒካራጓ ኮርዶባ"
	},
	"NZD": {
		"name": "የኒውዚላንድ ዶላር",
		"symbol": "NZ$"
	},
	"NAD": {
		"name": "የናሚቢያ ዶላር"
	},
	"NGN": {
		"name": "የናይጄሪያ ናይራ"
	},
	"NPR": {
		"name": "የኔፓል ሩፒ"
	},
	"NOK": {
		"name": "የኖርዌይ ክሮን"
	},
	"ALL": {
		"name": "የአልባንያ ሌክ"
	},
	"DZD": {
		"name": "የአልጄሪያ ዲናር"
	},
	"USD": {
		"name": "የአሜሪካን ዶላር",
		"symbol": "US$"
	},
	"AMD": {
		"name": "የአርመን ድራም"
	},
	"ARS": {
		"name": "የአርጀንቲና ፔሶ"
	},
	"AOA": {
		"name": "የአንጎላ ኩዋንዛ"
	},
	"AUD": {
		"name": "የአውስትራሊያ ዶላር",
		"symbol": "AU$"
	},
	"AZN": {
		"name": "የአዛርባጃን ማናት"
	},
	"ISK": {
		"name": "የአይስላንድ ክሮና"
	},
	"TWD": {
		"name": "የአዲሷ ታይዋን ዶላር",
		"symbol": "NT$"
	},
	"AFN": {
		"name": "የአፍጋን አፍጋኒ"
	},
	"UYU": {
		"name": "የኡራጓይ ፔሶ"
	},
	"UZS": {
		"name": "የኡዝፔኪስታን ሶም"
	},
	"IQD": {
		"name": "የኢራቅ ዲናር"
	},
	"IRR": {
		"name": "የኢራን ሪአል"
	},
	"ETB": {
		"name": "የኢትዮጵያ ብር",
		"symbol": "ብር"
	},
	"IDR": {
		"name": "የኢንዶኔዥያ ሩፒሃ"
	},
	"ERN": {
		"name": "የኤርትራ ናቅፋ"
	},
	"ILS": {
		"name": "የእስራኤል አዲስ ሽቅል",
		"symbol": "₪"
	},
	"GBP": {
		"name": "የእንግሊዝ ፓውንድ ስተርሊንግ",
		"symbol": "£"
	},
	"OMR": {
		"name": "የኦማን ሪአል"
	},
	"CUP": {
		"name": "የኩባ ፔሶ"
	},
	"KWD": {
		"name": "የኩዌት ዲናር"
	},
	"KGS": {
		"name": "የኪርጊስታን ሶም"
	},
	"KHR": {
		"name": "የካምቦዲያ ሬል"
	},
	"CAD": {
		"name": "የካናዳ ዶላር",
		"symbol": "CA$"
	},
	"KZT": {
		"name": "የካዛኪስታን ተንጌ"
	},
	"KYD": {
		"name": "የካይማን ደሴቶች ዶላር"
	},
	"KES": {
		"name": "የኬኒያ ሺሊንግ"
	},
	"CVE": {
		"name": "የኬፕ ቫርዲ ኤስኩዶ"
	},
	"COP": {
		"name": "የኮሎምቢያ ፔሶ"
	},
	"KMF": {
		"name": "የኮሞሮ ፍራንክ"
	},
	"CRC": {
		"name": "የኮስታሪካ ኮሎን"
	},
	"CDF": {
		"name": "የኮንጐ ፍራንክ ኮንጐሌዝ"
	},
	"QAR": {
		"name": "የኳታር ሪአል"
	},
	"ZMW": {
		"name": "የዛምቢያ ክዋቻ"
	},
	"YER": {
		"name": "የየመን ሪአል"
	},
	"UAH": {
		"name": "የዩክሬን ሀሪይቭኒአ"
	},
	"UGX": {
		"name": "የዩጋንዳ ሺሊንግ"
	},
	"SSP": {
		"name": "የደቡብ ሱዳን ፓውንድ"
	},
	"ZAR": {
		"name": "የደቡብ አፍሪካ ራንድ"
	},
	"KRW": {
		"name": "የደቡብ ኮሪያ ዎን",
		"symbol": "₩"
	},
	"DKK": {
		"name": "የዴንማርክ ክሮን"
	},
	"DOP": {
		"name": "የዶሚኒክ ፔሶ"
	},
	"JMD": {
		"name": "የጃማይካ ዶላር"
	},
	"JPY": {
		"name": "የጃፓን የን",
		"symbol": "JP¥"
	},
	"DJF": {
		"name": "የጅቡቲ ፍራንክ"
	},
	"JOD": {
		"name": "የጆርዳን ዲናር"
	},
	"GEL": {
		"name": "የጆርጅያ ላሪ"
	},
	"GYD": {
		"name": "የጉየና ዶላር"
	},
	"GNF": {
		"name": "የጊኒ ፍራንክ"
	},
	"GMD": {
		"name": "የጋምቢያ ዳላሲ"
	},
	"GHS": {
		"name": "የጋና ሲዲ"
	},
	"EGP": {
		"name": "የግብጽ ፓውንድ"
	},
	"PHP": {
		"name": "የፊሊፒንስ ፔሶ"
	},
	"FJD": {
		"name": "የፊጂ ዶላር"
	},
	"FKP": {
		"name": "የፎክላንድ ደሴቶች ፓውንድ"
	},
	"PYG": {
		"name": "የፓራጓይ ጉአራኒ"
	},
	"PKR": {
		"name": "የፓኪስታን ሩፒ"
	},
	"PGK": {
		"name": "የፓፕዋ ኒው ጊኒ ኪና"
	},
	"PEN": {
		"name": "የፔሩቪያ ሶል"
	},
	"PLN": {
		"name": "የፖላንድ ዝሎቲ"
	},
	"EUR": {
		"name": "ዩሮ",
		"symbol": "€"
	},
	"GIP": {
		"name": "ጂብራልተር ፓውንድ"
	},
	"GTQ": {
		"name": "ጓቲማላን ኩቲዛል"
	},
	"PAB": {
		"name": "ፓናማኒአን ባልቦአ"
	},
	"XCG": {
		"name": "Caribbean guilder",
		"symbol": "Cg."
	}
}