{
	"ALL": {
		"name": "Albániái Lek",
		"symbol": "ALBL"
	},
	"DZD": {
		"name": "Aljiriái Dinár",
		"symbol": "ALJD"
	},
	"USD": {
		"name": "Amriki dhálar",
		"symbol": "$"
	},
	"AOA": {
		"name": "Angólái Kwanzá",
		"symbol": "ANGK"
	},
	"ARS": {
		"name": "Arjentinái Paysó",
		"symbol": "ARJP"
	},
	"AMD": {
		"name": "Árminiái Dram",
		"symbol": "ARMD"
	},
	"AWG": {
		"name": "Arubi Flórin",
		"symbol": "ARBF"
	},
	"AUD": {
		"name": "Ástráliái Dhálar",
		"symbol": "A$"
	},
	"AFN": {
		"name": "Awgáni Awgáni",
		"symbol": "AWGA"
	},
	"AZN": {
		"name": "Ázerbáijáni Manat",
		"symbol": "AZRM"
	},
	"BSD": {
		"name": "Bahami Dhálar",
		"symbol": "BHMD"
	},
	"BHD": {
		"name": "Bahreni Dinár"
	},
	"BDT": {
		"name": "Bangaladéshi Thakká",
		"symbol": "BGDT"
	},
	"BBD": {
		"name": "Barbadi Dhálar",
		"symbol": "BRBD"
	},
	"GBP": {
		"name": "Bartáni pawndh",
		"symbol": "BRTP"
	},
	"BYN": {
		"name": "Bélárusi Rubel",
		"symbol": "BLRR"
	},
	"BZD": {
		"name": "Belizé Dhálar",
		"symbol": "BLZD"
	},
	"BMD": {
		"name": "Bermudá Dhálar",
		"symbol": "BRMD"
	},
	"BOB": {
		"name": "Boliwiái Boliwiánó",
		"symbol": "BLWB"
	},
	"BAM": {
		"name": "Bósniá-Herzigówinái Badali Mark",
		"symbol": "BHBM"
	},
	"BWP": {
		"name": "Botswánái Pulá",
		"symbol": "BTSP"
	},
	"BRL": {
		"name": "Brázili riál",
		"symbol": "R$"
	},
	"BND": {
		"name": "Brunái Dhálar",
		"symbol": "BRND"
	},
	"BGN": {
		"name": "Bulgáriái Lew",
		"symbol": "BLGL"
	},
	"BIF": {
		"name": "Burundi Fránk",
		"symbol": "BRDF"
	},
	"BTN": {
		"name": "Butháni Ngultrum",
		"symbol": "BTNN"
	},
	"XCG": {
		"name": "Caribbean guilder",
		"symbol": "Cg."
	},
	"XPF": {
		"name": "CFP Fránk",
		"symbol": "CFPF"
	},
	"CZK": {
		"name": "Chek Koruná",
		"symbol": "CHKK"
	},
	"CLP": {
		"name": "Chilayi Paysó"
	},
	"CNY": {
		"name": "Chini Yuán",
		"symbol": "CHNY"
	},
	"DKK": {
		"name": "Danmárki Koron",
		"symbol": "DNMK"
	},
	"XAF": {
		"name": "Delgáhi Aprikái CFA Fránk",
		"symbol": "DARF"
	},
	"DJF": {
		"name": "Djebuti Fránk",
		"symbol": "DJBF"
	},
	"DOP": {
		"name": "Dominiki Paysó",
		"symbol": "DOMP"
	},
	"AED": {
		"name": "Emáráti Darham"
	},
	"IDR": {
		"name": "Endhónishiái Rupiá",
		"symbol": "ENDR"
	},
	"IQD": {
		"name": "Eráki Dinár"
	},
	"IRR": {
		"name": "Éráni Ryál",
		"symbol": "ERNR"
	},
	"ERN": {
		"name": "Eritiriái Nakfá",
		"symbol": "ERTN"
	},
	"ILS": {
		"name": "Esráili Nókén Shekel",
		"symbol": "₪"
	},
	"ETB": {
		"name": "Etiupiái Birr",
		"symbol": "ETPB"
	},
	"FKP": {
		"name": "Fálklánd Islándi Pawndh"
	},
	"FJD": {
		"name": "Fiji Dhálar"
	},
	"GMD": {
		"name": "Gambiái Dalasi",
		"symbol": "GMBD"
	},
	"GHS": {
		"name": "Gánái Sédi",
		"symbol": "GNAS"
	},
	"QAR": {
		"name": "Gatari Riál"
	},
	"GIP": {
		"name": "Gibraltar Pawndh",
		"symbol": "GBRP"
	},
	"GYD": {
		"name": "Góyánái Dhálar"
	},
	"GTQ": {
		"name": "Gwátemálái Kwetzal",
		"symbol": "GTMK"
	},
	"GNF": {
		"name": "Gwiniái Fránk",
		"symbol": "GWNF"
	},
	"HTG": {
		"name": "Haiti Gurde",
		"symbol": "HTNG"
	},
	"HKD": {
		"name": "Háng Káng Dhálar",
		"symbol": "HGKD"
	},
	"INR": {
		"name": "Hendostáni Rupi",
		"symbol": "HNDR"
	},
	"HNL": {
		"name": "Hondurái Lempirá",
		"symbol": "HNDL"
	},
	"HUF": {
		"name": "Hungáriái Forint",
		"symbol": "HGRF"
	},
	"ISK": {
		"name": "Isláni Króná",
		"symbol": "ISLK"
	},
	"JMD": {
		"name": "Jamáiki Dhálar",
		"symbol": "JMKD"
	},
	"JPY": {
		"name": "Jápáni Yen",
		"symbol": "¥"
	},
	"GEL": {
		"name": "Járjiái Lari",
		"symbol": "JRJL"
	},
	"KHR": {
		"name": "Kambódhiái Riél",
		"symbol": "KMBR"
	},
	"CDF": {
		"name": "Kángói Fránk",
		"symbol": "KNGF"
	},
	"KGS": {
		"name": "Kargestáni Som",
		"symbol": "KGSS"
	},
	"KYD": {
		"name": "Kayman Islándi Dhálar",
		"symbol": "KMID"
	},
	"CAD": {
		"name": "Kaynadhái Dhálar",
		"symbol": "KN$"
	},
	"CVE": {
		"name": "Kayp Werdi Eskudó",
		"symbol": "KWRE"
	},
	"KZT": {
		"name": "Kázakestáni Tengé",
		"symbol": "KZKT"
	},
	"KES": {
		"name": "Kinyái Shilling",
		"symbol": "KINS"
	},
	"COP": {
		"name": "Kolambiái Paysó",
		"symbol": "KLBP"
	},
	"KMF": {
		"name": "Komóriái Éránk",
		"symbol": "KMRF"
	},
	"CRC": {
		"name": "Kóstá Rikái Kolón",
		"symbol": "KRK"
	},
	"KWD": {
		"name": "Kwayti Dinár"
	},
	"CUP": {
		"name": "Kyubái Paysó",
		"symbol": "CBAP"
	},
	"LRD": {
		"name": "Láibiriái Dhálar",
		"symbol": "LBRD"
	},
	"LAK": {
		"name": "Laótiái Kip",
		"symbol": "LTKK"
	},
	"LBP": {
		"name": "Lebnáni Pawndh",
		"symbol": "LBNP"
	},
	"LSL": {
		"name": "Lesótó Lóti",
		"symbol": "LSTL"
	},
	"LYD": {
		"name": "Libyái Dinár",
		"symbol": "LBYD"
	},
	"MOP": {
		"name": "Makani Pataká",
		"symbol": "MKNP"
	},
	"MKD": {
		"name": "Makduniái Dinár",
		"symbol": "MKDD"
	},
	"MGA": {
		"name": "Malagasi Ariári",
		"symbol": "MLGA"
	},
	"MWK": {
		"name": "Malawi Kwachá",
		"symbol": "MLWK"
	},
	"MVR": {
		"name": "Máldipi Rupiyá",
		"symbol": "MLDR"
	},
	"MYR": {
		"name": "Malishiái Ringgit",
		"symbol": "MLRG"
	},
	"MRU": {
		"name": "Mauritániái Ugwiyá",
		"symbol": "MRTU"
	},
	"MXN": {
		"name": "Meksikói Paysó",
		"symbol": "MKS$"
	},
	"EGP": {
		"name": "Mesri Pawndh",
		"symbol": "MSRP"
	},
	"MDL": {
		"name": "Moldówi Leu",
		"symbol": "MLDL"
	},
	"MNT": {
		"name": "Mongóliái Tugrik",
		"symbol": "MNGT"
	},
	"MAD": {
		"name": "Mórokói Darham",
		"symbol": "MRKD"
	},
	"MZN": {
		"name": "Mózambiki Metikal",
		"symbol": "MZBM"
	},
	"MUR": {
		"name": "Muritániái Rupi",
		"symbol": "MURR"
	},
	"MMK": {
		"name": "Myanmár Kyát",
		"symbol": "MNMK"
	},
	"NGN": {
		"name": "Náijiriái Nairá",
		"symbol": "NJRN"
	},
	"NAD": {
		"name": "Namibiái Dhálar",
		"symbol": "NMBD"
	},
	"NOK": {
		"name": "Nárwéji Koron",
		"symbol": "NRWK"
	},
	"NPR": {
		"name": "Népáli Rupi",
		"symbol": "NPLR"
	},
	"NIO": {
		"name": "Nikárágóái Kordobá",
		"symbol": "NKGC"
	},
	"TWD": {
		"name": "Nyu Táiwán Dhálar",
		"symbol": "NTWD"
	},
	"NZD": {
		"name": "Nyu Zilánd Dhálar",
		"symbol": "NZ$"
	},
	"OMR": {
		"name": "Ománi Riál"
	},
	"JOD": {
		"name": "Ordoni Dinár"
	},
	"UZS": {
		"name": "Ozbekestáni Som",
		"symbol": "OZBS"
	},
	"PKR": {
		"name": "Pákestáni Rupi",
		"symbol": "PKRS"
	},
	"PAB": {
		"name": "Panamániái Balbóá",
		"symbol": "PNMB"
	},
	"PGK": {
		"name": "Pápuá Nyu Gwini Kiná"
	},
	"PYG": {
		"name": "Payráguyái Gwarani",
		"symbol": "PRGG"
	},
	"PHP": {
		"name": "Pelpini Paysó",
		"symbol": "PLPP"
	},
	"PEN": {
		"name": "Péruwi Sól",
		"symbol": "PRSL"
	},
	"PLN": {
		"name": "Pólándi Zlóti",
		"symbol": "PLNZ"
	},
	"XCD": {
		"name": "Ródarátki Karibiái Dhálar",
		"symbol": "RKB$"
	},
	"XOF": {
		"name": "Rónendi Aprikái CFA Fránk",
		"symbol": "RACF"
	},
	"RON": {
		"name": "Rumániái Leu",
		"symbol": "RMNL"
	},
	"RUB": {
		"name": "Rusi Rubel",
		"symbol": "RUSR"
	},
	"RWF": {
		"name": "Rwándái Fránk",
		"symbol": "RWDF"
	},
	"WST": {
		"name": "Samóan Talá"
	},
	"STN": {
		"name": "Sáó Tómé o Prensip Dobrá",
		"symbol": "STPD"
	},
	"RSD": {
		"name": "Sarbiái Dinár",
		"symbol": "SRBD"
	},
	"SAR": {
		"name": "Saudi Riál"
	},
	"SCR": {
		"name": "Seychelli Rupi",
		"symbol": "SCLR"
	},
	"KPW": {
		"name": "Shemáli Kóriái Won",
		"symbol": "SHKW"
	},
	"SLE": {
		"name": "Siérá Leóni León",
		"symbol": "SLNL"
	},
	"SGD": {
		"name": "Singápur Dhálar",
		"symbol": "SGPD"
	},
	"SBD": {
		"name": "Solomán Islánd Dhálar"
	},
	"SOS": {
		"name": "Sómáli Shilling",
		"symbol": "SÓMS"
	},
	"LKR": {
		"name": "Sri Lankái Rupi",
		"symbol": "SRLR"
	},
	"SHP": {
		"name": "St. Helénái Pawndh",
		"symbol": "SHLP"
	},
	"SDG": {
		"name": "Sudáni Pawndh",
		"symbol": "SDNP"
	},
	"SYP": {
		"name": "Suriái Pawndh",
		"symbol": "SURP"
	},
	"SRD": {
		"name": "Surinami Dhálar",
		"symbol": "SRND"
	},
	"SZL": {
		"name": "Swázi Lilangeni",
		"symbol": "SWZL"
	},
	"SEK": {
		"name": "Swidi Koron",
		"symbol": "SWDK"
	},
	"CHF": {
		"name": "Swizi Fránk",
		"symbol": "SWZF"
	},
	"THB": {
		"name": "Tái Baht",
		"symbol": "TÁIB"
	},
	"TJS": {
		"name": "Tájekestáni Somoni"
	},
	"TZS": {
		"name": "Tanzániái Shilling",
		"symbol": "TNZS"
	},
	"TOP": {
		"name": "Tongan Pángá"
	},
	"TRY": {
		"name": "Torki Lirá",
		"symbol": "TRKL"
	},
	"TTD": {
		"name": "Trinidadi o Tobagó Dhálar",
		"symbol": "TDTD"
	},
	"TMT": {
		"name": "TRKM"
	},
	"TND": {
		"name": "Tunisi Dinár",
		"symbol": "TNSD"
	},
	"VUV": {
		"name": "Wanuátu Wátu"
	},
	"VES": {
		"name": "Wénezwélái Boliwar",
		"symbol": "WNZB"
	},
	"VND": {
		"name": "Wietnámi Dong",
		"symbol": "WTND"
	},
	"YER": {
		"name": "Yamani Riál"
	},
	"UGX": {
		"name": "Yugandhái Shilling",
		"symbol": "YUGS"
	},
	"UAH": {
		"name": "Yukrayni Hriwniá",
		"symbol": "YKNH"
	},
	"EUR": {
		"name": "Yuró",
		"symbol": "€"
	},
	"UYU": {
		"name": "Yurógóyái Paysó",
		"symbol": "YRGP"
	},
	"ZMW": {
		"name": "Zambiái Kwachá",
		"symbol": "ZMBK"
	},
	"ZAR": {
		"name": "Zerbári Aprikái Rand",
		"symbol": "ZAPR"
	},
	"KRW": {
		"name": "Zerbári Kóriái Won",
		"symbol": "ZBKW"
	},
	"SSP": {
		"name": "Zerbári Sudáni Pawndh",
		"symbol": "ZRSP"
	}
}