{
	"AFN": {
		"name": "Afganistan kahafganii"
	},
	"ALL": {
		"name": "Albanii kalɛɛkɩ"
	},
	"DZD": {
		"name": "Aljerii kaɖinaa"
	},
	"USD": {
		"name": "Amalɩka kaɖala",
		"symbol": "US$"
	},
	"AOA": {
		"name": "Aŋgolaa kakʊwansa"
	},
	"ARS": {
		"name": "Arjantin kapɛsoo"
	},
	"AMD": {
		"name": "Armenii kaɖram"
	},
	"AWG": {
		"name": "Arubaa kafɔlɔrɛŋ"
	},
	"AZN": {
		"name": "Asɛrbaɩjaŋ kamanaatɩ"
	},
	"BSD": {
		"name": "Bahamaasɩ kaɖala"
	},
	"BDT": {
		"name": "Baŋglaɖɛɛshɩ kataka"
	},
	"BBD": {
		"name": "Barbaɖɔɔsɩ kaɖala"
	},
	"BHD": {
		"name": "Barɛɛn kaɖinaa"
	},
	"BYN": {
		"name": "Belaruus karubǝl"
	},
	"BZD": {
		"name": "Beliis kaɖala"
	},
	"BMD": {
		"name": "Bɛrmuɖaa kaɖala"
	},
	"BOB": {
		"name": "Bolifiya kabolifiyano"
	},
	"BAM": {
		"name": "Bɔsniya na Hɛrsegɔfina kamarkɩ"
	},
	"BWP": {
		"name": "Bɔsʊwanaa kapula"
	},
	"BRL": {
		"name": "Bresil kareyal",
		"symbol": "R$"
	},
	"BND": {
		"name": "Brunɛɩ kaɖala"
	},
	"BGN": {
		"name": "Bulgarii kalɛɛfʊ"
	},
	"BIF": {
		"name": "Burunɖii kafaraŋ"
	},
	"BTN": {
		"name": "Butan kaŋgulturɔm"
	},
	"CNY": {
		"name": "Caɩna kayuwan",
		"symbol": "CN¥"
	},
	"XCG": {
		"name": "Caribbean guilder",
		"symbol": "Cg."
	},
	"CZK": {
		"name": "Cɛk kakrona"
	},
	"DKK": {
		"name": "Ɖanǝmark kakrona"
	},
	"DOP": {
		"name": "Ɖominikaa kapɛsoo"
	},
	"EGP": {
		"name": "Ejipti kapɔŋ"
	},
	"AED": {
		"name": "Emiir baGanɔ gaɖɔŋkɔnɔ kaAlaaributǝna kaɖiram"
	},
	"ERN": {
		"name": "Eritree kanafka"
	},
	"EUR": {
		"name": "eroo",
		"symbol": "€"
	},
	"ETB": {
		"name": "Etiyopii kabiir"
	},
	"IDR": {
		"name": "Ɛnɖonosii karupiyaa"
	},
	"VUV": {
		"name": "Fanuwatu kafatu"
	},
	"VES": {
		"name": "Fenesuwelaa kabolifar"
	},
	"VND": {
		"name": "Fɛtnam kaɖɔŋgɩ",
		"symbol": "₫"
	},
	"FJD": {
		"name": "Fiji kaɖala"
	},
	"PHP": {
		"name": "Filipiin kapɛsoo",
		"symbol": "₱"
	},
	"FKP": {
		"name": "Fɔklanɖ kaBʊtukǝltǝna kapɔŋ"
	},
	"GBP": {
		"name": "Gagɛɛshɩtǝna kapɔŋ",
		"symbol": "£"
	},
	"GMD": {
		"name": "Gambii kaɖalaasi"
	},
	"GHS": {
		"name": "Gana kasiɖi"
	},
	"XAF": {
		"name": "Garɩɖontǝna gɩcɩɩca kasɛɛfa",
		"symbol": "FCFA"
	},
	"XOF": {
		"name": "Garɩɖontǝna gɩteŋshilelaŋ kasɛɛfa",
		"symbol": "F CFA"
	},
	"GIP": {
		"name": "Gibraltaa kapɔŋ"
	},
	"GNF": {
		"name": "Ginee kafaraŋ"
	},
	"GTQ": {
		"name": "Guwatemalaa kakesaal"
	},
	"GYD": {
		"name": "Guyanaa kaɖala"
	},
	"HTG": {
		"name": "Hayitii kaguurɖi"
	},
	"HNL": {
		"name": "Hɔnɖuraasɩ kalampira"
	},
	"HKD": {
		"name": "Hɔŋ Kɔŋ kaɖala",
		"symbol": "HK$"
	},
	"UAH": {
		"name": "Ikrɛɛn karifniya"
	},
	"MUR": {
		"name": "Imoris karupii"
	},
	"INR": {
		"name": "Inɖiya karupii",
		"symbol": "₹"
	},
	"IRR": {
		"name": "Iraŋ kariyal"
	},
	"ISK": {
		"name": "Islanɖ kakrona"
	},
	"IQD": {
		"name": "Ɩraakɩ kaɖinaa"
	},
	"JMD": {
		"name": "Jamaɩka kaɖala"
	},
	"JPY": {
		"name": "Japaŋ kayɛn",
		"symbol": "JP¥"
	},
	"DJF": {
		"name": "Jibutii kafaraŋ"
	},
	"JOD": {
		"name": "Jɔrɖanii kaɖinaa"
	},
	"GEL": {
		"name": "Jɔrjiya kalari"
	},
	"KHR": {
		"name": "Kamboɖiya kariyɛl"
	},
	"CAD": {
		"name": "Kanaɖaa kaɖala",
		"symbol": "CA$"
	},
	"CVE": {
		"name": "Kapfɛɛr kahɛskuɖoo"
	},
	"XCD": {
		"name": "Karayiib gajakalaŋ kaɖala",
		"symbol": "EC$"
	},
	"KZT": {
		"name": "Kasastan katɛŋgɛ"
	},
	"QAR": {
		"name": "Kataa kariyal"
	},
	"KYD": {
		"name": "Kayimaan kaBʊtukǝltǝna kaɖala"
	},
	"KES": {
		"name": "Keniya kashílè"
	},
	"KGS": {
		"name": "Kirgistan kasɔm"
	},
	"COP": {
		"name": "Kolɔmbii kapɛsoo"
	},
	"KMF": {
		"name": "Komɔɔr kafaraŋ"
	},
	"CDF": {
		"name": "Koŋgoo kafaraŋ"
	},
	"KPW": {
		"name": "Koree gʊnyɩpɛnɛlaŋ kawɔn"
	},
	"KRW": {
		"name": "Koree gʊnyɩsonolaŋ kawɔn",
		"symbol": "₩"
	},
	"KWD": {
		"name": "Koweeti kaɖinaa"
	},
	"CRC": {
		"name": "Kɔsta Rikaa kakolɔn"
	},
	"CUP": {
		"name": "Kubaa kapɛsoo"
	},
	"LAK": {
		"name": "Lawɔs kakip"
	},
	"LSL": {
		"name": "Lesotoo kaloti"
	},
	"LRD": {
		"name": "Liberiya kaɖala"
	},
	"LYD": {
		"name": "Libii kaɖinaa"
	},
	"LBP": {
		"name": "Liibaaŋ kapɔŋ"
	},
	"MGA": {
		"name": "Maɖagaskaa kaharɩyaarɩ"
	},
	"MOP": {
		"name": "Makawoo kapataka"
	},
	"MWK": {
		"name": "Malawii kakʊwaasha"
	},
	"MVR": {
		"name": "Malɖiifu karufiyaa"
	},
	"MYR": {
		"name": "Malɛsii kariŋgiiti"
	},
	"MKD": {
		"name": "Maseɖoniya kaɖenaa"
	},
	"MXN": {
		"name": "Mɛsik kapɛsoo",
		"symbol": "MX$"
	},
	"MMK": {
		"name": "Miyanmaa kakiyaatɩ"
	},
	"MDL": {
		"name": "Molɖafiya kalewu"
	},
	"MRU": {
		"name": "Moritanii kahugiya"
	},
	"MAD": {
		"name": "Morooko kaɖiram"
	},
	"MZN": {
		"name": "Mosambii kametikal"
	},
	"MNT": {
		"name": "Mɔŋgolii katugiriiki"
	},
	"NAD": {
		"name": "Namibii kaɖala"
	},
	"NGN": {
		"name": "Nanjiiriya kanɛɛra"
	},
	"NPR": {
		"name": "Neepal karupii"
	},
	"NIO": {
		"name": "Nikaraguwaa kakɔrɖoba"
	},
	"NOK": {
		"name": "Nɔrfɛsh kakrona"
	},
	"OMR": {
		"name": "Oman kariyal"
	},
	"HUF": {
		"name": "Ɔŋgrii kafɔrɩntɩ"
	},
	"AUD": {
		"name": "Ɔstraliya kaɖala",
		"symbol": "A$"
	},
	"PKR": {
		"name": "Pakistan karupii"
	},
	"PAB": {
		"name": "Panamaa kabalbowa"
	},
	"PGK": {
		"name": "Papuasii Ginee afɔlɩ kakina"
	},
	"PYG": {
		"name": "Paraguwee kaguwarani"
	},
	"PEN": {
		"name": "Peruu kasol"
	},
	"PLN": {
		"name": "Polanɖ kasǝlɔɔtɩ"
	},
	"XPF": {
		"name": "Polinesiya Gafɔntǝna kaja kafaraŋ",
		"symbol": "CFPF"
	},
	"RON": {
		"name": "Romanii kalewu"
	},
	"RUB": {
		"name": "Rɔɔshɩya karubǝl"
	},
	"RWF": {
		"name": "Rʊwanɖaa kafaraŋ"
	},
	"SBD": {
		"name": "Salomɔɔn kaBʊtukǝltǝna kaɖala"
	},
	"ZMW": {
		"name": "Sambii kakʊwaasha"
	},
	"WST": {
		"name": "Samowa katala"
	},
	"STN": {
		"name": "Saotomee kaɖobra"
	},
	"SAR": {
		"name": "Sauɖiya kariyal"
	},
	"ZAR": {
		"name": "Sautafrika karanɖɩ"
	},
	"NZD": {
		"name": "Selanɖ afɔlɩ kaɖala",
		"symbol": "NZ$"
	},
	"SLE": {
		"name": "Seraleyɔn kaleyɔn"
	},
	"SCR": {
		"name": "Seshɛl karupii"
	},
	"SHP": {
		"name": "Sɛŋ Elenaa kapɔŋ"
	},
	"RSD": {
		"name": "Sɛrbii kaɖinaa"
	},
	"CLP": {
		"name": "Shilii kapɛsoo"
	},
	"SGD": {
		"name": "Siŋgapuur kaɖala"
	},
	"LKR": {
		"name": "Siri Laŋkaa karupii"
	},
	"SYP": {
		"name": "Sirii kapɔŋ"
	},
	"SOS": {
		"name": "Somalii kashílè"
	},
	"SSP": {
		"name": "Suɖaŋ gʊnyɩsonolaŋ kapɔŋ"
	},
	"SDG": {
		"name": "Suɖaŋ kapɔŋ"
	},
	"SRD": {
		"name": "Surinam kaɖala"
	},
	"CHF": {
		"name": "Suwis kafaraŋ"
	},
	"SZL": {
		"name": "Sʊwasilanɖ kalilaŋgenii"
	},
	"SEK": {
		"name": "Sʊwɛɖ kakrona"
	},
	"THB": {
		"name": "Taɩlanɖ kabaatɩ"
	},
	"TWD": {
		"name": "Taɩwan kaɖala afɔlɩ",
		"symbol": "NT$"
	},
	"TJS": {
		"name": "Tajikistan kasomooni"
	},
	"TZS": {
		"name": "Taŋsanii kashílè"
	},
	"TOP": {
		"name": "Tɔŋga kapaŋga"
	},
	"TTD": {
		"name": "Triniɖaaɖ na Tobagoo kaɖala"
	},
	"TND": {
		"name": "Tunisii kaɖinaa"
	},
	"TRY": {
		"name": "Turkii kalira"
	},
	"TMT": {
		"name": "Turkmenistan kamanaatɩ"
	},
	"UGX": {
		"name": "Uganɖaa kashílè"
	},
	"UYU": {
		"name": "Uruguwee kapɛsoo"
	},
	"UZS": {
		"name": "Usbeekistan kasɔm"
	},
	"YER": {
		"name": "Yemɛn kariyal"
	},
	"ILS": {
		"name": "Yishraɛl kashekɛl afɔlɩ",
		"symbol": "₪"
	}
}