{
	"XCG": {
		"name": "Caribbean guilder",
		"symbol": "Cg."
	},
	"AFN": {
		"name": "अफ़ग़ानी"
	},
	"OMR": {
		"name": "अमाननि रियाल",
		"symbol": "अ.एम.आर"
	},
	"ISK": {
		"name": "आईसलेण्डनि क्र’ना",
		"symbol": "आई.एस.के"
	},
	"AOA": {
		"name": "आंगलानि क्वान्जा",
		"symbol": "ए.अ.ए"
	},
	"AZN": {
		"name": "आजेरबाईजाननि मनात",
		"symbol": "ए.जेत.एन"
	},
	"AWG": {
		"name": "आरूबान फ्ल’रिन",
		"symbol": "ए.दब्ल्यु.जि"
	},
	"ARS": {
		"name": "आर्जेन्टिनानि पेस’",
		"symbol": "ए.आर.एस"
	},
	"AMD": {
		"name": "आर्मेनियानि द्राम",
		"symbol": "ए.एम.दि"
	},
	"DZD": {
		"name": "आल्जेरियानि दिनार",
		"symbol": "दि.जेत.दि"
	},
	"ALL": {
		"name": "आल्बानियानि लेक",
		"symbol": "अल"
	},
	"AED": {
		"name": "इउ.ए.इ दिर्हाम",
		"symbol": "ए.इ.दि"
	},
	"USD": {
		"name": "इउ.एस डलार",
		"symbol": "$"
	},
	"EUR": {
		"name": "इउर’",
		"symbol": "€"
	},
	"ILS": {
		"name": "इज्राईलनि गोदान शेकेल",
		"symbol": "₪"
	},
	"IDR": {
		"name": "इण्डोनेशियाई रुपिया"
	},
	"ETB": {
		"name": "इथिय’पियानि बीर्र",
		"symbol": "इ.ति.बि"
	},
	"EGP": {
		"name": "ईजिप्तनि पाउण्ड",
		"symbol": "ई.जि.पि"
	},
	"IQD": {
		"name": "ईराकनि दिनार",
		"symbol": "आइ.किउ.दि"
	},
	"IRR": {
		"name": "ईरानी रीयाल"
	},
	"UGX": {
		"name": "उगाण्डानि शिलिं",
		"symbol": "इउ.जि.एक्स"
	},
	"UZS": {
		"name": "उजबेकिस्ताननि स’म",
		"symbol": "इउ.जेत.एस"
	},
	"UYU": {
		"name": "उरुगुवेनि पेस’",
		"symbol": "इउ.वाई.इउ"
	},
	"ERN": {
		"name": "एरित्रीयानि नाकफा",
		"symbol": "इ.आर.एन"
	},
	"SVC": {
		"name": "एल सालवादर कोलोन"
	},
	"AUD": {
		"name": "ऑस्ट्रेलियन डॉलर",
		"symbol": "A$"
	},
	"CRC": {
		"name": "क’स्टा रिकानि कल’न",
		"symbol": "सि.आर.सि"
	},
	"CDF": {
		"name": "कंग’नि फ्रांक",
		"symbol": "सि.दि.एफ"
	},
	"KHR": {
		"name": "कंबोडिया का रिएल"
	},
	"KMF": {
		"name": "कम’र’नि फ्रांक",
		"symbol": "के.एम.एफ"
	},
	"COP": {
		"name": "कल’म्बयानि पेस’",
		"symbol": "सि.अ.पि"
	},
	"KZT": {
		"name": "काजाखस्ताननि तेंगे",
		"symbol": "के.जेत.ति"
	},
	"QAR": {
		"name": "कातारनि रियाल",
		"symbol": "किउ.ए.आर"
	},
	"CAD": {
		"name": "कानाडानि डलार",
		"symbol": "सि.ए $"
	},
	"CUP": {
		"name": "किउबानि पेस’",
		"symbol": "सि.इउ.पि"
	},
	"KGS": {
		"name": "कीर्गीस्ताननि स’म",
		"symbol": "के.जि.एस"
	},
	"KWD": {
		"name": "कुवैतनि दिनार",
		"symbol": "के.दब्ल्यु.दि"
	},
	"KES": {
		"name": "केनियानि शिलिं",
		"symbol": "के.इ.एस"
	},
	"CVE": {
		"name": "केप भेर्देनि एस्कुद’",
		"symbol": "सि.भि.इ"
	},
	"KYD": {
		"name": "कैमेन द्वीपनि डलार",
		"symbol": "के.वाई.दि"
	},
	"ZAR": {
		"name": "खोला आफ्रिकानि राण्ड",
		"symbol": "जेत.ए.आर"
	},
	"KRW": {
		"name": "खोला करियानि व’न",
		"symbol": "₩"
	},
	"SSP": {
		"name": "खोला सुदानारि पाउण्ड",
		"symbol": "एस.एस.पि"
	},
	"GMD": {
		"name": "गाम्बियानि दालासि",
		"symbol": "जि.एम.दि"
	},
	"GNF": {
		"name": "गिनीयानि फ्रांक",
		"symbol": "जि.एन.एफ"
	},
	"GTQ": {
		"name": "गुआतेमालानि क्वेत्जाल",
		"symbol": "जि.ति.किउ"
	},
	"GYD": {
		"name": "गुयानानि डलार",
		"symbol": "जि.वाई.दि"
	},
	"GHS": {
		"name": "घानानि सेदि",
		"symbol": "जि.ऐत्स.एस"
	},
	"CNY": {
		"name": "चाइनीज युवान",
		"symbol": "सिएन¥"
	},
	"CLP": {
		"name": "चिलीनि पेस’",
		"symbol": "सि.एल.पि"
	},
	"CZK": {
		"name": "चेखनि करुना",
		"symbol": "सि.जेद.के"
	},
	"GEL": {
		"name": "जर्जियानि लारी",
		"symbol": "जि.इ.एल"
	},
	"JOD": {
		"name": "जर्डाननि दिनार",
		"symbol": "जे.अ.दि"
	},
	"JPY": {
		"name": "जापानीज येन",
		"symbol": "JP¥"
	},
	"JMD": {
		"name": "जामाईकानि डलार",
		"symbol": "जे.एम.दि"
	},
	"ZMW": {
		"name": "जाम्बियानि क्वाचा"
	},
	"DJF": {
		"name": "जिबौतिनि फ्रांक",
		"symbol": "दि.जे.एफ"
	},
	"GIP": {
		"name": "जिब्राल्टारनि पाउण्ड",
		"symbol": "जि.आइ.पि"
	},
	"TOP": {
		"name": "टॉंगा पाईंगा"
	},
	"DOP": {
		"name": "डमिनिकानि पेस’",
		"symbol": "डि.अ.पि"
	},
	"DKK": {
		"name": "डेनमार्कनि क्र’न",
		"symbol": "दि.के.के"
	},
	"TWD": {
		"name": "ताईवाननि गोदान डलार",
		"symbol": "एन.ति$"
	},
	"TJS": {
		"name": "ताजिकिस्ताननि सम’नि",
		"symbol": "ति.जे.एस"
	},
	"TZS": {
		"name": "तान्जानियानि शिलिं",
		"symbol": "ति.जेत.एस"
	},
	"TMT": {
		"name": "तुर्कमेनीस्ताननि मानात",
		"symbol": "ति.एम.ति"
	},
	"TRY": {
		"name": "तुर्कीनि लीरा",
		"symbol": "ति.आर.वाई"
	},
	"TTD": {
		"name": "त्रिनिदाद आरो तबाग’ डलार",
		"symbol": "ति.ति.डि"
	},
	"TND": {
		"name": "त्सुनीसीयानि दिनार",
		"symbol": "ति.एन.दि"
	},
	"THB": {
		"name": "थाई बाह्ट"
	},
	"NOK": {
		"name": "नरवैनि क्र’न",
		"symbol": "एन.अ.के"
	},
	"NGN": {
		"name": "नाइजेरियानि नायरा",
		"symbol": "एन.जि.एन"
	},
	"NAD": {
		"name": "नामिबियानि डलार",
		"symbol": "एन.ए.दि"
	},
	"NIO": {
		"name": "निकारागुआनि कर्द’बा",
		"symbol": "एन.आई.अ"
	},
	"NPR": {
		"name": "नेपाली रुपी"
	},
	"NZD": {
		"name": "न्यूज़ीलैंड डॉलर",
		"symbol": "NZ$"
	},
	"PLN": {
		"name": "पलेण्डनि ज्ल’टी",
		"symbol": "पि.एल.एन"
	},
	"PKR": {
		"name": "पाकिस्तानी रुपया"
	},
	"PAB": {
		"name": "पानामानि बाल्ब’आ",
		"symbol": "पि.ए.बि"
	},
	"PGK": {
		"name": "पापुआ न्यु गीनी का कीना"
	},
	"PYG": {
		"name": "पारागुवेनि गुआरानी",
		"symbol": "पि.आई.जि"
	},
	"PEN": {
		"name": "पेरूनि सल",
		"symbol": "पि.इ.एन"
	},
	"FKP": {
		"name": "फ’कलेण्ड द्वीपफोरनि पाउण्ड",
		"symbol": "एफ.के.पि"
	},
	"FJD": {
		"name": "फ़िजी का डॉलर"
	},
	"PHP": {
		"name": "फ़िलिपीन का पेसो",
		"symbol": "₱"
	},
	"XPF": {
		"name": "फ्रानसीसी फेदेरेशनी फ्राँ",
		"symbol": "CFPF"
	},
	"BWP": {
		"name": "बत्स्वानानि पुला",
		"symbol": "बि.दब्ल्यु.पि"
	},
	"BOB": {
		"name": "बलिभियानि बलिभियान’",
		"symbol": "बि.अ.बि"
	},
	"BAM": {
		"name": "बसनिया-हार्जेगभिनानि सोलायहाथाव मार्क",
		"symbol": "बि.ए.एम"
	},
	"BDT": {
		"name": "बांगलादेश टका"
	},
	"BBD": {
		"name": "बारबाद’सनि डलार",
		"symbol": "बि.बि.दि"
	},
	"BMD": {
		"name": "बारमुडानि डलार",
		"symbol": "बि.एम.डि"
	},
	"BHD": {
		"name": "बाहरैननि दिनार",
		"symbol": "बि.ऐत्स.दि"
	},
	"BSD": {
		"name": "बाहामासनि डलार",
		"symbol": "बि.एस.दि"
	},
	"BIF": {
		"name": "बुरूण्डीनि फ्रांक",
		"symbol": "बि.आइ.एफ"
	},
	"BGN": {
		"name": "बुल्गारियानि लेभ",
		"symbol": "बि.जि.एन"
	},
	"BYN": {
		"name": "बेलारुसनि रूबल",
		"symbol": "बि.वाई.एन"
	},
	"BZD": {
		"name": "बेलीज डलार",
		"symbol": "बि.जेद.डि"
	},
	"BRL": {
		"name": "ब्राजिलनि रीयाल",
		"symbol": "R$"
	},
	"GBP": {
		"name": "ब्रिटिश पाउण्ड",
		"symbol": "£"
	},
	"BND": {
		"name": "ब्रुनई डॉलर"
	},
	"INR": {
		"name": "भारतनि रुपी",
		"symbol": "₹"
	},
	"BTN": {
		"name": "भुतान का नगुलत्रुम"
	},
	"VES": {
		"name": "भेनेजुवेलानि बलिभार",
		"symbol": "भि.इ.एस"
	},
	"MRU": {
		"name": "म’रिशियानि ऊगुया",
		"symbol": "एम.आर.इउ"
	},
	"MNT": {
		"name": "मंगलियानि तुग्रीक",
		"symbol": "एम.एन.ति"
	},
	"MZN": {
		"name": "मजाम्बिकनि मेटिकेल",
		"symbol": "एम.जेत.एन"
	},
	"MAD": {
		"name": "मरक्क’नि दिर्हाम",
		"symbol": "एम.ए.दि"
	},
	"MUR": {
		"name": "मरिसियानि रुपी",
		"symbol": "एम.इउ.आर"
	},
	"MYR": {
		"name": "मलेशियन रिंगित"
	},
	"MDL": {
		"name": "मल्ड’भानि लिउ",
		"symbol": "एम.डि.एल"
	},
	"MOP": {
		"name": "माकाउनि पाताका",
		"symbol": "एम.अ.पि"
	},
	"MVR": {
		"name": "मालदीव द्वीप का रूफिया"
	},
	"MGA": {
		"name": "मालागासी आरिआरी",
		"symbol": "एम.जि.ए"
	},
	"MWK": {
		"name": "मालावीनि क्वाचा",
		"symbol": "एम.दब्ल्यु.के"
	},
	"XAF": {
		"name": "मिरु आफ्रिकानि सि.एफ.ए फ्रांक",
		"symbol": "FCFA"
	},
	"MXN": {
		"name": "मेक्सिकान पेस’",
		"symbol": "एम.एक्स $"
	},
	"MKD": {
		"name": "मेसेड’नियानि देनार",
		"symbol": "एम.के.दि"
	},
	"MMK": {
		"name": "म्यानमारी क्याट"
	},
	"UAH": {
		"name": "युक्रेननि ह्रीभनिया",
		"symbol": "इउ.ए.ऐत्स"
	},
	"YER": {
		"name": "येमेननि रियाल",
		"symbol": "वाई.इ.आर"
	},
	"RON": {
		"name": "रमानियानि लिउ",
		"symbol": "आर.अ.एन"
	},
	"RUB": {
		"name": "रासियानि रूबल",
		"symbol": "रूब"
	},
	"RWF": {
		"name": "रुवान्दानि फ्रांक"
	},
	"LAK": {
		"name": "लाओस का कीप"
	},
	"LYD": {
		"name": "लिबियानि दिनार",
		"symbol": "एल.वाई.दि"
	},
	"LRD": {
		"name": "लीबेरियानि डलार",
		"symbol": "एल.आर.दि"
	},
	"LBP": {
		"name": "लेबान’ननि पाउण्ड",
		"symbol": "एल.बि.पि"
	},
	"LSL": {
		"name": "लेस’थ’नि लटि",
		"symbol": "एल.एस.एल"
	},
	"VUV": {
		"name": "वनुआटु वटु"
	},
	"VND": {
		"name": "वीयतनामी डॉंग",
		"symbol": "₫"
	},
	"WST": {
		"name": "वेस्टर्न समोआ ताला"
	},
	"LKR": {
		"name": "श्री लंका रूपी"
	},
	"SOS": {
		"name": "समालियानि शिलिं",
		"symbol": "एस.अ.एस"
	},
	"SAR": {
		"name": "साउदि रियाल",
		"symbol": "एस.ए.आर"
	},
	"STN": {
		"name": "साऊ तमे आरो प्रिन्सिपनि दब्रा",
		"symbol": "एस.ति.एन"
	},
	"XCD": {
		"name": "सानजा केरिबियान डलार",
		"symbol": "इ.सि $"
	},
	"RSD": {
		"name": "सार्बियानि दिनार",
		"symbol": "आर.एस.दि"
	},
	"KPW": {
		"name": "साहा करियानि व’न",
		"symbol": "के.पि.दब्ल्यु"
	},
	"SGD": {
		"name": "सिंगापुर डॉलर"
	},
	"SLE": {
		"name": "सीयेर्रा लिय’ननि लीयन",
		"symbol": "एस.एल.इ"
	},
	"SYP": {
		"name": "सीरियानि पाउण्ड",
		"symbol": "एस.वाई.पि"
	},
	"CHF": {
		"name": "सुईस फ्रांक",
		"symbol": "सि.ऐत्स.एफ"
	},
	"SDG": {
		"name": "सुदाननि पाउण्ड",
		"symbol": "एस.दि.जि"
	},
	"SRD": {
		"name": "सुरीनामनि डलार",
		"symbol": "एस.आर.डि"
	},
	"SHP": {
		"name": "सैन्ट हेलेनानि पाउण्ड",
		"symbol": "एस.ऐत्स.पि"
	},
	"SCR": {
		"name": "सैशेल्लेसनि रूपी",
		"symbol": "एस.सि.आर"
	},
	"XOF": {
		"name": "सोनाब आफ्रिकानि सि.एफ.ए फ्रांक",
		"symbol": "F CFA"
	},
	"SBD": {
		"name": "सोलोमन द्वीप का डॉलर"
	},
	"SZL": {
		"name": "स्वाजी लीलांगेनी",
		"symbol": "एस.जेत.एल"
	},
	"SEK": {
		"name": "स्वीडेननि क्र’ना",
		"symbol": "एस.इ.के"
	},
	"HKD": {
		"name": "हंकं डलार",
		"symbol": "ऐत्स.के$"
	},
	"HNL": {
		"name": "हन्दुरासनि लेम्पिरा",
		"symbol": "ऐत्स.एन.एल"
	},
	"HTG": {
		"name": "हाईतीनि गूर्द",
		"symbol": "ऐत्स.ति.जि"
	},
	"HUF": {
		"name": "हांगारीनि फरिन्त",
		"symbol": "ऐत्स.इउ.एफ"
	}
}