{
	"XCG": {
		"name": "Caribbean guilder",
		"symbol": "Cg."
	},
	"AUD": {
		"name": "Австрали долларӗ",
		"symbol": "A$"
	},
	"AZN": {
		"name": "Азербайджан маначӗ"
	},
	"ALL": {
		"name": "Албани лекӗ"
	},
	"DZD": {
		"name": "Алжир динарӗ"
	},
	"AOA": {
		"name": "Ангола кванзӗ"
	},
	"USD": {
		"name": "АПШ долларӗ",
		"symbol": "$"
	},
	"AED": {
		"name": "АПЭ дирхамӗ"
	},
	"ARS": {
		"name": "Аргентина песийӗ"
	},
	"AMD": {
		"name": "Армяни драмӗ"
	},
	"AWG": {
		"name": "Аруба флоринӗ"
	},
	"AFN": {
		"name": "афганийӗ"
	},
	"BSD": {
		"name": "Багам долларӗ"
	},
	"BDT": {
		"name": "Бангладеш таки"
	},
	"BBD": {
		"name": "Барбадос долларӗ"
	},
	"BHD": {
		"name": "Бахрейн динарӗ"
	},
	"BYN": {
		"name": "Беларуҫ тенкӗ"
	},
	"BZD": {
		"name": "Белиз долларӗ"
	},
	"BMD": {
		"name": "Бермуд долларӗ"
	},
	"BGN": {
		"name": "Болгари левӗ"
	},
	"BOB": {
		"name": "Боливи боливианӗ"
	},
	"BAM": {
		"name": "Боснипе Герцеговина конвертланакан марки"
	},
	"BWP": {
		"name": "Ботсвана пули"
	},
	"BRL": {
		"name": "Бразили реалӗ",
		"symbol": "R$"
	},
	"GBP": {
		"name": "Британи фунчӗ",
		"symbol": "£"
	},
	"BND": {
		"name": "Бруней долларӗ"
	},
	"BIF": {
		"name": "Бурунди франкӗ"
	},
	"BTN": {
		"name": "Бутан нгултрумӗ"
	},
	"VUV": {
		"name": "Вануату ватуйӗ"
	},
	"HUF": {
		"name": "Венгри форинчӗ"
	},
	"VES": {
		"name": "Венесуэла боливарӗ"
	},
	"VND": {
		"name": "Вьетнам донгӗ",
		"symbol": "₫"
	},
	"HTG": {
		"name": "Гаити гурдӗ"
	},
	"GYD": {
		"name": "Гайана долларӗ"
	},
	"GMD": {
		"name": "Гамби даласийӗ"
	},
	"GHS": {
		"name": "Гана седийӗ"
	},
	"GTQ": {
		"name": "Гватемала кетсалӗ"
	},
	"GNF": {
		"name": "Гвиней франкӗ"
	},
	"GIP": {
		"name": "Гибралтар фунчӗ"
	},
	"HNL": {
		"name": "Гондурас лемпирӗ"
	},
	"HKD": {
		"name": "Гонконг долларӗ",
		"symbol": "HK$"
	},
	"GEL": {
		"name": "Грузи ларийӗ"
	},
	"DKK": {
		"name": "Дани кронӗ"
	},
	"DJF": {
		"name": "Джибути франкӗ"
	},
	"DOP": {
		"name": "Доминикан песийӗ"
	},
	"EUR": {
		"name": "евро",
		"symbol": "€"
	},
	"EGP": {
		"name": "Египет фунчӗ"
	},
	"ZMW": {
		"name": "Замби квачи"
	},
	"INR": {
		"name": "Инди рупийӗ",
		"symbol": "₹"
	},
	"IDR": {
		"name": "Индонези рупийӗ"
	},
	"JOD": {
		"name": "Иордан динарӗ"
	},
	"IQD": {
		"name": "Ирак динарӗ"
	},
	"IRR": {
		"name": "Иран риалӗ"
	},
	"ISK": {
		"name": "Исланди кронӗ"
	},
	"YER": {
		"name": "Йемен риалӗ"
	},
	"CVE": {
		"name": "Кабо-Верде эскудӗ"
	},
	"KZT": {
		"name": "Казах тенгейӗ"
	},
	"KYD": {
		"name": "Кайман утравӗсен долларӗ"
	},
	"KHR": {
		"name": "Камбоджа риелӗ"
	},
	"CAD": {
		"name": "Канада долларӗ",
		"symbol": "CA$"
	},
	"ZAR": {
		"name": "Кӑнтӑр Африка рэндӗ"
	},
	"SSP": {
		"name": "Кӑнтӑр Судан фунчӗ"
	},
	"QAR": {
		"name": "Катар риалӗ"
	},
	"KES": {
		"name": "Кени шиллингӗ"
	},
	"KGS": {
		"name": "Киргиз сомӗ"
	},
	"CNY": {
		"name": "Китай юанӗ",
		"symbol": "CN¥"
	},
	"COP": {
		"name": "Колумби песийӗ"
	},
	"KMF": {
		"name": "Комора франкӗ"
	},
	"CDF": {
		"name": "Конголези франкӗ"
	},
	"KRW": {
		"name": "Корей вони",
		"symbol": "₩"
	},
	"CRC": {
		"name": "Коста-Рика колонӗ"
	},
	"CUP": {
		"name": "Куба песийӗ"
	},
	"KWD": {
		"name": "Кувейт динарӗ"
	},
	"XOF": {
		"name": "КФА ВСЕАО франкӗ",
		"symbol": "F CFA"
	},
	"KPW": {
		"name": "КХДР вони"
	},
	"LAK": {
		"name": "Лаос кипӗ"
	},
	"SLE": {
		"name": "леонӗ"
	},
	"LSL": {
		"name": "Лесото лотийӗ"
	},
	"LRD": {
		"name": "Либери долларӗ"
	},
	"LBP": {
		"name": "Ливан фунчӗ"
	},
	"LYD": {
		"name": "Ливи динарӗ"
	},
	"MUR": {
		"name": "Маврики рупийӗ"
	},
	"MRU": {
		"name": "Мавритани угийӗ"
	},
	"MOP": {
		"name": "Макао патаки"
	},
	"MKD": {
		"name": "Македони денарӗ"
	},
	"MWK": {
		"name": "Малави квачӗ"
	},
	"MGA": {
		"name": "Малагаси ариарийӗ"
	},
	"MYR": {
		"name": "Малайзи ринггичӗ"
	},
	"MVR": {
		"name": "Мальдивсен руфийӗ"
	},
	"MAD": {
		"name": "Марокко дирхамӗ"
	},
	"MXN": {
		"name": "Мексика песийӗ",
		"symbol": "MX$"
	},
	"MZN": {
		"name": "Мозамбик метикалӗ"
	},
	"MDL": {
		"name": "Молдова лайӗ"
	},
	"MNT": {
		"name": "Монголи тугрикӗ"
	},
	"MMK": {
		"name": "Мьянман кьятӗ"
	},
	"NAD": {
		"name": "Намиби долларӗ"
	},
	"NPR": {
		"name": "Непал рупийӗ"
	},
	"NGN": {
		"name": "Нигери найрӗ"
	},
	"NIO": {
		"name": "Никарагуа кордобӗ"
	},
	"NOK": {
		"name": "Норвеги кронӗ"
	},
	"OMR": {
		"name": "Оман риалӗ"
	},
	"PKR": {
		"name": "пакистан рупийӗ"
	},
	"PAB": {
		"name": "Панама бальбоа"
	},
	"PGK": {
		"name": "Папуа – Ҫӗнӗ Гвиней кини"
	},
	"PYG": {
		"name": "Парагвай гуаранӗ"
	},
	"PEN": {
		"name": "Перу солӗ"
	},
	"PLN": {
		"name": "Польша злотыйӗ"
	},
	"RUB": {
		"name": "Раҫҫей тенкӗ",
		"symbol": "₽"
	},
	"RWF": {
		"name": "Руанда франкӗ"
	},
	"RON": {
		"name": "Румыни лейӗ"
	},
	"SHP": {
		"name": "Сӑваплӑ Елена утравӗн фунчӗ"
	},
	"WST": {
		"name": "Самоа тали"
	},
	"STN": {
		"name": "Сан-Томе тата Принсипи добрӗ"
	},
	"SAR": {
		"name": "Сауд риялӗ"
	},
	"SZL": {
		"name": "Свази лилангенийӗ"
	},
	"SCR": {
		"name": "Сейшел рупийӗ"
	},
	"RSD": {
		"name": "Серби динарӗ"
	},
	"SGD": {
		"name": "Сингапур долларӗ"
	},
	"SYP": {
		"name": "Сири фунчӗ"
	},
	"SBD": {
		"name": "Соломон утравӗсен долларӗ"
	},
	"SOS": {
		"name": "Сомали шиллингӗ"
	},
	"SDG": {
		"name": "Судан фунчӗ"
	},
	"SRD": {
		"name": "Суринам долларӗ"
	},
	"NZD": {
		"name": "Ҫӗнӗ Зеланди долларӗ",
		"symbol": "NZ$"
	},
	"ILS": {
		"name": "Ҫӗнӗ Израиль шекелӗ",
		"symbol": "₪"
	},
	"TWD": {
		"name": "Ҫӗнӗ Тайван долларӗ",
		"symbol": "NT$"
	},
	"TJS": {
		"name": "Таджик сомонийӗ"
	},
	"THB": {
		"name": "Таиланд барӗ"
	},
	"TZS": {
		"name": "Танзани шиллингӗ"
	},
	"XAF": {
		"name": "Тӗп Африка КФА франкӗ",
		"symbol": "FCFA"
	},
	"TOP": {
		"name": "Тонган паанги"
	},
	"TTD": {
		"name": "Тринидад тата Тобаго долларӗ"
	},
	"TND": {
		"name": "Тунези динарӗ"
	},
	"TMT": {
		"name": "Туркмен маначӗ"
	},
	"TRY": {
		"name": "Турци лири"
	},
	"UGX": {
		"name": "Уганда шиллингӗ"
	},
	"UZS": {
		"name": "Узбек сумӗ"
	},
	"UAH": {
		"name": "Украина гривни"
	},
	"UYU": {
		"name": "Уругвай песийӗ"
	},
	"FKP": {
		"name": "Факланд утравӗсен фунчӗ"
	},
	"FJD": {
		"name": "Фиджи долларӗ"
	},
	"PHP": {
		"name": "Филиппин песийӗ",
		"symbol": "₱"
	},
	"XPF": {
		"name": "Франци Лӑпкӑ океан франкӗ",
		"symbol": "CFPF"
	},
	"XCD": {
		"name": "Хӗвелтухӑҫ Карибсем долларӗ",
		"symbol": "EC$"
	},
	"CZK": {
		"name": "Чехи кронӗ"
	},
	"CLP": {
		"name": "Чили песийӗ"
	},
	"CHF": {
		"name": "Швейцари франкӗ"
	},
	"SEK": {
		"name": "Швеци кронӗ"
	},
	"LKR": {
		"name": "Шри-ланка рупийӗ"
	},
	"ERN": {
		"name": "Эритрей накфӗ"
	},
	"ETB": {
		"name": "Эфиопи бырӗ"
	},
	"JMD": {
		"name": "Ямайка долларӗ"
	},
	"JPY": {
		"name": "Япони иени",
		"symbol": "JP¥"
	}
}