{
	"AFN": {
		"name": "afghanistanga afghani"
	},
	"ALL": {
		"name": "albaniaga lek"
	},
	"DZD": {
		"name": "aldzeriaga dinar"
	},
	"AOA": {
		"name": "angolaga kwanza"
	},
	"ARS": {
		"name": "argentinaga peso"
	},
	"AMD": {
		"name": "armeniaga dram"
	},
	"AWG": {
		"name": "arubaga lorin"
	},
	"AUD": {
		"name": "Australiaga dollar",
		"symbol": "AU$"
	},
	"AZN": {
		"name": "azerbaidzanga manat"
	},
	"BSD": {
		"name": "bahamasga dollar"
	},
	"BHD": {
		"name": "bahrainga dinar"
	},
	"BDT": {
		"name": "bangladeshga taka"
	},
	"BBD": {
		"name": "barbadosga dollar"
	},
	"BYN": {
		"name": "belarusiaga ruble"
	},
	"BZD": {
		"name": "belizega dollar"
	},
	"BMD": {
		"name": "bermudaga dollar"
	},
	"BTN": {
		"name": "bhutanga ngultrum"
	},
	"BOB": {
		"name": "boliviaga boliviano"
	},
	"BAM": {
		"name": "bosnia-herzegovinaga convertible mark"
	},
	"BWP": {
		"name": "botswanaga pula"
	},
	"BRL": {
		"name": "braziliaga real",
		"symbol": "R$"
	},
	"GBP": {
		"name": "britainga pound",
		"symbol": "£"
	},
	"BND": {
		"name": "bruneiga dollar"
	},
	"BGN": {
		"name": "bulgariaga lev"
	},
	"BIF": {
		"name": "burundiga franc"
	},
	"CAD": {
		"name": "canadaga dollar",
		"symbol": "CA$"
	},
	"XCG": {
		"name": "Caribbean guilder",
		"symbol": "Cg."
	},
	"KYD": {
		"name": "cayman islandsga dollar"
	},
	"XPF": {
		"name": "CFP ga franc",
		"symbol": "CFPF"
	},
	"CLP": {
		"name": "chilega peso"
	},
	"CNY": {
		"name": "Chinesega yuan",
		"symbol": "CN¥"
	},
	"COP": {
		"name": "colombiaga peso"
	},
	"CRC": {
		"name": "costa ricaga colón"
	},
	"CUP": {
		"name": "cubaga peso"
	},
	"CZK": {
		"name": "czechga koruna"
	},
	"DKK": {
		"name": "denmarkga krone"
	},
	"DOP": {
		"name": "dominicaga peso"
	},
	"DJF": {
		"name": "dziboutiga franc"
	},
	"KPW": {
		"name": "dziehe koreaga won"
	},
	"GEL": {
		"name": "dzɔdziaga lari"
	},
	"XCD": {
		"name": "east caribbeanga dollar",
		"symbol": "EC$"
	},
	"EGP": {
		"name": "egyptega pound"
	},
	"ERN": {
		"name": "eritreaga nakfa"
	},
	"ETB": {
		"name": "ethiopiaga birr"
	},
	"EUR": {
		"name": "Euro",
		"symbol": "€"
	},
	"FKP": {
		"name": "falkland islands pound"
	},
	"FJD": {
		"name": "fidziga dollar"
	},
	"PHP": {
		"name": "filipiniga peso",
		"symbol": "₱"
	},
	"GMD": {
		"name": "gambiaga dalasi"
	},
	"GHS": {
		"name": "ghana siɖi",
		"symbol": "GH₵"
	},
	"GIP": {
		"name": "gilbratarga pound"
	},
	"GNF": {
		"name": "giniga franc"
	},
	"GTQ": {
		"name": "guatemalaga quetzal"
	},
	"GYD": {
		"name": "guyanaga dollar"
	},
	"XOF": {
		"name": "ɣetoɖofe afrikaga CFA franc BCEAO",
		"symbol": "F CFA"
	},
	"XAF": {
		"name": "ɣetoɖofe afrikaga CFA franc BEAC",
		"symbol": "FCFA"
	},
	"HTG": {
		"name": "haitiga gourde"
	},
	"HNL": {
		"name": "honduraga lempira"
	},
	"HKD": {
		"name": "Hong Kongga dollar",
		"symbol": "HK$"
	},
	"HUF": {
		"name": "hungariaga forint"
	},
	"ISK": {
		"name": "icelandga króna"
	},
	"INR": {
		"name": "Indiaga rupee",
		"symbol": "₹"
	},
	"IDR": {
		"name": "Indonesiaga rupiah"
	},
	"IQD": {
		"name": "irakga dinar"
	},
	"IRR": {
		"name": "iranga rial"
	},
	"ILS": {
		"name": "israelga yeyetɔ sheqel",
		"symbol": "₪"
	},
	"JMD": {
		"name": "jamaicaga dollar"
	},
	"JPY": {
		"name": "Japanesega yen",
		"symbol": "JP¥"
	},
	"KHR": {
		"name": "kambodiaga riel"
	},
	"CVE": {
		"name": "kape verdega escudo"
	},
	"QAR": {
		"name": "katarga rial"
	},
	"KZT": {
		"name": "kazakhstanga tenge"
	},
	"KES": {
		"name": "kenyaga shilling"
	},
	"KGS": {
		"name": "kirgistanga som"
	},
	"KMF": {
		"name": "komoroga franc"
	},
	"CDF": {
		"name": "kongoga franc"
	},
	"KWD": {
		"name": "kuwaitga dinar"
	},
	"LAK": {
		"name": "laosga kip"
	},
	"LBP": {
		"name": "lebanonga pound"
	},
	"LSL": {
		"name": "lesotoga loti"
	},
	"LRD": {
		"name": "liberiaga dollar"
	},
	"LYD": {
		"name": "libyaga dinar"
	},
	"MOP": {
		"name": "makanesega pataca"
	},
	"MGA": {
		"name": "malagasega ariary"
	},
	"MYR": {
		"name": "malaysiaga ringit"
	},
	"MVR": {
		"name": "maldiviaga rufiyaa"
	},
	"MKD": {
		"name": "marcedoniaga denar"
	},
	"MXN": {
		"name": "mexicoga peso",
		"symbol": "MX$"
	},
	"MDL": {
		"name": "moldovaga leu"
	},
	"MNT": {
		"name": "mongoliaga tugrik"
	},
	"MAD": {
		"name": "morokoga dirham"
	},
	"MRU": {
		"name": "mɔritaniaga ouguiya"
	},
	"MUR": {
		"name": "mɔritiusga rupee"
	},
	"MMK": {
		"name": "myanmaga kyat"
	},
	"NGN": {
		"name": "naidzeriaga naira"
	},
	"NAD": {
		"name": "Namibian Dollar"
	},
	"NPR": {
		"name": "nepalga rupee"
	},
	"NZD": {
		"name": "new zealanɖga dollar",
		"symbol": "NZ$"
	},
	"NIO": {
		"name": "nicaraguaga córdoba"
	},
	"NOK": {
		"name": "norwayga krone"
	},
	"OMR": {
		"name": "omanga rial"
	},
	"PKR": {
		"name": "pakistaniga rupee"
	},
	"PAB": {
		"name": "panamaga balboa"
	},
	"PGK": {
		"name": "papua new guineaga kina"
	},
	"PYG": {
		"name": "paraguayga guarani"
	},
	"PEN": {
		"name": "peruga sol"
	},
	"PLN": {
		"name": "polandga zloty"
	},
	"RON": {
		"name": "romaniaga leu"
	},
	"RUB": {
		"name": "russiaga ruble"
	},
	"RWF": {
		"name": "rwandaga franc"
	},
	"SHP": {
		"name": "saint helenaga pound"
	},
	"SVC": {
		"name": "salvadɔga colón"
	},
	"WST": {
		"name": "samaoga tala"
	},
	"STN": {
		"name": "são tomé kple príncipega dobra"
	},
	"SAR": {
		"name": "Saudi Arabiaga riyal"
	},
	"RSD": {
		"name": "serbiaga dinar"
	},
	"SCR": {
		"name": "sɛtselsga rupee"
	},
	"SLE": {
		"name": "sierra leonega leone"
	},
	"SGD": {
		"name": "singapɔga dollar"
	},
	"SBD": {
		"name": "solomon ƒudomekpo dukɔwo ƒe ga dollar"
	},
	"SOS": {
		"name": "somaliaga shilling"
	},
	"ZAR": {
		"name": "South Africaga rand"
	},
	"KRW": {
		"name": "South Koreaga won",
		"symbol": "₩"
	},
	"SSP": {
		"name": "South Sudanese Pound"
	},
	"LKR": {
		"name": "sri lankaga rupee"
	},
	"SDG": {
		"name": "sudanga pound"
	},
	"SRD": {
		"name": "surinamga dollar"
	},
	"SZL": {
		"name": "swaziga lilangeni"
	},
	"SEK": {
		"name": "swedenga krone"
	},
	"CHF": {
		"name": "switzerlandga franc"
	},
	"SYP": {
		"name": "syriaga pound"
	},
	"TWD": {
		"name": "Taiwanga dollar",
		"symbol": "NT$"
	},
	"TJS": {
		"name": "tajikistanga somoni"
	},
	"TZS": {
		"name": "Tanzaniatɔwofɛgadudu"
	},
	"THB": {
		"name": "Thailandga baht",
		"symbol": "฿"
	},
	"TOP": {
		"name": "tonagaga pa’anga"
	},
	"TTD": {
		"name": "trinidad & tobagoga dollar"
	},
	"TND": {
		"name": "tunisiaga dinar"
	},
	"TRY": {
		"name": "Turkishga lira"
	},
	"TMT": {
		"name": "turkmenistanga manat"
	},
	"UGX": {
		"name": "ugandaga shilling"
	},
	"UAH": {
		"name": "ukrainega hryvnia"
	},
	"AED": {
		"name": "united arab emiratesga dirham"
	},
	"UYU": {
		"name": "uruguayga peso"
	},
	"USD": {
		"name": "us ga dollar",
		"symbol": "US$"
	},
	"UZS": {
		"name": "uzbekistanga som"
	},
	"VUV": {
		"name": "vanuatuga vatu"
	},
	"VES": {
		"name": "venezuelaga bolívar"
	},
	"VND": {
		"name": "vietnamga dong",
		"symbol": "₫"
	},
	"YER": {
		"name": "yemeniga rial"
	},
	"JOD": {
		"name": "yɔdanga dinar"
	},
	"ZMW": {
		"name": "zambiaga kwacha"
	}
}