{
	"MGA": {
		"name": "Αριάρι Μαδαγασκάρης"
	},
	"AFN": {
		"name": "Αφγάνι Αφγανιστάν"
	},
	"VUV": {
		"name": "Βατού Βανουάτου"
	},
	"JPY": {
		"name": "Γιὲν Ἰαπωνίας",
		"symbol": "JP¥"
	},
	"AWG": {
		"name": "Γκίλντα Ἀρούμπα"
	},
	"PYG": {
		"name": "Γκουαρανὶ Παραγουάης"
	},
	"CNY": {
		"name": "Γουάν Κίνας",
		"symbol": "CN¥"
	},
	"KPW": {
		"name": "Γουόν Βόρειας Κορέας"
	},
	"KRW": {
		"name": "Γουόν Νότιας Κορέας",
		"symbol": "₩"
	},
	"DZD": {
		"name": "Δηνάριο Ἀλγερίας"
	},
	"JOD": {
		"name": "Δηνάριο Ἰορδανίας"
	},
	"IQD": {
		"name": "Δηνάριο Ἰράκ"
	},
	"KWD": {
		"name": "Δηνάριο Κουβέιτ"
	},
	"LYD": {
		"name": "Δηνάριο Λιβύης"
	},
	"BHD": {
		"name": "Δηνάριο Μπαχρέιν"
	},
	"MKD": {
		"name": "Δηνάριο ΠΓΔΜ"
	},
	"RSD": {
		"name": "Δηνάριο Σερβίας"
	},
	"TND": {
		"name": "Δηνάριο Τυνησίας"
	},
	"XCD": {
		"name": "Δολάριο Ἀνατολικῆς Καραϊβικῆς",
		"symbol": "EC$"
	},
	"AUD": {
		"name": "Δολάριο Αὐστραλίας",
		"symbol": "A$"
	},
	"BMD": {
		"name": "Δολάριο Βερμούδων"
	},
	"GYD": {
		"name": "Δολάριο Γουιάνας"
	},
	"USD": {
		"name": "Δολάριο ΗΠΑ",
		"symbol": "$"
	},
	"CAD": {
		"name": "Δολάριο Καναδᾶ",
		"symbol": "CA$"
	},
	"LRD": {
		"name": "Δολάριο Λιβερίας"
	},
	"BBD": {
		"name": "Δολάριο Μπαρμπέιντος"
	},
	"BSD": {
		"name": "Δολάριο Μπαχαμών"
	},
	"BZD": {
		"name": "Δολάριο Μπελίζ"
	},
	"BND": {
		"name": "Δολάριο Μπρουνέι"
	},
	"NAD": {
		"name": "Δολάριο Ναμίμπιας"
	},
	"NZD": {
		"name": "Δολάριο Νέας Ζηλανδίας",
		"symbol": "NZ$"
	},
	"KYD": {
		"name": "Δολάριο Νήσων Κέιμαν"
	},
	"SBD": {
		"name": "Δολάριο Νήσων Σολομῶντος"
	},
	"SGD": {
		"name": "Δολάριο Σιγκαπούρης"
	},
	"SRD": {
		"name": "Δολάριο Σουρινάμ"
	},
	"JMD": {
		"name": "Δολάριο Τζαμάικας"
	},
	"TTD": {
		"name": "Δολάριο Τρινιδὰδ καὶ Τομπάγκο"
	},
	"FJD": {
		"name": "Δολάριο Φίτζι"
	},
	"HKD": {
		"name": "Δολάριο Χὸνγκ Κόνγκ",
		"symbol": "HK$"
	},
	"CVE": {
		"name": "Ἐσκούδο Πράσινου Ἀκρωτηρίου"
	},
	"EUR": {
		"name": "Εὐρώ",
		"symbol": "€"
	},
	"PLN": {
		"name": "Ζλότι Πολωνίας"
	},
	"MMK": {
		"name": "Κιάτ Μιανμάρ"
	},
	"LAK": {
		"name": "Κιπ Λάος"
	},
	"CRC": {
		"name": "Κολόν Κόστα Ρίκα"
	},
	"DKK": {
		"name": "Κορόνα Δανίας"
	},
	"ISK": {
		"name": "Κορόνα Ἰσλανδίας"
	},
	"NOK": {
		"name": "Κορόνα Νορβηγίας"
	},
	"SEK": {
		"name": "Κορόνα Σουηδίας"
	},
	"CZK": {
		"name": "Κορόνα Τσεχίας"
	},
	"ZMW": {
		"name": "Κουάτσα Ζάμπιας"
	},
	"MWK": {
		"name": "Κουάτσα Μαλάουι"
	},
	"GEL": {
		"name": "Λάρι Γεωργίας"
	},
	"ALL": {
		"name": "Λὲκ Ἀλβανίας"
	},
	"HNL": {
		"name": "Λεμπίρα Ονδούρας"
	},
	"SLE": {
		"name": "Λεόνε Σιέρα Λεόνε"
	},
	"MDL": {
		"name": "Λέου Μολδαβίας"
	},
	"RON": {
		"name": "Λέου Ρουμανίας"
	},
	"SHP": {
		"name": "Λίρα Ἀγίας Ἑλένης"
	},
	"EGP": {
		"name": "Λίρα Αἰγύπτου"
	},
	"GIP": {
		"name": "Λίρα Γιβραλτάρ"
	},
	"LBP": {
		"name": "Λίρα Λιβάνου"
	},
	"FKP": {
		"name": "Λίρα Νήσων Φώλκλαντ"
	},
	"SSP": {
		"name": "Λίρα Νότιου Σουδάν"
	},
	"SDG": {
		"name": "Λίρα Σουδάν"
	},
	"GBP": {
		"name": "Λίρα Στερλίνα Βρετανίας",
		"symbol": "£"
	},
	"SYP": {
		"name": "Λίρα Συρίας"
	},
	"TRY": {
		"name": "Λίρα Τουρκίας"
	},
	"LSL": {
		"name": "Λότι Λεσότο"
	},
	"AZN": {
		"name": "Μανάτ Αζερμπαϊτζάν"
	},
	"TMT": {
		"name": "Μάνατ Τουρκμενιστάν"
	},
	"BAM": {
		"name": "Μάρκο Βοσνίας-Ἑρζεγοβίνης"
	},
	"MZN": {
		"name": "Μετικάλ Μοζαμβίκης"
	},
	"PAB": {
		"name": "Μπαλμπόα Παναμᾶ"
	},
	"THB": {
		"name": "Μπὰτ Ταϊλάνδης",
		"symbol": "฿"
	},
	"VES": {
		"name": "Μπολιβάρ Βενεζουέλας"
	},
	"BOB": {
		"name": "Μπολιβιάνο Βολιβίας"
	},
	"NGN": {
		"name": "Νάιρα Νιγηρίας"
	},
	"BTN": {
		"name": "Νγκούλτρουμ Μπουτάν"
	},
	"TWD": {
		"name": "Νέο δολάριο Ταϊβάν",
		"symbol": "NT$"
	},
	"BGN": {
		"name": "Νέο Λὲβ Βουλγαρίας"
	},
	"ILS": {
		"name": "Νέο Sheqel Ἰσραήλ",
		"symbol": "₪"
	},
	"AED": {
		"name": "Ντιρὰμ Ἡνωμένων Ἀραβικῶν Ἐμιράτων"
	},
	"MAD": {
		"name": "Ντιράμ Μαρόκου"
	},
	"STN": {
		"name": "Ντόμπρα Σάο Τομέ και Πρίνσιπε"
	},
	"VND": {
		"name": "Ντονγκ Βιετνάμ",
		"symbol": "₫"
	},
	"MRU": {
		"name": "Ουγκίγια Μαυριτανίας"
	},
	"TOP": {
		"name": "Παάγκα Τόνγκα"
	},
	"ARS": {
		"name": "Πέσο Ἀργεντινῆς"
	},
	"DOP": {
		"name": "Πέσο Δομινικανής Δημοκρατίας"
	},
	"COP": {
		"name": "Πέσο Κολομβίας"
	},
	"CUP": {
		"name": "Πέσο Κούβας"
	},
	"MXN": {
		"name": "Πέσο Μεξικοῦ",
		"symbol": "MX$"
	},
	"PHP": {
		"name": "Πέσο Φιλιππίνων"
	},
	"CLP": {
		"name": "Πέσο Χιλῆς"
	},
	"UYU": {
		"name": "Πέσο Uruguayo Οὐρουγουάης"
	},
	"BWP": {
		"name": "Πούλα Μποτσουάνας"
	},
	"ZAR": {
		"name": "Ρὰντ Νότιας Ἀφρικῆς"
	},
	"BRL": {
		"name": "Ρεάλ Βραζιλίας",
		"symbol": "R$"
	},
	"QAR": {
		"name": "Ριάλ Κατάρ"
	},
	"OMR": {
		"name": "Ριάλ Ομάν"
	},
	"SAR": {
		"name": "Ριάλ Σαουδικής Αραβίας"
	},
	"KHR": {
		"name": "Ρίελ Καμπότζης"
	},
	"MYR": {
		"name": "Ρινγκίτ Μαλαισίας"
	},
	"BYN": {
		"name": "Ρούβλι Λευκορωσίας"
	},
	"RUB": {
		"name": "Ρούβλι Ρωσίας"
	},
	"INR": {
		"name": "Ρούπια Ἰνδίας",
		"symbol": "₹"
	},
	"IDR": {
		"name": "Ρούπια Ἰνδονησίας"
	},
	"MUR": {
		"name": "Ρουπία Μαυρικίου"
	},
	"NPR": {
		"name": "Ρουπία Νεπάλ"
	},
	"PKR": {
		"name": "Ρουπία Πακιστάν"
	},
	"SCR": {
		"name": "Ρούπια Σεϋχελῶν"
	},
	"LKR": {
		"name": "Ρούπια Σρὶ Λάνκας"
	},
	"MVR": {
		"name": "Ρουφίγια Μαλδίβων"
	},
	"KES": {
		"name": "Σελίνι Κένυας"
	},
	"UGX": {
		"name": "Σελίνι Οὐγκάντας"
	},
	"SOS": {
		"name": "Σελίνι Σομαλίας"
	},
	"TZS": {
		"name": "Σελίνι Τανζανίας"
	},
	"GHS": {
		"name": "Σέντι Γκάνας"
	},
	"PEN": {
		"name": "Σολ Περού"
	},
	"KGS": {
		"name": "Σομ Κιργιζίας"
	},
	"TJS": {
		"name": "Σομόνι Τατζικιστάν"
	},
	"BDT": {
		"name": "Τάκα Μπαγκλαντές"
	},
	"KZT": {
		"name": "Τένγκε Καζακστάν"
	},
	"MNT": {
		"name": "Τουγκρίκ Μογγολίας"
	},
	"HUF": {
		"name": "Φιορίνι Οὑγγαρίας"
	},
	"GNF": {
		"name": "Φράγκο Γουινέας"
	},
	"CHF": {
		"name": "Φράγκο Ἑλβετίας"
	},
	"KMF": {
		"name": "Φράγκο Κομορών"
	},
	"CDF": {
		"name": "Φράγκο Κονγκό"
	},
	"BIF": {
		"name": "Φράγκο Μπουρούντι"
	},
	"RWF": {
		"name": "Φράγκο Ρουάντας"
	},
	"DJF": {
		"name": "Φράγκο Τζιμπουτί"
	},
	"XOF": {
		"name": "Φράγκο CFA Δυτικής Αφρικής",
		"symbol": "F CFA"
	},
	"XAF": {
		"name": "Φράγκο CFA Κεντρικής Αφρικής",
		"symbol": "FCFA"
	},
	"XPF": {
		"name": "Φράγκο CFP",
		"symbol": "CFPF"
	},
	"NIO": {
		"name": "Χρυσὴ Κόρδοβα Νικαράγουας"
	},
	"ETB": {
		"name": "Birr Αἰθιοπίας"
	},
	"XCG": {
		"name": "Caribbean guilder",
		"symbol": "Cg."
	},
	"SVC": {
		"name": "Colon Ἒλ Σαλβαδόρ"
	},
	"GMD": {
		"name": "Dalasi Γκάμπιας"
	},
	"AMD": {
		"name": "Dram Ἀρμενίας"
	},
	"HTG": {
		"name": "Gourde Ἁϊτῆς"
	},
	"UAH": {
		"name": "Hryvnia Οὐκρανίας"
	},
	"PGK": {
		"name": "Kina Παπούα Νέα Γουινέας"
	},
	"AOA": {
		"name": "Kwanza Ἀνγκόλας"
	},
	"SZL": {
		"name": "Lilangeni Ζουαζιλάνδης"
	},
	"ERN": {
		"name": "Nakfa Ἐρυθραίας"
	},
	"MOP": {
		"name": "Pataca Μακάου"
	},
	"GTQ": {
		"name": "Quetzal Γουατεμάλας"
	},
	"IRR": {
		"name": "Rial Ἰράκ"
	},
	"YER": {
		"name": "Rial Ὑεμένης"
	},
	"UZS": {
		"name": "Sum Οὐζμπεκιστάν"
	},
	"WST": {
		"name": "Tala Δυτικῆς Σαμόας"
	}
}