{
	"AFN": {
		"name": "afgani afgano"
	},
	"MGA": {
		"name": "ariari malgache"
	},
	"THB": {
		"name": "baht tailandes"
	},
	"PAB": {
		"name": "balboa panameño"
	},
	"ETB": {
		"name": "bir etíope"
	},
	"VES": {
		"name": "bolívar soberano",
		"symbol": "Bs.S"
	},
	"BOB": {
		"name": "boliviano"
	},
	"GHS": {
		"name": "cedi ghanés"
	},
	"KES": {
		"name": "chelín keniano"
	},
	"SOS": {
		"name": "chelín somalí"
	},
	"TZS": {
		"name": "chelín tanzano"
	},
	"UGX": {
		"name": "chelín ugandés"
	},
	"CRC": {
		"name": "colón costarricense"
	},
	"SVC": {
		"name": "colón salvadoreño"
	},
	"NIO": {
		"name": "córdoba nicaragüense"
	},
	"CZK": {
		"name": "corona checa"
	},
	"DKK": {
		"name": "corona danesa"
	},
	"ISK": {
		"name": "corona islandesa"
	},
	"NOK": {
		"name": "corona noruega"
	},
	"SEK": {
		"name": "corona sueca"
	},
	"GMD": {
		"name": "dalasi gambiano"
	},
	"DZD": {
		"name": "dinar argelino"
	},
	"BHD": {
		"name": "dinar bareiní"
	},
	"IQD": {
		"name": "dinar iraquí"
	},
	"JOD": {
		"name": "dinar jordano"
	},
	"KWD": {
		"name": "dinar kuwaití"
	},
	"LYD": {
		"name": "dinar libio"
	},
	"MKD": {
		"name": "dinar macedonio"
	},
	"RSD": {
		"name": "dinar serbio"
	},
	"TND": {
		"name": "dinar tunecino"
	},
	"AED": {
		"name": "dírham de los Emiratos Árabes Unidos"
	},
	"MAD": {
		"name": "dírham marroquí"
	},
	"STN": {
		"name": "dobra santotomense"
	},
	"AUD": {
		"name": "dólar australiano"
	},
	"BSD": {
		"name": "dólar bahameño"
	},
	"BBD": {
		"name": "dólar barbadense"
	},
	"BZD": {
		"name": "dólar beliceño"
	},
	"BND": {
		"name": "dólar bruneano"
	},
	"CAD": {
		"name": "dólar canadiense"
	},
	"BMD": {
		"name": "dólar de Bermudas"
	},
	"KYD": {
		"name": "dólar de las Islas Caimán"
	},
	"TTD": {
		"name": "dólar de Trinidad y Tobago"
	},
	"XCD": {
		"name": "dólar del Caribe Oriental"
	},
	"USD": {
		"name": "dólar estadounidense"
	},
	"FJD": {
		"name": "dólar fiyiano"
	},
	"GYD": {
		"name": "dólar guyanés"
	},
	"HKD": {
		"name": "dólar hongkonés"
	},
	"JMD": {
		"name": "dólar jamaicano"
	},
	"LRD": {
		"name": "dólar liberiano"
	},
	"NAD": {
		"name": "dólar namibio"
	},
	"NZD": {
		"name": "dólar neozelandés"
	},
	"SBD": {
		"name": "dólar salomonense"
	},
	"SGD": {
		"name": "dólar singapurense"
	},
	"SRD": {
		"name": "dólar surinamés"
	},
	"VND": {
		"name": "dong vietnamita"
	},
	"AMD": {
		"name": "dram armenio"
	},
	"CVE": {
		"name": "escudo de Cabo Verde"
	},
	"PLN": {
		"name": "esloti polaco"
	},
	"EUR": {
		"name": "euro"
	},
	"AWG": {
		"name": "florín arubeño"
	},
	"XCG": {
		"name": "florín caribeño",
		"symbol": "Cg."
	},
	"HUF": {
		"name": "forinto húngaro"
	},
	"BIF": {
		"name": "franco burundés"
	},
	"XAF": {
		"name": "franco CFA de África Central"
	},
	"XOF": {
		"name": "franco CFA de África Occidental"
	},
	"XPF": {
		"name": "franco CFP",
		"symbol": "CFPF"
	},
	"KMF": {
		"name": "franco comorense"
	},
	"CDF": {
		"name": "franco congoleño"
	},
	"GNF": {
		"name": "franco guineano"
	},
	"RWF": {
		"name": "franco ruandés"
	},
	"CHF": {
		"name": "franco suizo"
	},
	"DJF": {
		"name": "franco yibutiano"
	},
	"HTG": {
		"name": "gourde haitiano"
	},
	"UAH": {
		"name": "grivna ucraniana"
	},
	"PYG": {
		"name": "guaraní paraguayo"
	},
	"BTN": {
		"name": "gultrum butanés"
	},
	"MMK": {
		"name": "kiat de Myanmar"
	},
	"PGK": {
		"name": "kina papú"
	},
	"LAK": {
		"name": "kip laosiano"
	},
	"ZMW": {
		"name": "kuacha zambiano"
	},
	"AOA": {
		"name": "kuanza angoleño"
	},
	"MWK": {
		"name": "kwacha malauí"
	},
	"GEL": {
		"name": "lari georgiano"
	},
	"ALL": {
		"name": "lek albanés"
	},
	"HNL": {
		"name": "lempira hondureño"
	},
	"SLE": {
		"name": "leone"
	},
	"MDL": {
		"name": "leu moldavo"
	},
	"RON": {
		"name": "leu rumano"
	},
	"BGN": {
		"name": "leva búlgara"
	},
	"SHP": {
		"name": "libra de Santa Elena"
	},
	"EGP": {
		"name": "libra egipcia"
	},
	"GBP": {
		"name": "libra esterlina"
	},
	"GIP": {
		"name": "libra gibraltareña"
	},
	"LBP": {
		"name": "libra libanesa"
	},
	"FKP": {
		"name": "libra malvinense"
	},
	"SYP": {
		"name": "libra siria"
	},
	"SDG": {
		"name": "libra sudanesa"
	},
	"SSP": {
		"name": "libra sursudanesa"
	},
	"SZL": {
		"name": "lilangeni esuatiní"
	},
	"TRY": {
		"name": "lira turca"
	},
	"LSL": {
		"name": "loti lesotense"
	},
	"AZN": {
		"name": "manat azerbaiyano"
	},
	"TMT": {
		"name": "manat turcomano"
	},
	"BAM": {
		"name": "marco convertible de Bosnia y Herzegovina"
	},
	"MZN": {
		"name": "metical mozambiqueño"
	},
	"NGN": {
		"name": "naira nigeriano"
	},
	"ERN": {
		"name": "nakfa eritreo"
	},
	"TWD": {
		"name": "nuevo dólar taiwanés"
	},
	"ILS": {
		"name": "nuevo séquel israelí"
	},
	"TOP": {
		"name": "paanga tongano"
	},
	"MOP": {
		"name": "pataca macaense"
	},
	"ARS": {
		"name": "peso argentino"
	},
	"CLP": {
		"name": "peso chileno"
	},
	"COP": {
		"name": "peso colombiano"
	},
	"CUP": {
		"name": "peso cubano"
	},
	"DOP": {
		"name": "peso dominicano"
	},
	"PHP": {
		"name": "peso filipino"
	},
	"MXN": {
		"name": "peso mexicano"
	},
	"UYU": {
		"name": "peso uruguayo"
	},
	"BWP": {
		"name": "pula botsuano"
	},
	"GTQ": {
		"name": "quetzal guatemalteco"
	},
	"ZAR": {
		"name": "rand sudafricano"
	},
	"BRL": {
		"name": "real brasileño"
	},
	"QAR": {
		"name": "rial catarí"
	},
	"IRR": {
		"name": "rial iraní"
	},
	"OMR": {
		"name": "rial omaní"
	},
	"SAR": {
		"name": "rial saudí"
	},
	"YER": {
		"name": "rial yemení"
	},
	"KHR": {
		"name": "riel camboyano"
	},
	"MYR": {
		"name": "ringit malasio"
	},
	"BYN": {
		"name": "rublo bielorruso"
	},
	"RUB": {
		"name": "rublo ruso"
	},
	"MVR": {
		"name": "rufiya maldiva"
	},
	"LKR": {
		"name": "rupia esrilanquesa"
	},
	"INR": {
		"name": "rupia india"
	},
	"IDR": {
		"name": "rupia indonesia"
	},
	"MUR": {
		"name": "rupia mauriciana"
	},
	"NPR": {
		"name": "rupia nepalí"
	},
	"PKR": {
		"name": "rupia pakistaní"
	},
	"SCR": {
		"name": "rupia seychellense"
	},
	"PEN": {
		"name": "sol peruano"
	},
	"KGS": {
		"name": "som kirguís"
	},
	"UZS": {
		"name": "som uzbeko"
	},
	"TJS": {
		"name": "somoni tayiko"
	},
	"BDT": {
		"name": "taka bangladesí"
	},
	"WST": {
		"name": "tala samoano"
	},
	"KZT": {
		"name": "tenge kazajo"
	},
	"MNT": {
		"name": "tugrik mongol"
	},
	"MRU": {
		"name": "uguiya mauritano"
	},
	"UYW": {
		"name": "unidad previsional uruguayo"
	},
	"VUV": {
		"name": "vatu vanuatense"
	},
	"KPW": {
		"name": "won norcoreano"
	},
	"KRW": {
		"name": "won surcoreano"
	},
	"JPY": {
		"name": "yen japonés"
	},
	"CNY": {
		"name": "yuan renminbi"
	}
}