{
	"AFN": {
		"name": "Afghan Afghani"
	},
	"AOA": {
		"name": "Angolan Kwanza"
	},
	"AZN": {
		"name": "Azerbaijani Manat"
	},
	"BSD": {
		"name": "Bahamian Dollar"
	},
	"THB": {
		"name": "baht tailandês"
	},
	"BDT": {
		"name": "Bangladeshi Taka"
	},
	"BBD": {
		"name": "Barbadian Dollar"
	},
	"BZD": {
		"name": "Belize Dollar"
	},
	"BMD": {
		"name": "Bermudan Dollar"
	},
	"BOB": {
		"name": "Bolivian Boliviano"
	},
	"BAM": {
		"name": "Bosnia-Herzegovina Convertible Mark"
	},
	"BWP": {
		"name": "Botswanan Pula"
	},
	"KHR": {
		"name": "Cambodian Riel"
	},
	"XCG": {
		"name": "Caribbean guilder",
		"symbol": "Cg."
	},
	"KYD": {
		"name": "Cayman Islands Dollar"
	},
	"XAF": {
		"name": "Central African CFA Franc",
		"symbol": "FCFA"
	},
	"XPF": {
		"name": "CFP Franc",
		"symbol": "CFPF"
	},
	"CLP": {
		"name": "Chilean Peso"
	},
	"COP": {
		"name": "Colombian Peso"
	},
	"KMF": {
		"name": "Comorian Franc"
	},
	"NIO": {
		"name": "Córdoba oro nicaraguan"
	},
	"DKK": {
		"name": "corone danese"
	},
	"CZK": {
		"name": "Corone de Republiche Ceche"
	},
	"NOK": {
		"name": "corone norvegjese"
	},
	"SEK": {
		"name": "corone svedese"
	},
	"CRC": {
		"name": "Costa Rican Colón"
	},
	"DZD": {
		"name": "Dinar algerin"
	},
	"RSD": {
		"name": "Dinar serp"
	},
	"USD": {
		"name": "dolar american",
		"symbol": "US$"
	},
	"AUD": {
		"name": "dolar australian",
		"symbol": "A$"
	},
	"CAD": {
		"name": "dolar canadês",
		"symbol": "CA$"
	},
	"BND": {
		"name": "Dolar dal Brunei"
	},
	"HKD": {
		"name": "dolar di Hong Kong",
		"symbol": "HK$"
	},
	"NAD": {
		"name": "Dolar namibian"
	},
	"NZD": {
		"name": "Dollar neozelandês",
		"symbol": "NZ$"
	},
	"DOP": {
		"name": "Dominican Peso"
	},
	"AMD": {
		"name": "Dram armen"
	},
	"XCD": {
		"name": "East Caribbean Dollar",
		"symbol": "EC$"
	},
	"EGP": {
		"name": "Egyptian Pound"
	},
	"EUR": {
		"name": "euro",
		"symbol": "€"
	},
	"FKP": {
		"name": "Falkland Islands Pound"
	},
	"FJD": {
		"name": "Fijian Dollar"
	},
	"BIF": {
		"name": "Franc burundês"
	},
	"CHF": {
		"name": "franc svuizar"
	},
	"GEL": {
		"name": "Georgian Lari"
	},
	"GHS": {
		"name": "Ghanaian Cedi"
	},
	"GIP": {
		"name": "Gibraltar Pound"
	},
	"TWD": {
		"name": "gnûf dolar taiwanês",
		"symbol": "NT$"
	},
	"GTQ": {
		"name": "Guatemalan Quetzal"
	},
	"GNF": {
		"name": "Guinean Franc"
	},
	"GYD": {
		"name": "Guyanaese Dollar"
	},
	"HNL": {
		"name": "Honduran Lempira"
	},
	"HUF": {
		"name": "Hungarian Forint"
	},
	"ISK": {
		"name": "Icelandic Króna"
	},
	"ILS": {
		"name": "Israeli New Shekel",
		"symbol": "₪"
	},
	"JMD": {
		"name": "Jamaican Dollar"
	},
	"KZT": {
		"name": "Kazakhstani Tenge"
	},
	"KGS": {
		"name": "Kyrgystani Som"
	},
	"LAK": {
		"name": "Laotian Kip"
	},
	"LBP": {
		"name": "Lebanese Pound"
	},
	"LRD": {
		"name": "Liberian Dollar"
	},
	"TRY": {
		"name": "lire turche"
	},
	"MGA": {
		"name": "Malagasy Ariary"
	},
	"MYR": {
		"name": "Malaysian Ringgit"
	},
	"MUR": {
		"name": "Mauritian Rupee"
	},
	"MNT": {
		"name": "Mongolian Tugrik"
	},
	"MMK": {
		"name": "Myanmar Kyat"
	},
	"NPR": {
		"name": "Nepalese Rupee"
	},
	"NGN": {
		"name": "Nigerian Naira"
	},
	"KPW": {
		"name": "North Korean Won"
	},
	"PYG": {
		"name": "Paraguayan Guarani"
	},
	"ARS": {
		"name": "Peso argjentin"
	},
	"CUP": {
		"name": "Peso cuban"
	},
	"MXN": {
		"name": "peso messican",
		"symbol": "MX$"
	},
	"PHP": {
		"name": "Philippine Peso",
		"symbol": "₱"
	},
	"ZAR": {
		"name": "rand sudafrican"
	},
	"BRL": {
		"name": "real brasilian",
		"symbol": "R$"
	},
	"IRR": {
		"name": "Rial iranian"
	},
	"SAR": {
		"name": "riyal de Arabie Saudite"
	},
	"RON": {
		"name": "Romanian Leu"
	},
	"BYN": {
		"name": "Rubli bielorùs"
	},
	"RUB": {
		"name": "rubli rus"
	},
	"IDR": {
		"name": "rupiah indonesiane"
	},
	"INR": {
		"name": "rupie indiane",
		"symbol": "₹"
	},
	"PKR": {
		"name": "Rupie pachistane"
	},
	"RWF": {
		"name": "Rwandan Franc"
	},
	"STN": {
		"name": "São Tomé & Príncipe Dobra"
	},
	"SGD": {
		"name": "Singapore Dollar"
	},
	"SBD": {
		"name": "Solomon Islands Dollar"
	},
	"SSP": {
		"name": "South Sudanese Pound"
	},
	"LKR": {
		"name": "Sri Lankan Rupee"
	},
	"SHP": {
		"name": "St. Helena Pound"
	},
	"GBP": {
		"name": "sterline britaniche",
		"symbol": "£"
	},
	"SRD": {
		"name": "Surinamese Dollar"
	},
	"SYP": {
		"name": "Syrian Pound"
	},
	"TOP": {
		"name": "Tongan Paʻanga"
	},
	"TTD": {
		"name": "Trinidad & Tobago Dollar"
	},
	"UAH": {
		"name": "Ukrainian Hryvnia"
	},
	"UYU": {
		"name": "Uruguayan Peso"
	},
	"VND": {
		"name": "Vietnamese Dong",
		"symbol": "₫"
	},
	"XOF": {
		"name": "West African CFA Franc",
		"symbol": "F CFA"
	},
	"KRW": {
		"name": "won de Coree dal Sud",
		"symbol": "₩"
	},
	"JPY": {
		"name": "yen gjaponês",
		"symbol": "JP¥"
	},
	"CNY": {
		"name": "yuan cinês",
		"symbol": "CN¥"
	},
	"ZMW": {
		"name": "Zambian Kwacha"
	},
	"PLN": {
		"name": "zloty polac"
	}
}