{
	"AFN": {
		"name": "Afghaanske afghani"
	},
	"ALL": {
		"name": "Albanese lek"
	},
	"DZD": {
		"name": "Algerynske dinar"
	},
	"USD": {
		"name": "Amerikaanske dollar",
		"symbol": "US$"
	},
	"AOA": {
		"name": "Angolese kwanza"
	},
	"ARS": {
		"name": "Argentynske peso"
	},
	"AMD": {
		"name": "Armeense dram"
	},
	"AWG": {
		"name": "Arubaanske gulden"
	},
	"AUD": {
		"name": "Australyske dollar",
		"symbol": "AU$"
	},
	"AZN": {
		"name": "Azerbeidzjaanske manat"
	},
	"BSD": {
		"name": "Bahamaanske dollar"
	},
	"BHD": {
		"name": "Bahreinse dinar"
	},
	"BBD": {
		"name": "Barbadaanske dollar"
	},
	"BZD": {
		"name": "Belizaanske dollar"
	},
	"BDT": {
		"name": "Bengalese taka"
	},
	"BMD": {
		"name": "Bermuda-dollar"
	},
	"BTN": {
		"name": "Bhutaanske ngultrum"
	},
	"BOB": {
		"name": "Boliviaanske boliviano"
	},
	"BAM": {
		"name": "Bosnyske convertibele mark"
	},
	"BWP": {
		"name": "Botswaanske pula"
	},
	"BRL": {
		"name": "Braziliaanske real",
		"symbol": "R$"
	},
	"GBP": {
		"name": "Brits pûn",
		"symbol": "£"
	},
	"BND": {
		"name": "Bruneise dollar"
	},
	"BGN": {
		"name": "Bulgaarse lev"
	},
	"BIF": {
		"name": "Burundese frank"
	},
	"KYD": {
		"name": "Caymaneilânske dollar"
	},
	"CAD": {
		"name": "Canadese dollar",
		"symbol": "C$"
	},
	"XCG": {
		"name": "Caribbean guilder",
		"symbol": "Cg."
	},
	"XOF": {
		"name": "CFA-franc BCEAO",
		"symbol": "F CFA"
	},
	"XAF": {
		"name": "CFA-frank",
		"symbol": "FCFA"
	},
	"XPF": {
		"name": "CFP-franc"
	},
	"CDF": {
		"name": "Congolese frank"
	},
	"CRC": {
		"name": "Costaricaanske colón"
	},
	"DKK": {
		"name": "Deenske kroon"
	},
	"DJF": {
		"name": "Djiboutiaanske frank"
	},
	"DOP": {
		"name": "Dominikaanske peso"
	},
	"XCD": {
		"name": "East-Karibyske dollar",
		"symbol": "EC$"
	},
	"EGP": {
		"name": "Egyptysk pûn"
	},
	"ERN": {
		"name": "Eritrese nakfa"
	},
	"ETB": {
		"name": "Ethiopyske birr"
	},
	"EUR": {
		"name": "Euro",
		"symbol": "€"
	},
	"FKP": {
		"name": "Falklâneilânske pûn"
	},
	"VES": {
		"name": "Fenezolaanske bolivar"
	},
	"VND": {
		"name": "Fietnameeske dong",
		"symbol": "₫"
	},
	"FJD": {
		"name": "Fiji-dollar",
		"symbol": "FJ$"
	},
	"PHP": {
		"name": "Filipynske peso",
		"symbol": "₱"
	},
	"GMD": {
		"name": "Gambiaanske dalasi"
	},
	"GEL": {
		"name": "Georgyske lari"
	},
	"GHS": {
		"name": "Ghanese cedi"
	},
	"GIP": {
		"name": "Gibraltarees pûn"
	},
	"GTQ": {
		"name": "Guatemalteekse quetzal"
	},
	"GYD": {
		"name": "Guyaanske dollar"
	},
	"GNF": {
		"name": "Guinese franc"
	},
	"HTG": {
		"name": "Haïtiaanske gourde"
	},
	"HNL": {
		"name": "Hondurese lempira"
	},
	"HUF": {
		"name": "Hongaarse forint"
	},
	"HKD": {
		"name": "Hongkongske dollar",
		"symbol": "HK$"
	},
	"INR": {
		"name": "Indiase roepie",
		"symbol": "₹"
	},
	"IDR": {
		"name": "Indonesyske roepia"
	},
	"IQD": {
		"name": "Iraakse dinar"
	},
	"IRR": {
		"name": "Iraanske rial"
	},
	"ISK": {
		"name": "Yslânske kroon"
	},
	"ILS": {
		"name": "Israëlyske nieuwe shekel",
		"symbol": "₪"
	},
	"JMD": {
		"name": "Jamaikaanske dollar"
	},
	"JPY": {
		"name": "Japanse yen",
		"symbol": "JP¥"
	},
	"YER": {
		"name": "Jemenityske rial"
	},
	"JOD": {
		"name": "Jordaanske dinar"
	},
	"CVE": {
		"name": "Kaapverdyske escudo"
	},
	"KHR": {
		"name": "Kambodjaanske riel"
	},
	"QAR": {
		"name": "Katarese rial"
	},
	"KZT": {
		"name": "Kazachstaanske tenge"
	},
	"KES": {
		"name": "Keniaanske shilling"
	},
	"KGS": {
		"name": "Kirgizyske som"
	},
	"KWD": {
		"name": "Koeweitse dinar"
	},
	"COP": {
		"name": "Kolombiaanske peso"
	},
	"KMF": {
		"name": "Komorese frank"
	},
	"CUP": {
		"name": "Kubaanske peso"
	},
	"LAK": {
		"name": "Laotiaanske kip"
	},
	"LSL": {
		"name": "Lesothaanske loti"
	},
	"LBP": {
		"name": "Libaneeske pûn"
	},
	"LRD": {
		"name": "Liberiaanske dollar"
	},
	"LYD": {
		"name": "Libyske dinar"
	},
	"MOP": {
		"name": "Macause pataca"
	},
	"MKD": {
		"name": "Macedonyske denar"
	},
	"MGA": {
		"name": "Malagassyske ariary"
	},
	"MWK": {
		"name": "Malawyske kwacha"
	},
	"MVR": {
		"name": "Maldivyske rufiyaa"
	},
	"MYR": {
		"name": "Maleisyske ringgit"
	},
	"MAD": {
		"name": "Marokkaanske dirham"
	},
	"MRU": {
		"name": "Mauritaanske ouguiya"
	},
	"MUR": {
		"name": "Mauritiaanske roepie"
	},
	"MXN": {
		"name": "Meksikaanske peso",
		"symbol": "MX$"
	},
	"MMK": {
		"name": "Myanmarese kyat"
	},
	"MDL": {
		"name": "Moldavyske leu"
	},
	"MNT": {
		"name": "Mongoalske tugrik"
	},
	"MZN": {
		"name": "Mozambikaanske metical"
	},
	"NAD": {
		"name": "Namibyske dollar"
	},
	"NPR": {
		"name": "Nepalese roepie"
	},
	"NIO": {
		"name": "Nicaraguaanske córdoba"
	},
	"NGN": {
		"name": "Nigeriaanske naira"
	},
	"NZD": {
		"name": "Nij-Seelânske dollar",
		"symbol": "NZ$"
	},
	"TWD": {
		"name": "Nije Taiwanese dollar",
		"symbol": "NT$"
	},
	"KPW": {
		"name": "Noard-Koreaanske won"
	},
	"NOK": {
		"name": "Noarske kroon"
	},
	"UGX": {
		"name": "Oegandese shilling"
	},
	"UAH": {
		"name": "Oekraïense hryvnia"
	},
	"UZS": {
		"name": "Oezbekistaanske sum"
	},
	"OMR": {
		"name": "Omaanske rial"
	},
	"PKR": {
		"name": "Pakistaanske roepie"
	},
	"PAB": {
		"name": "Panamese balboa"
	},
	"PGK": {
		"name": "Papuaanske kina"
	},
	"PYG": {
		"name": "Paraguayaanske guarani"
	},
	"PEN": {
		"name": "Peruaanske sol"
	},
	"PLN": {
		"name": "Poalske zloty"
	},
	"RON": {
		"name": "Roemeenske leu"
	},
	"RUB": {
		"name": "Russyske roebel"
	},
	"RWF": {
		"name": "Rwandese frank"
	},
	"SBD": {
		"name": "Salomon-dollar",
		"symbol": "SI$"
	},
	"SVC": {
		"name": "Salvadoraanske colón"
	},
	"ZMW": {
		"name": "Sambiaanske kwacha"
	},
	"WST": {
		"name": "Samoaanske tala"
	},
	"STN": {
		"name": "Santomese dobra"
	},
	"SAR": {
		"name": "Saoedi-Arabyske riyal"
	},
	"SCR": {
		"name": "Seychelse roepie"
	},
	"RSD": {
		"name": "Servyske dinar"
	},
	"SLE": {
		"name": "Sierraleoonse leone"
	},
	"CLP": {
		"name": "Sileenske peso"
	},
	"CNY": {
		"name": "Sineeske yuan renminbi",
		"symbol": "CN¥"
	},
	"SGD": {
		"name": "Singaporese dollar"
	},
	"SHP": {
		"name": "Sint-Heleenske pûn"
	},
	"SYP": {
		"name": "Syrysk pûn"
	},
	"SDG": {
		"name": "Soedaneeske pûn"
	},
	"SOS": {
		"name": "Somalyske shilling"
	},
	"LKR": {
		"name": "Sri Lankaanske roepie"
	},
	"ZAR": {
		"name": "Sûd-Afrikaanske rand"
	},
	"KRW": {
		"name": "Sûd-Koreaanske won",
		"symbol": "₩"
	},
	"SSP": {
		"name": "Sûd-Soedaneeske pûn"
	},
	"SRD": {
		"name": "Surinaamske dollar"
	},
	"SZL": {
		"name": "Swazyske lilangeni"
	},
	"SEK": {
		"name": "Sweedske kroon"
	},
	"TJS": {
		"name": "Tadzjikistaanske somoni"
	},
	"TZS": {
		"name": "Tanzaniaanske shilling"
	},
	"THB": {
		"name": "Thaise baht",
		"symbol": "฿"
	},
	"TOP": {
		"name": "Tongaanske paʻanga"
	},
	"TTD": {
		"name": "Trinidad en Tobago-dollar"
	},
	"CZK": {
		"name": "Tsjechyske kroon"
	},
	"TND": {
		"name": "Tunesyske dinar"
	},
	"TMT": {
		"name": "Turkmeense manat"
	},
	"TRY": {
		"name": "Turkse lira"
	},
	"UYU": {
		"name": "Uruguayaanske peso"
	},
	"VUV": {
		"name": "Vanuatuaanske vatu"
	},
	"AED": {
		"name": "Verenigde Arabyske Emiraten-dirham"
	},
	"BYN": {
		"name": "Wit-Russyske roebel"
	},
	"CHF": {
		"name": "Zwitserse frank"
	}
}