{
	"BAM": {
		"name": "Akara mgbanwe ego obodo Bosnia-Herzegovina"
	},
	"XCG": {
		"name": "Caribbean guilder",
		"symbol": "Cg."
	},
	"BZD": {
		"name": "Dollar Belize"
	},
	"BMD": {
		"name": "Dollar Bermuda"
	},
	"CAD": {
		"name": "Dollar Canada",
		"symbol": "CA$"
	},
	"TWD": {
		"name": "Dollar obodo New Taiwan",
		"symbol": "NT$"
	},
	"SRD": {
		"name": "Dollar Surinamese"
	},
	"TTD": {
		"name": "Dollar Trinidad & Tobago"
	},
	"USD": {
		"name": "Dollar US",
		"symbol": "$"
	},
	"AFN": {
		"name": "Ego Afghani Obodo Afghanistan"
	},
	"MGA": {
		"name": "Ego Ariary obodo Madagascar"
	},
	"THB": {
		"name": "Ego Baht obodo Thai"
	},
	"PAB": {
		"name": "Ego Balboa obodo Panama"
	},
	"ETB": {
		"name": "Ego Birr obodo Ethiopia"
	},
	"VES": {
		"name": "Ego Bolivar obodo Venezuela"
	},
	"BOB": {
		"name": "Ego Boliviano obodo Bolivia"
	},
	"GHS": {
		"name": "Ego Cedi obodo Ghana"
	},
	"XOF": {
		"name": "Ego CFA Franc obodo West Africa",
		"symbol": "F CFA"
	},
	"CRC": {
		"name": "Ego Colón obodo Costa Rica"
	},
	"NIO": {
		"name": "Ego Córodoba obodo Nicaragua"
	},
	"GMD": {
		"name": "Ego Dalasi obodo Gambia"
	},
	"MKD": {
		"name": "Ego Denar Obodo Macedonia"
	},
	"DZD": {
		"name": "Ego Dinar Obodo Algeria"
	},
	"BHD": {
		"name": "Ego Dinar Obodo Bahrain"
	},
	"IQD": {
		"name": "Ego Dinar obodo Iraq"
	},
	"JOD": {
		"name": "Ego Dinar Obodo Jordan"
	},
	"KWD": {
		"name": "Ego Dinar Obodo Kuwait"
	},
	"LYD": {
		"name": "Ego Dinar obodo Libya"
	},
	"RSD": {
		"name": "Ego Dinar obodo Serbia"
	},
	"TND": {
		"name": "Ego Dinar Obodo Tunisia"
	},
	"MAD": {
		"name": "Ego Dirham obodo Morocco"
	},
	"AED": {
		"name": "Ego Dirham obodo United Arab Emirates"
	},
	"STN": {
		"name": "Ego Dobra nke obodo Sāo Tomé na Principe"
	},
	"AUD": {
		"name": "Ego Dollar obodo Australia",
		"symbol": "A$"
	},
	"BSD": {
		"name": "Ego Dollar Obodo Bahamas"
	},
	"BBD": {
		"name": "Ego Dollar obodo Barbados"
	},
	"BND": {
		"name": "Ego Dollar obodo Brunei"
	},
	"KYD": {
		"name": "Ego Dollar obodo Cayman Islands"
	},
	"XCD": {
		"name": "Ego Dollar obodo East Carribbean",
		"symbol": "EC$"
	},
	"FJD": {
		"name": "Ego Dollar obodo Fiji"
	},
	"GYD": {
		"name": "Ego Dollar obodo Guyana"
	},
	"HKD": {
		"name": "Ego Dollar Obodo Honk Kong",
		"symbol": "HK$"
	},
	"JMD": {
		"name": "Ego Dollar obodo Jamaica"
	},
	"LRD": {
		"name": "Ego Dollar obodo Liberia"
	},
	"NAD": {
		"name": "Ego Dollar obodo Namibia"
	},
	"NZD": {
		"name": "Ego Dollar obodo New Zealand",
		"symbol": "NZ$"
	},
	"SGD": {
		"name": "Ego Dollar obodo Singapore"
	},
	"SBD": {
		"name": "Ego Dollar obodo Solomon Islands"
	},
	"VND": {
		"name": "Ego Dong obodo Vietnam",
		"symbol": "₫"
	},
	"AMD": {
		"name": "Ego Dram obodo Armenia"
	},
	"AWG": {
		"name": "Ego Florin obodo Aruba"
	},
	"HUF": {
		"name": "Ego Forint obodo Hungary"
	},
	"XAF": {
		"name": "Ego Franc mba etiti Africa",
		"symbol": "FCFA"
	},
	"CHF": {
		"name": "Ego Franc mba Switzerland"
	},
	"BIF": {
		"name": "Ego Franc obodo Burundi"
	},
	"XPF": {
		"name": "Ego Franc obodo CFP",
		"symbol": "CFPF"
	},
	"KMF": {
		"name": "Ego Franc obodo Comoros"
	},
	"CDF": {
		"name": "Ego Franc obodo Congo"
	},
	"DJF": {
		"name": "Ego Franc obodo Djibouti"
	},
	"GNF": {
		"name": "Ego Franc obodo Guinea"
	},
	"RWF": {
		"name": "Ego Franc obodo Rwanda"
	},
	"HTG": {
		"name": "Ego Gourde obodo Haiti"
	},
	"PYG": {
		"name": "Ego Guarani obodo Paraguay"
	},
	"UAH": {
		"name": "Ego Hryvnia obodo Ukraine"
	},
	"PGK": {
		"name": "Ego Kina obodo Papua New Guinea"
	},
	"LAK": {
		"name": "Ego Kip Obodo Laos"
	},
	"CZK": {
		"name": "Ego Koruna obodo Czech"
	},
	"ISK": {
		"name": "Ego Króna obodo Iceland"
	},
	"SEK": {
		"name": "Ego Krona Obodo Sweden"
	},
	"DKK": {
		"name": "Ego Krone Obodo Denmark"
	},
	"NOK": {
		"name": "Ego Krone Obodo Norway"
	},
	"MMK": {
		"name": "Ego Kyat obodo Myanmar"
	},
	"MWK": {
		"name": "Ego Kwacha obodo Malawi"
	},
	"ZMW": {
		"name": "Ego Kwacha Obodo Zambia"
	},
	"AOA": {
		"name": "Ego Kwanza obodo Angola"
	},
	"GEL": {
		"name": "Ego Lari Obodo Georgia"
	},
	"ALL": {
		"name": "Ego Lek Obodo Albania"
	},
	"HNL": {
		"name": "Ego Lempira obodo Honduras"
	},
	"SLE": {
		"name": "Ego Leone obodo Sierra Leone"
	},
	"MDL": {
		"name": "Ego Leu obodo Moldova"
	},
	"RON": {
		"name": "Ego Leu obodo Romania"
	},
	"BGN": {
		"name": "Ego Lev mba Bulgaria"
	},
	"SZL": {
		"name": "Ego Lilangeni obodo Swaziland"
	},
	"TRY": {
		"name": "Ego Lira obodo Turkey"
	},
	"LSL": {
		"name": "Ego loti obodo Lesotho"
	},
	"AZN": {
		"name": "Ego Manat obodo Azerbaijan"
	},
	"TMT": {
		"name": "Ego Manat Obodo Turkmenistan"
	},
	"MZN": {
		"name": "Ego Metical obodo Mozambique"
	},
	"ERN": {
		"name": "Ego Nakfa obodo Eritrea"
	},
	"BTN": {
		"name": "Ego Ngultrum obodo Bhutan"
	},
	"MRU": {
		"name": "Ego Ouguiya Obodo Mauritania"
	},
	"TOP": {
		"name": "Ego paʻanga obodo Tonga"
	},
	"MOP": {
		"name": "Ego Pataca ndị Obodo Macanese"
	},
	"ARS": {
		"name": "Ego Peso obodo Argentina"
	},
	"CLP": {
		"name": "Ego Peso obodo Chile"
	},
	"COP": {
		"name": "Ego Peso obodo Columbia"
	},
	"CUP": {
		"name": "Ego Peso obodo Cuba"
	},
	"DOP": {
		"name": "Ego Peso Obodo Dominica"
	},
	"MXN": {
		"name": "Ego Peso obodo Mexico",
		"symbol": "MX$"
	},
	"UYU": {
		"name": "Ego Peso obodo Uruguay"
	},
	"PHP": {
		"name": "Ego Piso obodo Philippine",
		"symbol": "₱"
	},
	"EGP": {
		"name": "Ego Pound obodo Egypt"
	},
	"FKP": {
		"name": "Ego Pound obodo Falkland Islands"
	},
	"GIP": {
		"name": "Ego Pound obodo Gibraltar"
	},
	"LBP": {
		"name": "Ego Pound obodo Lebanon"
	},
	"SSP": {
		"name": "Ego Pound obodo South Sudan"
	},
	"SHP": {
		"name": "Ego Pound obodo St Helena"
	},
	"SDG": {
		"name": "Ego Pound obodo Sudan"
	},
	"SYP": {
		"name": "Ego Pound obodo Syria"
	},
	"BWP": {
		"name": "Ego Pula obodo Bostwana"
	},
	"GTQ": {
		"name": "Ego Quetzal obodo Guatemala"
	},
	"ZAR": {
		"name": "Ego Rand obodo South Africa"
	},
	"IRR": {
		"name": "Ego Rial obodo Iran"
	},
	"OMR": {
		"name": "Ego Rial obodo Oman"
	},
	"QAR": {
		"name": "Ego Rial obodo Qatar"
	},
	"YER": {
		"name": "Ego Rial obodo Yemeni"
	},
	"KHR": {
		"name": "Ego Riel obodo Cambodia"
	},
	"MYR": {
		"name": "Ego Ringgit obodo Malaysia"
	},
	"SAR": {
		"name": "Ego Riyal obodo Saudi"
	},
	"BYN": {
		"name": "Ego Ruble mba Belarus"
	},
	"MVR": {
		"name": "Ego Rufiyaa obodo Moldova"
	},
	"MUR": {
		"name": "Ego Rupee obodo Mauritania"
	},
	"NPR": {
		"name": "Ego Rupee obodo Nepal"
	},
	"PKR": {
		"name": "Ego Rupee obodo Pakistan"
	},
	"SCR": {
		"name": "Ego Rupee obodo Seychelles"
	},
	"LKR": {
		"name": "Ego Rupee obodo Sri Lanka"
	},
	"IDR": {
		"name": "Ego Rupiah Obodo Indonesia"
	},
	"PEN": {
		"name": "Ego Sol obodo Peru"
	},
	"KGS": {
		"name": "Ego Som Obodo Kyrgyzstan"
	},
	"UZS": {
		"name": "Ego Som obodo Uzbekistan"
	},
	"ILS": {
		"name": "Ego Shekel ọhụrụ obodo Israel",
		"symbol": "₪"
	},
	"KES": {
		"name": "Ego Shilling obodo Kenya"
	},
	"SOS": {
		"name": "Ego shilling obodo Somali"
	},
	"TZS": {
		"name": "Ego Shilling Obodo Tanzania"
	},
	"UGX": {
		"name": "Ego Shilling obodo Uganda"
	},
	"BDT": {
		"name": "Ego Taka obodo Bangladesh"
	},
	"WST": {
		"name": "Ego Tala obodo Samoa"
	},
	"KZT": {
		"name": "Ego Tenge obodo Kazakhstani"
	},
	"MNT": {
		"name": "Ego Turgik Obodo Mongolia"
	},
	"VUV": {
		"name": "Ego Vatu obodo Vanuatu"
	},
	"KPW": {
		"name": "Ego Won Obodo North Korea"
	},
	"KRW": {
		"name": "Ego Won Obodo South Korea",
		"symbol": "₩"
	},
	"PLN": {
		"name": "Ego Zloty mba Poland"
	},
	"CVE": {
		"name": "Escudo Caboverdiano"
	},
	"EUR": {
		"name": "Euro",
		"symbol": "€"
	},
	"NGN": {
		"name": "Naịra",
		"symbol": "₦"
	},
	"GBP": {
		"name": "Pound British",
		"symbol": "£"
	},
	"BRL": {
		"name": "Real Brazil",
		"symbol": "R$"
	},
	"RUB": {
		"name": "Ruble Russia"
	},
	"INR": {
		"name": "Rupee India",
		"symbol": "₹"
	},
	"TJS": {
		"name": "Who Somoni obodo Tajikistan"
	},
	"JPY": {
		"name": "Yen Japan",
		"symbol": "¥"
	},
	"CNY": {
		"name": "Yuan China",
		"symbol": "CN¥"
	}
}