{
	"AFN": {
		"name": "Afeganĩ afegỹv"
	},
	"HTG": {
		"name": "Ajti Runja"
	},
	"HNL": {
		"name": "Ãnura Rẽpirá"
	},
	"MAD": {
		"name": "Ar-Magrim Nirham"
	},
	"ALL": {
		"name": "Arámánja Rég"
	},
	"AMD": {
		"name": "Arámẽnja Daram"
	},
	"SAR": {
		"name": "Aramija Savnita Hijar"
	},
	"DZD": {
		"name": "Argerija Ninỹ"
	},
	"ARS": {
		"name": "Arjẽtinỹ Kufy \/\/ Arjẽntĩnỹ Kufy"
	},
	"AWG": {
		"name": "Aruma Kafejsĩ"
	},
	"AUD": {
		"name": "Awotyraria Nórar Si",
		"symbol": "AU$"
	},
	"BTN": {
		"name": "Butỹ Guturũm"
	},
	"XCG": {
		"name": "Caribbean guilder",
		"symbol": "Cg."
	},
	"EGP": {
		"name": "Ejimto Rimra"
	},
	"AED": {
		"name": "Ẽmĩrano Arame Jãnkamu"
	},
	"SVC": {
		"name": "Er Sarvanor Korãn"
	},
	"ERN": {
		"name": "Eriteréja Nagfa"
	},
	"ETB": {
		"name": "Etiópija Mir"
	},
	"EUR": {
		"name": "Evoro",
		"symbol": "€"
	},
	"FJD": {
		"name": "Fiji Nórar",
		"symbol": "FJC"
	},
	"PHP": {
		"name": "Firipinỹ Kufy"
	},
	"GYD": {
		"name": "Gijỹnỹ Nórar"
	},
	"GNF": {
		"name": "Ginẽ Vĩpir"
	},
	"GTQ": {
		"name": "Guvỹtemỹra Kensav"
	},
	"GMD": {
		"name": "Gỹmija Narasi"
	},
	"GHS": {
		"name": "Gỹnỹ Senhi"
	},
	"HKD": {
		"name": "Hãg-Kãg Nórar",
		"symbol": "HK$"
	},
	"RUB": {
		"name": "Husija Humro"
	},
	"RWF": {
		"name": "Huvỹna Vĩpir"
	},
	"INR": {
		"name": "Ĩnija Rupija",
		"symbol": "₹"
	},
	"IDR": {
		"name": "Ĩnonẽsija Rupija"
	},
	"IQD": {
		"name": "Iraki Ninỹ"
	},
	"IRR": {
		"name": "Irỹ Hi’av"
	},
	"ILS": {
		"name": "Isihaé Sekév Tãg",
		"symbol": "₪"
	},
	"JMD": {
		"name": "Jamỹjka Nórar"
	},
	"JPY": {
		"name": "Japã Jenẽ",
		"symbol": "JP¥"
	},
	"YER": {
		"name": "Jemẽn Hijar"
	},
	"GEL": {
		"name": "Jiórja Rari"
	},
	"JOD": {
		"name": "Jornánĩja Ninỹ"
	},
	"BBD": {
		"name": "Juvã-mág Nórar"
	},
	"CDF": {
		"name": "Kãgu Vĩpir"
	},
	"KZT": {
		"name": "Kajakinhtỹv Tẽge"
	},
	"KYD": {
		"name": "Kanhmỹ Vãsogso Nórar"
	},
	"CAD": {
		"name": "Kanỹna Nórar",
		"symbol": "CA$"
	},
	"XCD": {
		"name": "Karime Rãjur Nórar",
		"symbol": "EC$"
	},
	"BMD": {
		"name": "Karsa-ror-ag Nórar"
	},
	"QAR": {
		"name": "Katar Hijar"
	},
	"KES": {
		"name": "Kẽnja Serĩm"
	},
	"KGS": {
		"name": "Kirgi-Ga Kyr"
	},
	"COP": {
		"name": "Kolãmja Kufy"
	},
	"KMF": {
		"name": "Komor Vĩpir"
	},
	"KRW": {
		"name": "Koréja Sur Vãn",
		"symbol": "₩"
	},
	"CRC": {
		"name": "Kotahika Korãn"
	},
	"SLE": {
		"name": "Krĩ Mĩgkusũg-fi Re’onĩ"
	},
	"ISK": {
		"name": "Kukryr-ga Rãgre"
	},
	"CUP": {
		"name": "Kuma Kufy"
	},
	"KWD": {
		"name": "Kuvajti Ninỹ"
	},
	"ZMW": {
		"name": "Kuvasa jỹmijanũ"
	},
	"KHR": {
		"name": "Kỹmósa Hijév"
	},
	"MNT": {
		"name": "Mãgórija Tugrig"
	},
	"BDT": {
		"name": "Mágranési Taka"
	},
	"BSD": {
		"name": "Mahamỹ Nórar"
	},
	"AZN": {
		"name": "Manati aseri"
	},
	"BHD": {
		"name": "Marẽnh Ninỹ"
	},
	"MUR": {
		"name": "Mãriso Rupija"
	},
	"MDL": {
		"name": "Mãrnova Revu"
	},
	"MZN": {
		"name": "Mãsỹmiki Mẽtikar"
	},
	"BZD": {
		"name": "Merise Nórar"
	},
	"MXN": {
		"name": "Mẽsiku Kufy",
		"symbol": "MX$"
	},
	"BYN": {
		"name": "Miero-Husija Humro"
	},
	"MMK": {
		"name": "Mijẽn-Mỹ Kijate"
	},
	"BWP": {
		"name": "Monsuvỹnỹ Pura"
	},
	"BOB": {
		"name": "Morivija Jãnkamu"
	},
	"BAM": {
		"name": "Mósinĩja Hersegovĩna-mré Mỹrko ta ũn há"
	},
	"BRL": {
		"name": "Mrasir Rejar",
		"symbol": "R$"
	},
	"BND": {
		"name": "Mrunẽj Nórar"
	},
	"BGN": {
		"name": "Mugarja Rev"
	},
	"MRU": {
		"name": "Mũritỹni Ov-Gija"
	},
	"BIF": {
		"name": "Murũni Vĩpir"
	},
	"MOP": {
		"name": "Mỹkav Pataka"
	},
	"MGA": {
		"name": "Mỹna-Gasikar Ari-ary"
	},
	"MYR": {
		"name": "Mỹraja Rĩggin"
	},
	"MWK": {
		"name": "Mỹravi Kuvasa"
	},
	"MVR": {
		"name": "Mỹrniva Rupija"
	},
	"FKP": {
		"name": "Mỹrvinỹ Rimra"
	},
	"MKD": {
		"name": "Mỹsenonĩja Ninỹ"
	},
	"NOK": {
		"name": "Nãrovéga Rãgre"
	},
	"USD": {
		"name": "Nãrti-Amẽrikỹ Nórar",
		"symbol": "US$"
	},
	"KPW": {
		"name": "Nãrti-Koréja Vãn"
	},
	"NPR": {
		"name": "Nẽpar Rupija"
	},
	"GIP": {
		"name": "Nhimratar Rimra"
	},
	"DJF": {
		"name": "Nhimuti Vĩpir"
	},
	"NGN": {
		"name": "Nĩjérija Nỹjra"
	},
	"NIO": {
		"name": "Nĩkaraguva Kórnoma"
	},
	"DKK": {
		"name": "Ninỹmỹrka Rãgre"
	},
	"DOP": {
		"name": "Nomĩnĩka Kufy"
	},
	"NAD": {
		"name": "Nỹmĩmija Nórar"
	},
	"OMR": {
		"name": "Omỹ Hijar"
	},
	"PKR": {
		"name": "Pakinhtỹv Rupiya"
	},
	"PAB": {
		"name": "Panỹmỹ Mavo-Mova"
	},
	"PGK": {
		"name": "Papuva Kinỹ"
	},
	"PYG": {
		"name": "Paraguvaj Garnĩ"
	},
	"PEN": {
		"name": "Peru Rã Tãg"
	},
	"PLN": {
		"name": "Poronĩja Rẽrĩr"
	},
	"CVE": {
		"name": "Pu-Tánh Vẽjuven"
	},
	"ZAR": {
		"name": "Ran surafrikỹnũ"
	},
	"LAK": {
		"name": "Ravusi Kim"
	},
	"LSL": {
		"name": "Resotu Roti"
	},
	"LBP": {
		"name": "Rimanũ Rimra"
	},
	"LRD": {
		"name": "Rimérijỹ Nórar"
	},
	"LYD": {
		"name": "Rimija Ninỹ"
	},
	"GBP": {
		"name": "Rimra Eterĩnỹ",
		"symbol": "£"
	},
	"RON": {
		"name": "Romẽnija Rev"
	},
	"WST": {
		"name": "Samãva Tara"
	},
	"SBD": {
		"name": "Saromỹ Vẽsogso Nórar"
	},
	"SCR": {
		"name": "Sejséri Rupija"
	},
	"CZK": {
		"name": "Séka Rãgre"
	},
	"RSD": {
		"name": "Séruvija Ninỹ"
	},
	"SGD": {
		"name": "Sĩgapur Nórar"
	},
	"CNY": {
		"name": "Sĩnỹ Yvỹn",
		"symbol": "CN¥"
	},
	"CLP": {
		"name": "Sire Kufy"
	},
	"SYP": {
		"name": "Sirija Rimra"
	},
	"LKR": {
		"name": "Sirijỹká Rupija"
	},
	"SOS": {
		"name": "Somỹrija Serĩm"
	},
	"SDG": {
		"name": "Suná Rimbra"
	},
	"SSP": {
		"name": "Suná-Sur Rimra"
	},
	"SRD": {
		"name": "Surinỹm Nórar"
	},
	"SZL": {
		"name": "Suvasi-Ga Rirỹgenĩ"
	},
	"SEK": {
		"name": "Suvésija Rãgre"
	},
	"CHF": {
		"name": "Suvisa Vĩpir"
	},
	"SHP": {
		"name": "Sỹta Herenỹ Rimra"
	},
	"STN": {
		"name": "Sỹtomẽ Prĩsipi-mré Nómra"
	},
	"TOP": {
		"name": "Tãga Pa’ỹga"
	},
	"THB": {
		"name": "Taj-Ga Mati",
		"symbol": "฿"
	},
	"TWD": {
		"name": "Tajvỹ Nórar Tãg",
		"symbol": "NT$"
	},
	"TJS": {
		"name": "Tanijikinhtỹv Somãnĩ"
	},
	"TTD": {
		"name": "Tirinĩna Tomago-mré Nórar"
	},
	"TMT": {
		"name": "Tukomẽnũ Manati"
	},
	"TND": {
		"name": "Tunĩsija Ninỹ"
	},
	"TRY": {
		"name": "Turkija Rira"
	},
	"TZS": {
		"name": "Tỹnjỹnĩja Serĩm"
	},
	"HUF": {
		"name": "Ũgrija Kafejsĩ"
	},
	"UGX": {
		"name": "Ugỹna Serĩm"
	},
	"UAH": {
		"name": "Ukrỹnĩja Hyryvinja"
	},
	"UZS": {
		"name": "Unhmekinhtỹv Kyr"
	},
	"UYU": {
		"name": "Uruguvaj Kufy"
	},
	"VUV": {
		"name": "Vanũvatu Vatu"
	},
	"VES": {
		"name": "Venẽjuvéra Morivar"
	},
	"VND": {
		"name": "Vijétinỹm Nãg",
		"symbol": "₫"
	},
	"XOF": {
		"name": "Vĩpir CFA tỹ BCEAO",
		"symbol": "CFA"
	},
	"XAF": {
		"name": "Vĩpir CFA tỹ BEAC",
		"symbol": "FCFA"
	},
	"XPF": {
		"name": "Vĩpir CFP",
		"symbol": "CFPF"
	},
	"AOA": {
		"name": "Ỹgora Kwanza"
	},
	"NZD": {
		"name": "Zirỹnija Tãg Nórar",
		"symbol": "NZ$"
	}
}