{
	"AFN": {
		"name": "Afghan Afghani"
	},
	"DZD": {
		"name": "Alžeeri Dinar"
	},
	"USD": {
		"name": "Ameriki Dollar",
		"symbol": "US$"
	},
	"AOA": {
		"name": "Angoola Kwanza"
	},
	"ARS": {
		"name": "Argentine Peso"
	},
	"AMD": {
		"name": "Armenian Dram"
	},
	"AZN": {
		"name": "Azerbaijani Manat"
	},
	"BSD": {
		"name": "Bahamian Dollar"
	},
	"BHD": {
		"name": "Bahareen Dinar"
	},
	"BDT": {
		"name": "Bangladeshi Taka"
	},
	"BBD": {
		"name": "Barbadian Dollar"
	},
	"BZD": {
		"name": "Belize Dollar"
	},
	"BMD": {
		"name": "Bermudan Dollar"
	},
	"BOB": {
		"name": "Bolivian Boliviano"
	},
	"BAM": {
		"name": "Bosnia-Herzegovina Convertible Mark"
	},
	"BWP": {
		"name": "Botswaana Pund"
	},
	"BRL": {
		"name": "Brazilian Real",
		"symbol": "R$"
	},
	"GBP": {
		"name": "Britin Pund",
		"symbol": "£"
	},
	"BND": {
		"name": "Brunei Dollar"
	},
	"BIF": {
		"name": "Burundi Fraŋ"
	},
	"KHR": {
		"name": "Cambodian Riel"
	},
	"XCG": {
		"name": "Caribbean guilder",
		"symbol": "Cg."
	},
	"KYD": {
		"name": "Cayman Islands Dollar"
	},
	"XOF": {
		"name": "CFA Fraŋ (BCEAO)",
		"symbol": "F CFA"
	},
	"XAF": {
		"name": "CFA Fraŋ (BEAC)",
		"symbol": "FCFA"
	},
	"XPF": {
		"name": "CFP Franc",
		"symbol": "CFPF"
	},
	"CLP": {
		"name": "Chilean Peso"
	},
	"COP": {
		"name": "Colombian Peso"
	},
	"CRC": {
		"name": "Costa Rican Colón"
	},
	"CUP": {
		"name": "Cuban Peso"
	},
	"CZK": {
		"name": "Czech Koruna"
	},
	"DKK": {
		"name": "Danish Krone"
	},
	"DOP": {
		"name": "Dominican Peso"
	},
	"XCD": {
		"name": "East Caribbean Dollar",
		"symbol": "EC$"
	},
	"ETB": {
		"name": "Ecioopi Birr"
	},
	"EUR": {
		"name": "Eero",
		"symbol": "€"
	},
	"ERN": {
		"name": "Eritree Nafka"
	},
	"FKP": {
		"name": "Falkland Islands Pound"
	},
	"FJD": {
		"name": "Fijian Dollar"
	},
	"GMD": {
		"name": "Gambi Dalasi"
	},
	"GEL": {
		"name": "Georgian Lari"
	},
	"GHS": {
		"name": "Ghanaian Cedi"
	},
	"GIP": {
		"name": "Gibraltar Pound"
	},
	"GTQ": {
		"name": "Guatemalan Quetzal"
	},
	"GNF": {
		"name": "Guinean Franc"
	},
	"GYD": {
		"name": "Guyanaese Dollar"
	},
	"ZAR": {
		"name": "Hawasa Afriki Rand"
	},
	"HNL": {
		"name": "Honduran Lempira"
	},
	"HKD": {
		"name": "Hong Kong Dollar",
		"symbol": "HK$"
	},
	"HUF": {
		"name": "Hungarian Forint"
	},
	"ISK": {
		"name": "Icelandic Króna"
	},
	"IDR": {
		"name": "Indonesian Rupiah"
	},
	"INR": {
		"name": "Indu Rupii",
		"symbol": "₹"
	},
	"ILS": {
		"name": "Israeli New Shekel",
		"symbol": "₪"
	},
	"JPY": {
		"name": "Jaapoŋ Yen",
		"symbol": "JP¥"
	},
	"JMD": {
		"name": "Jamaican Dollar"
	},
	"DJF": {
		"name": "Jibuuti Fraŋ"
	},
	"CAD": {
		"name": "Kanaada Dollar",
		"symbol": "CA$"
	},
	"CVE": {
		"name": "Kapuver Escudo"
	},
	"KZT": {
		"name": "Kazakhstani Tenge"
	},
	"KES": {
		"name": "Keeniya Šiiliŋ"
	},
	"KMF": {
		"name": "Komoor Fraŋ"
	},
	"CDF": {
		"name": "Kongo Fraŋ"
	},
	"KGS": {
		"name": "Kyrgystani Som"
	},
	"AED": {
		"name": "Laaraw Immaara Margantey Dirham"
	},
	"LAK": {
		"name": "Laotian Kip"
	},
	"LBP": {
		"name": "Lebanese Pound"
	},
	"SLE": {
		"name": "Leeon"
	},
	"LSL": {
		"name": "Leezoto Loti"
	},
	"LRD": {
		"name": "Liberia Dollar"
	},
	"LYD": {
		"name": "Liibi Dinar"
	},
	"SZL": {
		"name": "Lilangeni"
	},
	"MAD": {
		"name": "Maarok Dirham"
	},
	"MWK": {
		"name": "Malaawi Kwaca"
	},
	"MYR": {
		"name": "Malaysian Ringgit"
	},
	"MGA": {
		"name": "Malgaaši Fraŋ"
	},
	"MXN": {
		"name": "Mexican Peso",
		"symbol": "MX$"
	},
	"EGP": {
		"name": "Misra Pund"
	},
	"MNT": {
		"name": "Mongolian Tugrik"
	},
	"MUR": {
		"name": "Mooris Rupii"
	},
	"MRU": {
		"name": "Mooritaani Ugiya"
	},
	"MMK": {
		"name": "Myanmar Kyat"
	},
	"NGN": {
		"name": "Naajiriya Neera"
	},
	"NAD": {
		"name": "Naamibi Dollar"
	},
	"NPR": {
		"name": "Nepalese Rupee"
	},
	"TWD": {
		"name": "New Taiwan Dollar",
		"symbol": "NT$"
	},
	"NZD": {
		"name": "New Zealand Dollar",
		"symbol": "NZ$"
	},
	"NIO": {
		"name": "Nicaraguan Córdoba"
	},
	"KPW": {
		"name": "North Korean Won"
	},
	"NOK": {
		"name": "Norwegian Krone"
	},
	"AUD": {
		"name": "Ostraali Dollar",
		"symbol": "A$"
	},
	"PKR": {
		"name": "Pakistani Rupee"
	},
	"PYG": {
		"name": "Paraguayan Guarani"
	},
	"PHP": {
		"name": "Philippine Peso",
		"symbol": "₱"
	},
	"PLN": {
		"name": "Polish Zloty"
	},
	"RON": {
		"name": "Romanian Leu"
	},
	"RUB": {
		"name": "Russian Ruble"
	},
	"RWF": {
		"name": "Rwanda Fraŋ"
	},
	"STN": {
		"name": "Sao Tome nda Prinsipe Dobra"
	},
	"SAR": {
		"name": "Saudiya Riyal"
	},
	"SCR": {
		"name": "Seešel Rupii"
	},
	"SHP": {
		"name": "Seŋ Helena Fraŋ"
	},
	"SGD": {
		"name": "Singapore Dollar"
	},
	"CNY": {
		"name": "Sinwa Yuan Renminbi",
		"symbol": "CN¥"
	},
	"SBD": {
		"name": "Solomon Islands Dollar"
	},
	"SOS": {
		"name": "Somaali Šiiliŋ"
	},
	"KRW": {
		"name": "South Korean Won",
		"symbol": "₩"
	},
	"SSP": {
		"name": "South Sudanese Pound"
	},
	"LKR": {
		"name": "Sri Lankan Rupee"
	},
	"SRD": {
		"name": "Surinamese Dollar"
	},
	"SDG": {
		"name": "Suudaŋ Dinar"
	},
	"SEK": {
		"name": "Swedish Krona"
	},
	"CHF": {
		"name": "Swisu Fraŋ"
	},
	"SYP": {
		"name": "Syrian Pound"
	},
	"TZS": {
		"name": "Tanzaani Šiiliŋ"
	},
	"THB": {
		"name": "Thai Baht"
	},
	"TOP": {
		"name": "Tongan Paʻanga"
	},
	"TTD": {
		"name": "Trinidad & Tobago Dollar"
	},
	"TND": {
		"name": "Tunizi Dinar"
	},
	"TRY": {
		"name": "Turkish Lira"
	},
	"UGX": {
		"name": "Uganda Šiiliŋ"
	},
	"UAH": {
		"name": "Ukrainian Hryvnia"
	},
	"UYU": {
		"name": "Uruguayan Peso"
	},
	"VND": {
		"name": "Vietnamese Dong",
		"symbol": "₫"
	},
	"ZMW": {
		"name": "Zambi Kwaca"
	}
}