{
	"AFN": {
		"name": "Afghan Afghani"
	},
	"ARS": {
		"name": "Argentine Peso"
	},
	"AMD": {
		"name": "Armenian Dram"
	},
	"AZN": {
		"name": "Azerbaijani Manat"
	},
	"BSD": {
		"name": "Bahamian Dollar"
	},
	"BDT": {
		"name": "Bangladeshi Taka"
	},
	"BBD": {
		"name": "Barbadian Dollar"
	},
	"BZD": {
		"name": "Belize Dollar"
	},
	"BMD": {
		"name": "Bermudan Dollar"
	},
	"BOB": {
		"name": "Bolivian Boliviano"
	},
	"BAM": {
		"name": "Bosnia-Herzegovina Convertible Mark"
	},
	"BRL": {
		"name": "Brazilian Real",
		"symbol": "R$"
	},
	"BND": {
		"name": "Brunei Dollar"
	},
	"KHR": {
		"name": "Cambodian Riel"
	},
	"XCG": {
		"name": "Caribbean guilder",
		"symbol": "Cg."
	},
	"KYD": {
		"name": "Cayman Islands Dollar"
	},
	"XPF": {
		"name": "CFP Franc",
		"symbol": "CFPF"
	},
	"CLP": {
		"name": "Chilean Peso"
	},
	"COP": {
		"name": "Colombian Peso"
	},
	"CRC": {
		"name": "Costa Rican Colón"
	},
	"CUP": {
		"name": "Cuban Peso"
	},
	"CZK": {
		"name": "Czech Koruna"
	},
	"DKK": {
		"name": "Danish Krone"
	},
	"AUD": {
		"name": "Dolaitab Australian",
		"symbol": "A$"
	},
	"CAD": {
		"name": "Dolaitab Kanada",
		"symbol": "CA$"
	},
	"LRD": {
		"name": "Dolaitab Liberia"
	},
	"NAD": {
		"name": "Dolaitab Namibia"
	},
	"USD": {
		"name": "Dolaitab ya Amareka",
		"symbol": "US$"
	},
	"DOP": {
		"name": "Dominican Peso"
	},
	"XCD": {
		"name": "East Caribbean Dollar",
		"symbol": "EC$"
	},
	"FKP": {
		"name": "Falkland Islands Pound"
	},
	"FJD": {
		"name": "Fijian Dollar"
	},
	"GEL": {
		"name": "Georgian Lari"
	},
	"GHS": {
		"name": "Ghanaian Cedi"
	},
	"GIP": {
		"name": "Gibraltar Pound"
	},
	"GTQ": {
		"name": "Guatemalan Quetzal"
	},
	"GNF": {
		"name": "Guinean Franc"
	},
	"GYD": {
		"name": "Guyanaese Dollar"
	},
	"HNL": {
		"name": "Honduran Lempira"
	},
	"HKD": {
		"name": "Hong Kong Dollar",
		"symbol": "HK$"
	},
	"HUF": {
		"name": "Hungarian Forint"
	},
	"ISK": {
		"name": "Icelandic Króna"
	},
	"IDR": {
		"name": "Indonesian Rupiah"
	},
	"ILS": {
		"name": "Israeli New Shekel",
		"symbol": "₪"
	},
	"JMD": {
		"name": "Jamaican Dollar"
	},
	"KZT": {
		"name": "Kazakhstani Tenge"
	},
	"ZMW": {
		"name": "Kwachaitab Zambia"
	},
	"KGS": {
		"name": "Kyrgystani Som"
	},
	"LAK": {
		"name": "Laotian Kip"
	},
	"LBP": {
		"name": "Lebanese Pound"
	},
	"SLE": {
		"name": "Leonit"
	},
	"SZL": {
		"name": "Lilangenit"
	},
	"MYR": {
		"name": "Malaysian Ringgit"
	},
	"MXN": {
		"name": "Mexican Peso",
		"symbol": "MX$"
	},
	"MNT": {
		"name": "Mongolian Tugrik"
	},
	"MMK": {
		"name": "Myanmar Kyat"
	},
	"NPR": {
		"name": "Nepalese Rupee"
	},
	"TWD": {
		"name": "New Taiwan Dollar",
		"symbol": "NT$"
	},
	"NZD": {
		"name": "New Zealand Dollar",
		"symbol": "NZ$"
	},
	"NIO": {
		"name": "Nicaraguan Córdoba"
	},
	"KPW": {
		"name": "North Korean Won"
	},
	"NOK": {
		"name": "Norwegian Krone"
	},
	"PKR": {
		"name": "Pakistani Rupee"
	},
	"PYG": {
		"name": "Paraguayan Guarani"
	},
	"EGP": {
		"name": "Pauditab Misri"
	},
	"PHP": {
		"name": "Philippine Peso",
		"symbol": "₱"
	},
	"PLN": {
		"name": "Polish Zloty"
	},
	"SHP": {
		"name": "Pouditab helena ne tilil"
	},
	"SDG": {
		"name": "Pouditab Sudan"
	},
	"GBP": {
		"name": "pounditab Uingereza",
		"symbol": "£"
	},
	"DZD": {
		"name": "Rabisiekab Algerian"
	},
	"AOA": {
		"name": "Rabisiekab Angolan"
	},
	"BHD": {
		"name": "Rabisiekab Bahrain"
	},
	"BWP": {
		"name": "Rabisiekab Botswana"
	},
	"BIF": {
		"name": "Rabisiekab Burundi"
	},
	"XOF": {
		"name": "Rabisiekab CFA BCEAO",
		"symbol": "F CFA"
	},
	"XAF": {
		"name": "Rabisiekab CFA BEAC",
		"symbol": "FCFA"
	},
	"CNY": {
		"name": "Rabisiekab China",
		"symbol": "CN¥"
	},
	"CDF": {
		"name": "Rabisiekab Congo"
	},
	"ERN": {
		"name": "Rabisiekab Eritrea"
	},
	"ETB": {
		"name": "Rabisiekab Ethiopia"
	},
	"GMD": {
		"name": "Rabisiekab Gambia"
	},
	"INR": {
		"name": "Rabisiekab India",
		"symbol": "₹"
	},
	"JPY": {
		"name": "Rabisiekab Japan",
		"symbol": "JP¥"
	},
	"DJF": {
		"name": "Rabisiekab Jibuti"
	},
	"CVE": {
		"name": "Rabisiekab Kepuvede"
	},
	"AED": {
		"name": "Rabisiekab Kibagegeitab arabuk"
	},
	"KMF": {
		"name": "Rabisiekab Komoro"
	},
	"LSL": {
		"name": "Rabisiekab Lesoto"
	},
	"LYD": {
		"name": "Rabisiekab Libya"
	},
	"MGA": {
		"name": "Rabisiekab Malagasy"
	},
	"MRU": {
		"name": "Rabisiekab Mauritania"
	},
	"MUR": {
		"name": "Rabisiekab Mauritius"
	},
	"MAD": {
		"name": "Rabisiekab Moroccan"
	},
	"NGN": {
		"name": "Rabisiekab Nigeria"
	},
	"RWF": {
		"name": "Rabisiekab Rwanda"
	},
	"STN": {
		"name": "Rabisiekab Sao Tome ak Principe"
	},
	"SAR": {
		"name": "Rabisiekab Saudia"
	},
	"SCR": {
		"name": "Rabisiekab Shelisheli"
	},
	"CHF": {
		"name": "Rabisiekab Swiss"
	},
	"TND": {
		"name": "RabisiekabTunisia"
	},
	"MWK": {
		"name": "Rabisiekaby Malawi"
	},
	"ZAR": {
		"name": "Randitab Afrika nebo murot tai"
	},
	"RON": {
		"name": "Romanian Leu"
	},
	"RUB": {
		"name": "Russian Ruble"
	},
	"SOS": {
		"name": "siligitab Somalia"
	},
	"TZS": {
		"name": "silingitab Tanzania"
	},
	"UGX": {
		"name": "Silingitab Uganda"
	},
	"KES": {
		"name": "Silingitab ya Kenya",
		"symbol": "Ksh"
	},
	"SGD": {
		"name": "Singapore Dollar"
	},
	"SBD": {
		"name": "Solomon Islands Dollar"
	},
	"KRW": {
		"name": "South Korean Won",
		"symbol": "₩"
	},
	"SSP": {
		"name": "South Sudanese Pound"
	},
	"LKR": {
		"name": "Sri Lankan Rupee"
	},
	"SRD": {
		"name": "Surinamese Dollar"
	},
	"SEK": {
		"name": "Swedish Krona"
	},
	"SYP": {
		"name": "Syrian Pound"
	},
	"THB": {
		"name": "Thai Baht"
	},
	"TOP": {
		"name": "Tongan Paʻanga"
	},
	"TTD": {
		"name": "Trinidad & Tobago Dollar"
	},
	"TRY": {
		"name": "Turkish Lira"
	},
	"UAH": {
		"name": "Ukrainian Hryvnia"
	},
	"UYU": {
		"name": "Uruguayan Peso"
	},
	"VND": {
		"name": "Vietnamese Dong",
		"symbol": "₫"
	},
	"EUR": {
		"name": "Yuroit",
		"symbol": "€"
	}
}