{
	"THB": {
		"name": "bahtê taylandî"
	},
	"PAB": {
		"name": "balboayê panamayî"
	},
	"ETB": {
		"name": "bîrê etyopyayî"
	},
	"VES": {
		"name": "bolîvarê venezuelayî"
	},
	"BOB": {
		"name": "bolîvyanoyê bolîvyayî"
	},
	"XCG": {
		"name": "Caribbean guilder",
		"symbol": "Cg."
	},
	"GHS": {
		"name": "cedîyê ganayî"
	},
	"GMD": {
		"name": "dalasîyê gambîyayî"
	},
	"BHD": {
		"name": "dînarê behreynê"
	},
	"DZD": {
		"name": "dînarê cezayîrî"
	},
	"IQD": {
		"name": "dînarê îraqî"
	},
	"KWD": {
		"name": "dînarê kuweytî"
	},
	"LYD": {
		"name": "dînarê lîbyayî"
	},
	"MKD": {
		"name": "dînarê makedonî"
	},
	"RSD": {
		"name": "dînarê sirbî"
	},
	"TND": {
		"name": "dînarê tûnisî"
	},
	"JOD": {
		"name": "dînarê urdunî"
	},
	"MAD": {
		"name": "dîrhemê fasî"
	},
	"AED": {
		"name": "dîrhemê mîrgehên erebî yên yekbûyî"
	},
	"STN": {
		"name": "dobrayê sao tome û principeyî"
	},
	"USD": {
		"name": "dolarê amerîkî",
		"symbol": "$"
	},
	"AUD": {
		"name": "dolarê awistralyayî",
		"symbol": "A$"
	},
	"BSD": {
		"name": "dolarê bahamayî"
	},
	"BBD": {
		"name": "dolarê barbadosî"
	},
	"BZD": {
		"name": "dolarê belîzeyî"
	},
	"BMD": {
		"name": "dolarê bermûdayî"
	},
	"BND": {
		"name": "dolarê brûneyî"
	},
	"FJD": {
		"name": "dolarê fîjîyî"
	},
	"KYD": {
		"name": "dolarê giravên keymanî"
	},
	"SBD": {
		"name": "dolarê giravên solomonî"
	},
	"GYD": {
		"name": "dolarê guayanayî"
	},
	"HKD": {
		"name": "dolarê hong kongî",
		"symbol": "HK$"
	},
	"JMD": {
		"name": "dolarê jamaîkayî"
	},
	"CAD": {
		"name": "dolarê kanadayî",
		"symbol": "CA$"
	},
	"XCD": {
		"name": "dolarê karayîba rojhilatî",
		"symbol": "EC$"
	},
	"LRD": {
		"name": "dolarê lîberyayî"
	},
	"NAD": {
		"name": "dolarê namîbyayî"
	},
	"SGD": {
		"name": "dolarê sîngapurî"
	},
	"SRD": {
		"name": "dolarê surînamî"
	},
	"TWD": {
		"name": "dolarê taywanî",
		"symbol": "NT$"
	},
	"TTD": {
		"name": "dolarê trinidad û tobagoyî"
	},
	"NZD": {
		"name": "dolarê zelandayî",
		"symbol": "NZ$"
	},
	"VND": {
		"name": "dongê vîetnamî",
		"symbol": "₫"
	},
	"AMD": {
		"name": "dramê ermenî"
	},
	"AFN": {
		"name": "efxanîyê efxanistanî"
	},
	"CVE": {
		"name": "eskudoyê kape verdeyî"
	},
	"EUR": {
		"name": "ewro",
		"symbol": "€"
	},
	"AWG": {
		"name": "florînê arubayî"
	},
	"HUF": {
		"name": "forîntê macarî"
	},
	"BIF": {
		"name": "frankê birûndîyî"
	},
	"XOF": {
		"name": "frankê CFA yê afrîkaya başûrî",
		"symbol": "F CFA"
	},
	"XPF": {
		"name": "frankê CFPî",
		"symbol": "CFPF"
	},
	"DJF": {
		"name": "frankê cîbûtîyî"
	},
	"GNF": {
		"name": "frankê gîneyî"
	},
	"KMF": {
		"name": "frankê komoranî"
	},
	"CDF": {
		"name": "frankê kongoyî"
	},
	"MGA": {
		"name": "frankê madagaskarî"
	},
	"RWF": {
		"name": "frankê rwandayî"
	},
	"CHF": {
		"name": "frankê swîsrî"
	},
	"XAF": {
		"name": "frenkê CFA yê afrîkaya navîn",
		"symbol": "FCFA"
	},
	"UAH": {
		"name": "grîvnayê ûkraynî"
	},
	"PYG": {
		"name": "gûaranîyê paragûayî"
	},
	"HTG": {
		"name": "gûrdeyê haîtîyî"
	},
	"PGK": {
		"name": "kînayê gîneya nû ya papûayî"
	},
	"LAK": {
		"name": "kîpê laosî"
	},
	"CRC": {
		"name": "kolonê kosta rîkayî"
	},
	"NIO": {
		"name": "kordobayê nîkaraguayî"
	},
	"CZK": {
		"name": "kronê çekî"
	},
	"DKK": {
		"name": "kronê danîmarkî"
	},
	"ISK": {
		"name": "kronê îslandayî"
	},
	"NOK": {
		"name": "kronê norweçî"
	},
	"SEK": {
		"name": "kronê swêdî"
	},
	"MWK": {
		"name": "kwaçayê malawîyê"
	},
	"ZMW": {
		"name": "kwaçayê zambîyayî"
	},
	"AOA": {
		"name": "kwanzayê angolayî"
	},
	"MMK": {
		"name": "kyatê myanmarî"
	},
	"GEL": {
		"name": "larîyê gurcistanî"
	},
	"ALL": {
		"name": "lekê arnawidî"
	},
	"HNL": {
		"name": "lempîrayê hondurasî"
	},
	"SLE": {
		"name": "leoneyê sîera leoneyî"
	},
	"BGN": {
		"name": "levê bulgarî"
	},
	"MDL": {
		"name": "leyê moldovayî"
	},
	"RON": {
		"name": "leyê romanyayî"
	},
	"SZL": {
		"name": "lîlangenîyê swazîlî"
	},
	"LBP": {
		"name": "lîreyê libnanî"
	},
	"EGP": {
		"name": "lîreyê misirî"
	},
	"SHP": {
		"name": "lîreyê saînt helenayî"
	},
	"SSP": {
		"name": "lîreyê sûdana başûrî"
	},
	"SDG": {
		"name": "lîreyê sûdanî"
	},
	"SYP": {
		"name": "lîreyê sûrî"
	},
	"TRY": {
		"name": "lîreyê tirkî",
		"symbol": "₺"
	},
	"LSL": {
		"name": "lotîyê lesothoyî"
	},
	"AZN": {
		"name": "manatê azerbeycanî"
	},
	"TMT": {
		"name": "manatê tirkmenî"
	},
	"BAM": {
		"name": "markê konvertibl ê bosna hersekî"
	},
	"MZN": {
		"name": "meticalê mozambîkî"
	},
	"NGN": {
		"name": "naîrayê nîjeryayî"
	},
	"ERN": {
		"name": "nakfayê erîtreyî"
	},
	"BTN": {
		"name": "ngultrumê bûtanî"
	},
	"MRU": {
		"name": "ouguîayê morîtanyayî"
	},
	"TOP": {
		"name": "paʻangayê tonganî"
	},
	"MOP": {
		"name": "patakayê makaoyî"
	},
	"FKP": {
		"name": "paundê giravên falklandê"
	},
	"ARS": {
		"name": "pesoyê arjantînî"
	},
	"DOP": {
		"name": "pesoyê domînîkî"
	},
	"PHP": {
		"name": "pesoyê fîlîpînî",
		"symbol": "₱"
	},
	"COP": {
		"name": "pesoyê kolombîyayî"
	},
	"CUP": {
		"name": "pesoyê kubayî"
	},
	"MXN": {
		"name": "pesoyê meksîkayî",
		"symbol": "MX$"
	},
	"CLP": {
		"name": "pesoyê şîlîyê"
	},
	"UYU": {
		"name": "pesoyê ûrûgûayî"
	},
	"GIP": {
		"name": "poundê gîbraltarê"
	},
	"BWP": {
		"name": "pulayê botswanayî"
	},
	"GTQ": {
		"name": "quertzalê guatemalayî"
	},
	"ZAR": {
		"name": "randê afrîkaya başûrî"
	},
	"BRL": {
		"name": "realê brezîlyayî",
		"symbol": "R$"
	},
	"MYR": {
		"name": "ringgitê malezyayî"
	},
	"KHR": {
		"name": "rîelê kamboçyayî"
	},
	"IRR": {
		"name": "rîyalê îranî"
	},
	"QAR": {
		"name": "rîyalê qeterî"
	},
	"SAR": {
		"name": "rîyalê siûdî"
	},
	"OMR": {
		"name": "rîyalê umanî"
	},
	"YER": {
		"name": "rîyalê yemenî"
	},
	"RUB": {
		"name": "rubleyê rûsî"
	},
	"BYN": {
		"name": "rûbleyê belarûsî"
	},
	"MVR": {
		"name": "rûfîyaayê maldîvayî"
	},
	"IDR": {
		"name": "rûpîyê endonezî"
	},
	"INR": {
		"name": "rûpîyê hindistanî",
		"symbol": "₹"
	},
	"MUR": {
		"name": "rûpîyê maûrîtîûsê"
	},
	"NPR": {
		"name": "rûpîyê nepalî"
	},
	"PKR": {
		"name": "rûpîyê pakistanî"
	},
	"SCR": {
		"name": "rûpîyê seyşelerî"
	},
	"LKR": {
		"name": "rûpîyê srî lankayî"
	},
	"PEN": {
		"name": "solê perûyî"
	},
	"UZS": {
		"name": "somê ozbekî"
	},
	"KGS": {
		"name": "somê qirxizistanî"
	},
	"TJS": {
		"name": "somonê tacikistanî"
	},
	"GBP": {
		"name": "sterlînê brîtanî",
		"symbol": "£"
	},
	"ILS": {
		"name": "şekelê nû yê îsraîlî",
		"symbol": "₪"
	},
	"KES": {
		"name": "şîlîngê kenyayî"
	},
	"SOS": {
		"name": "şîlîngê somalî"
	},
	"TZS": {
		"name": "şîlîngê tanzanî"
	},
	"UGX": {
		"name": "şîlîngê ûgandayî"
	},
	"BDT": {
		"name": "takayê bengladeşî"
	},
	"WST": {
		"name": "talayê somonî"
	},
	"KZT": {
		"name": "tengeyê qazaxistanî"
	},
	"MNT": {
		"name": "togrokê moxolî"
	},
	"VUV": {
		"name": "vatûyê vanûatûyî"
	},
	"KPW": {
		"name": "wonê koreya bakurî"
	},
	"KRW": {
		"name": "wonê koreya başûrî",
		"symbol": "₩"
	},
	"JPY": {
		"name": "yenê japonî",
		"symbol": "JP¥"
	},
	"CNY": {
		"name": "yûanê çînî",
		"symbol": "CN¥"
	},
	"PLN": {
		"name": "zlotîyê polonyayî"
	}
}