{
	"AFN": {
		"name": "Afghani dl Afghanistan"
	},
	"MGA": {
		"name": "Ariary dl Madagascar"
	},
	"PAB": {
		"name": "Balboa de Panama"
	},
	"THB": {
		"name": "Bath dla Thailandia"
	},
	"BMD": {
		"name": "Bermudan Dollar"
	},
	"ETB": {
		"name": "Birr dl’Etiopia"
	},
	"VES": {
		"name": "bolívar dl Venezuela"
	},
	"BOB": {
		"name": "Boliviano dla Bolivia"
	},
	"XCG": {
		"name": "Caribbean guilder",
		"symbol": "Cg."
	},
	"GHS": {
		"name": "Cedi dl Ghana"
	},
	"CRC": {
		"name": "Colón dl Costa Rica"
	},
	"NIO": {
		"name": "Cordoba dl Nicaragua"
	},
	"ISK": {
		"name": "Corona dl’Islanda"
	},
	"CZK": {
		"name": "Corona dla Cechia"
	},
	"DKK": {
		"name": "Corona dla Danimarca"
	},
	"NOK": {
		"name": "Corona dla Norvegia"
	},
	"SEK": {
		"name": "Corona dla Svezia"
	},
	"GMD": {
		"name": "Dalasi dl Gambia"
	},
	"MKD": {
		"name": "Denar dla Macedonia"
	},
	"BHD": {
		"name": "Dinar dl Bahrain"
	},
	"IQD": {
		"name": "Dinar dl Irak"
	},
	"KWD": {
		"name": "Dinar dl Kuwait"
	},
	"DZD": {
		"name": "Dinar dl’Algeria"
	},
	"JOD": {
		"name": "Dinar dla Iordania"
	},
	"LYD": {
		"name": "Dinar dla Libia"
	},
	"RSD": {
		"name": "Dinar dla Serbia"
	},
	"TND": {
		"name": "Dinar dla Tunisia"
	},
	"AED": {
		"name": "Dirham di Emirac Arabics Unis"
	},
	"MAD": {
		"name": "Dirham dl Maroco"
	},
	"STN": {
		"name": "Dobra de São Tomé y Príncipe"
	},
	"BBD": {
		"name": "Dolar de Barbados"
	},
	"HKD": {
		"name": "Dolar de Hong Kong",
		"symbol": "HK$"
	},
	"SGD": {
		"name": "Dolar de Singapur"
	},
	"TTD": {
		"name": "Dolar de Trinidad y Tobago"
	},
	"XCD": {
		"name": "Dolar di Caraibi orientai",
		"symbol": "EC$"
	},
	"USD": {
		"name": "Dolar di USA",
		"symbol": "US$"
	},
	"BZD": {
		"name": "Dolar dl Belize"
	},
	"BND": {
		"name": "Dolar dl Brunei"
	},
	"CAD": {
		"name": "Dolar dl Canada",
		"symbol": "CA$"
	},
	"SRD": {
		"name": "Dolar dl Surinam"
	},
	"AUD": {
		"name": "Dolar dl’Australia",
		"symbol": "A$"
	},
	"JMD": {
		"name": "Dolar dla Giamaica"
	},
	"GYD": {
		"name": "Dolar dla Guyana"
	},
	"LRD": {
		"name": "Dolar dla Liberia"
	},
	"NAD": {
		"name": "Dolar dla Namibia"
	},
	"NZD": {
		"name": "Dolar dla Nöia Zelanda",
		"symbol": "NZ$"
	},
	"BSD": {
		"name": "Dolar dles Bahamas"
	},
	"FJD": {
		"name": "Dolar dles Fiji"
	},
	"KYD": {
		"name": "Dolar dles Isoles Cayman"
	},
	"SBD": {
		"name": "Dolar dles Isoles Salomon"
	},
	"TWD": {
		"name": "Dolar Nü dl Taiwan",
		"symbol": "NT$"
	},
	"VND": {
		"name": "Dong dl Vietnam",
		"symbol": "₫"
	},
	"AMD": {
		"name": "Dram dl’Armenia"
	},
	"CVE": {
		"name": "Escudo de Capo Verde"
	},
	"EUR": {
		"name": "Euro",
		"symbol": "€"
	},
	"AWG": {
		"name": "Florin d’Aruba"
	},
	"HUF": {
		"name": "Forint dl’Ungaria"
	},
	"XOF": {
		"name": "Franch CFA dl’Africa ozidentala",
		"symbol": "F CFA"
	},
	"XAF": {
		"name": "Franch CFA dl’Africa zentrala",
		"symbol": "FCFA"
	},
	"XPF": {
		"name": "Franch CFP",
		"symbol": "CFPF"
	},
	"BIF": {
		"name": "Franch dl Burundi"
	},
	"CDF": {
		"name": "Franch dl Congo"
	},
	"DJF": {
		"name": "Franch dl Djibouti"
	},
	"GNF": {
		"name": "Franch dla Guinea"
	},
	"RWF": {
		"name": "Franch dla Ruanda"
	},
	"CHF": {
		"name": "Franch dla Svizera"
	},
	"KMF": {
		"name": "Franch dles Comores"
	},
	"HTG": {
		"name": "Gourde de Haiti"
	},
	"UAH": {
		"name": "Grivnia dl’Ucraina"
	},
	"PYG": {
		"name": "Guaraní dl Paraguay"
	},
	"PGK": {
		"name": "Kina dla Papua Nöia Guinea"
	},
	"LAK": {
		"name": "Kip dl Laos"
	},
	"MWK": {
		"name": "Kwacha dl Malawi"
	},
	"ZMW": {
		"name": "Kwacha dl Zambia"
	},
	"AOA": {
		"name": "Kwanza dl Angola"
	},
	"MMK": {
		"name": "Kyat dl Myanmar"
	},
	"GEL": {
		"name": "Lari dla Georgia"
	},
	"ALL": {
		"name": "Lek dl’Albania"
	},
	"HNL": {
		"name": "Lempira dl Honduras"
	},
	"SLE": {
		"name": "Leone dla Sierra Leone"
	},
	"MDL": {
		"name": "Leu dla Moldavia"
	},
	"RON": {
		"name": "Leu dla Romania"
	},
	"BGN": {
		"name": "Lev dla Bulgaria"
	},
	"SZL": {
		"name": "Lilangeni dl Eswatini"
	},
	"LBP": {
		"name": "Lira dl Libanon"
	},
	"SYP": {
		"name": "Lira dla Siria"
	},
	"TRY": {
		"name": "Lira türca"
	},
	"LSL": {
		"name": "Loti dl Lesotho"
	},
	"AZN": {
		"name": "Manat dl Azerbaijan"
	},
	"TMT": {
		"name": "Manat dl Turkmenistan"
	},
	"BAM": {
		"name": "March convertibl dla Bosnia y Herzegovina"
	},
	"MZN": {
		"name": "Metical dl Mozambich"
	},
	"NGN": {
		"name": "Naira dl Nigeria"
	},
	"ERN": {
		"name": "Nakfa dl’Eritrea"
	},
	"BTN": {
		"name": "Ngultrum dl Bhutan"
	},
	"MRU": {
		"name": "Ouguiya dla Mauritania"
	},
	"TOP": {
		"name": "Paʻanga dl Tonga"
	},
	"MOP": {
		"name": "Pataca de Macao"
	},
	"CUP": {
		"name": "Peso de Cuba"
	},
	"CLP": {
		"name": "Peso dl Cile"
	},
	"MXN": {
		"name": "Peso dl Messich",
		"symbol": "MX$"
	},
	"UYU": {
		"name": "Peso dl Uruguay"
	},
	"ARS": {
		"name": "Peso dl’Argentina"
	},
	"COP": {
		"name": "Peso dla Colombia"
	},
	"DOP": {
		"name": "Peso dla Republica Dominicana"
	},
	"PHP": {
		"name": "Peso dles Filipines",
		"symbol": "₱"
	},
	"BWP": {
		"name": "Pula dl Botswana"
	},
	"GTQ": {
		"name": "Quetzal dl Guatemala"
	},
	"ZAR": {
		"name": "Rand dl Südafrica"
	},
	"BRL": {
		"name": "Real dl Brasil",
		"symbol": "R$"
	},
	"IRR": {
		"name": "Rial dl Iran"
	},
	"OMR": {
		"name": "Rial dl Oman"
	},
	"QAR": {
		"name": "Rial dl Qatar"
	},
	"YER": {
		"name": "Rial dl Yemen"
	},
	"SAR": {
		"name": "Rial dl’Arabia Saudita"
	},
	"KHR": {
		"name": "Riel dla Cambogia"
	},
	"MYR": {
		"name": "Ringgit dla Malesia"
	},
	"BYN": {
		"name": "Rubl dla Belaruscia"
	},
	"RUB": {
		"name": "Rubl dla Ruscia"
	},
	"MVR": {
		"name": "Rufiyaa dles Maldives"
	},
	"MUR": {
		"name": "Rupia de Mauritius"
	},
	"NPR": {
		"name": "Rupia dl Nepal"
	},
	"PKR": {
		"name": "Rupia dl Pakistan"
	},
	"LKR": {
		"name": "Rupia dl Sri Lanka"
	},
	"INR": {
		"name": "Rupia dl’India",
		"symbol": "₹"
	},
	"IDR": {
		"name": "Rupia dla Indonesia"
	},
	"SCR": {
		"name": "Rupia dles Seychelles"
	},
	"ILS": {
		"name": "Shekel Nü d’Israel",
		"symbol": "₪"
	},
	"KES": {
		"name": "Shilling dl Kenia"
	},
	"UGX": {
		"name": "Shilling dl’Uganda"
	},
	"SOS": {
		"name": "Shilling dla Somalia"
	},
	"TZS": {
		"name": "Shilling dla Tanzania"
	},
	"PEN": {
		"name": "Sol dl Perú"
	},
	"KGS": {
		"name": "Som dl Kyrgystan"
	},
	"TJS": {
		"name": "Somoni dl Tajikistan"
	},
	"GBP": {
		"name": "Sterlina Britanica",
		"symbol": "£"
	},
	"GIP": {
		"name": "Sterlina de Gibiltera"
	},
	"SHP": {
		"name": "Sterlina de St. Helena"
	},
	"EGP": {
		"name": "Sterlina dl Egit"
	},
	"SDG": {
		"name": "Sterlina dl Sudan"
	},
	"SSP": {
		"name": "Sterlina dl Sudan dl Süd"
	},
	"FKP": {
		"name": "Sterlina dles Isoles Falkland"
	},
	"UZS": {
		"name": "Sum dl Uzbekistan"
	},
	"BDT": {
		"name": "Taka dl Bangladesc"
	},
	"WST": {
		"name": "Tala de Samoa"
	},
	"KZT": {
		"name": "Tenge dl Kazakhstan"
	},
	"MNT": {
		"name": "Tugrik dla Mongolia"
	},
	"VUV": {
		"name": "Vatu de Vanuatu"
	},
	"KPW": {
		"name": "Won dla Corea dl Nord"
	},
	"KRW": {
		"name": "Won dla Corea dl Süd",
		"symbol": "₩"
	},
	"JPY": {
		"name": "Yen dl Iapan",
		"symbol": "JP¥"
	},
	"CNY": {
		"name": "Yuan dla Cina",
		"symbol": "CN¥"
	},
	"PLN": {
		"name": "Zloty dla Polonia"
	}
}