{
	"AFN": {
		"name": "Afghani Awhekenetāna"
	},
	"MGA": {
		"name": "Ariary Matakāhika"
	},
	"THB": {
		"name": "Baht Tairanga"
	},
	"PAB": {
		"name": "Balboa Panama"
	},
	"ETB": {
		"name": "birr Etiopia"
	},
	"VES": {
		"name": "Bolivar Penehūera"
	},
	"BOB": {
		"name": "Boliviano Poriwia"
	},
	"XCG": {
		"name": "Caribbean guilder",
		"symbol": "Cg."
	},
	"GHS": {
		"name": "Cedi Kāna"
	},
	"CRC": {
		"name": "Colon Koto Rika"
	},
	"NIO": {
		"name": "Cordoba Nikarāhua"
	},
	"GMD": {
		"name": "Dalasi Kamopia"
	},
	"MKD": {
		"name": "Denar Makerōnia"
	},
	"DZD": {
		"name": "Dinar Aratiria"
	},
	"RSD": {
		"name": "Dinar Hirupia"
	},
	"JOD": {
		"name": "Dinar Hōrano"
	},
	"IQD": {
		"name": "Dinar Irāka"
	},
	"KWD": {
		"name": "Dinar Kūweiti"
	},
	"BHD": {
		"name": "Dinar Pāreina"
	},
	"LYD": {
		"name": "Dinar Ripia"
	},
	"TND": {
		"name": "Dinar Tūnihia"
	},
	"MAD": {
		"name": "Dirham Moroko"
	},
	"AED": {
		"name": "Dirham UAE"
	},
	"STN": {
		"name": "Dobra Hao Tome me Pirinihipi"
	},
	"VND": {
		"name": "Dong Whitināmu",
		"symbol": "₫"
	},
	"AMD": {
		"name": "Dram Āmenia"
	},
	"CVE": {
		"name": "Escudo Kūrae Matomato"
	},
	"EUR": {
		"name": "Euro",
		"symbol": "€"
	},
	"AWG": {
		"name": "Florin Arūpa"
	},
	"HUF": {
		"name": "Forint Hanekari"
	},
	"XOF": {
		"name": "Franc CFA Āwherika ki te Uru",
		"symbol": "F CFA"
	},
	"XAF": {
		"name": "Franc CFA Āwherika Waenga",
		"symbol": "FCFA"
	},
	"XPF": {
		"name": "Franc CFP",
		"symbol": "CFPF"
	},
	"CHF": {
		"name": "Franc Huiterangi"
	},
	"GNF": {
		"name": "Franc Kini"
	},
	"KMF": {
		"name": "Franc Komoro"
	},
	"CDF": {
		"name": "Franc Kōngo"
	},
	"BIF": {
		"name": "Franc Puruniti"
	},
	"RWF": {
		"name": "Franc Rāwana"
	},
	"DJF": {
		"name": "Franc Tepūti"
	},
	"HTG": {
		"name": "Gourde Haiti"
	},
	"PYG": {
		"name": "Guarani Parakai"
	},
	"SOS": {
		"name": "Hereni Hūmārie"
	},
	"KES": {
		"name": "Hereni Kenia"
	},
	"TZS": {
		"name": "Hereni Tānahia"
	},
	"UGX": {
		"name": "hereni Ukānga"
	},
	"UAH": {
		"name": "Hryvnia Ukareinga"
	},
	"PGK": {
		"name": "Kina Papua Nūkini"
	},
	"LAK": {
		"name": "kip Rāoho"
	},
	"CZK": {
		"name": "Koruna Tieke"
	},
	"NOK": {
		"name": "Kroner Nōwei"
	},
	"DKK": {
		"name": "Kroner Tenemāka"
	},
	"SEK": {
		"name": "Kronor Huitene"
	},
	"ISK": {
		"name": "Kronur Tiorangi"
	},
	"MWK": {
		"name": "Kwacha Marāwi"
	},
	"ZMW": {
		"name": "Kwacha Tāmipia"
	},
	"AOA": {
		"name": "Kwanza Anakora"
	},
	"MMK": {
		"name": "Kyat Pēma"
	},
	"GEL": {
		"name": "Lari Hōria"
	},
	"ALL": {
		"name": "Lek Arapeinia"
	},
	"HNL": {
		"name": "Lempira Honotura"
	},
	"SLE": {
		"name": "Leone Araone"
	},
	"MDL": {
		"name": "Leu Morotawa"
	},
	"RON": {
		"name": "Leu Romeinia"
	},
	"BGN": {
		"name": "Leva Purukāria"
	},
	"SZL": {
		"name": "Lilangeni Warerangi"
	},
	"TRY": {
		"name": "Lira Tākei"
	},
	"LSL": {
		"name": "Loti Teroto"
	},
	"AZN": {
		"name": "Manat Atepaihānia"
	},
	"TMT": {
		"name": "Manat Tukumanatānga"
	},
	"BAM": {
		"name": "Mark Pōngia-Herekōwini takahuri"
	},
	"MZN": {
		"name": "Metical Mohapiki"
	},
	"NGN": {
		"name": "Naira Ngāitīria"
	},
	"ERN": {
		"name": "Nakfa Eriterea"
	},
	"BTN": {
		"name": "Ngultrum Pūtana"
	},
	"MRU": {
		"name": "Ouguiya Mauritania"
	},
	"TOP": {
		"name": "Pa’anga Tonga"
	},
	"MOP": {
		"name": "Pataca Makau"
	},
	"SHP": {
		"name": "Pāuna Hato Herena"
	},
	"SYP": {
		"name": "Pāuna Hiria"
	},
	"SDG": {
		"name": "Pāuna Hūtāne"
	},
	"SSP": {
		"name": "Pāuna Hūtāne Tonga"
	},
	"EGP": {
		"name": "Pāuna Īhipa"
	},
	"GIP": {
		"name": "Pāuna Kāmaka"
	},
	"GBP": {
		"name": "Pāuna Piritene",
		"symbol": "£"
	},
	"LBP": {
		"name": "Pāuna Repanona"
	},
	"FKP": {
		"name": "Pāuna Whākana"
	},
	"ARS": {
		"name": "Peso Āketina"
	},
	"CLP": {
		"name": "Peso Hiri"
	},
	"CUP": {
		"name": "Peso Kiupa"
	},
	"COP": {
		"name": "Peso Koromōpia"
	},
	"MXN": {
		"name": "Peso Mēhiko",
		"symbol": "MX$"
	},
	"PHP": {
		"name": "Peso Piripīni",
		"symbol": "₱"
	},
	"DOP": {
		"name": "Peso Tominika"
	},
	"UYU": {
		"name": "Peso Urukoi"
	},
	"BWP": {
		"name": "Pula Poriwana"
	},
	"GTQ": {
		"name": "Quetzal Kuatamāra"
	},
	"ZAR": {
		"name": "Rand Āwherika ki te Tonga"
	},
	"BRL": {
		"name": "Real Parahi",
		"symbol": "R$"
	},
	"YER": {
		"name": "Rial Īmene"
	},
	"IRR": {
		"name": "Rial Irāna"
	},
	"OMR": {
		"name": "Rial Ōmana"
	},
	"KHR": {
		"name": "Riel Kamapōtia"
	},
	"MYR": {
		"name": "Ringgit Mareia"
	},
	"SAR": {
		"name": "Riyal Hauri"
	},
	"QAR": {
		"name": "Riyal Katā"
	},
	"BYN": {
		"name": "Ruble Pērara"
	},
	"MVR": {
		"name": "Rufiyaa Māratiri"
	},
	"SCR": {
		"name": "Rupee Heikere"
	},
	"LKR": {
		"name": "Rupee Hiri Ranaka"
	},
	"MUR": {
		"name": "Rupee Marihi"
	},
	"NPR": {
		"name": "Rupee Nepōra"
	},
	"PKR": {
		"name": "Rupee Pakitāne"
	},
	"RUB": {
		"name": "Rūpera Ruhiana"
	},
	"INR": {
		"name": "Rupī Iniana",
		"symbol": "₹"
	},
	"IDR": {
		"name": "Rupiah Initonīhia"
	},
	"ILS": {
		"name": "Shekel Hou Iharaira",
		"symbol": "₪"
	},
	"PEN": {
		"name": "Sole Peru"
	},
	"KGS": {
		"name": "Som Kikitānga"
	},
	"UZS": {
		"name": "Som Uhipeketāne"
	},
	"TJS": {
		"name": "Somoni Takiritānga"
	},
	"BDT": {
		"name": "Taka Pākaratēhi"
	},
	"WST": {
		"name": "Tala Hāmoa"
	},
	"AUD": {
		"name": "Tāra Ahitereiria",
		"symbol": "A$"
	},
	"JMD": {
		"name": "Tāra Hemeika"
	},
	"SGD": {
		"name": "Tāra Hingapoa"
	},
	"HKD": {
		"name": "Tāra Hongipua",
		"symbol": "HK$"
	},
	"SRD": {
		"name": "Tāra Huriname"
	},
	"GYD": {
		"name": "Tāra Kaiana"
	},
	"KYD": {
		"name": "Tāra Kāmana"
	},
	"CAD": {
		"name": "Tāra Kānata",
		"symbol": "CA$"
	},
	"XCD": {
		"name": "Tāra Karapīana Rāwhiti",
		"symbol": "EC$"
	},
	"SBD": {
		"name": "Tāra Moutere Horomona"
	},
	"NAD": {
		"name": "Tāra Namipia"
	},
	"NZD": {
		"name": "Tāra o Aotearoa",
		"symbol": "$"
	},
	"BSD": {
		"name": "Tāra Pahama"
	},
	"BMD": {
		"name": "Tāra Pāmura"
	},
	"BBD": {
		"name": "Tāra Papatohe"
	},
	"BZD": {
		"name": "Tāra Pērihi"
	},
	"BND": {
		"name": "Tāra Poronai"
	},
	"LRD": {
		"name": "Tāra Raipiria"
	},
	"TWD": {
		"name": "Tāra Taiwana Hou",
		"symbol": "NT$"
	},
	"TTD": {
		"name": "Tāra Tirinaki Tōpako"
	},
	"USD": {
		"name": "Tāra US",
		"symbol": "US$"
	},
	"FJD": {
		"name": "Tāra Whītī"
	},
	"KZT": {
		"name": "Tenge Katatānga"
	},
	"MNT": {
		"name": "tugrik Mongōria"
	},
	"VUV": {
		"name": "Vatu Whenuatū"
	},
	"KPW": {
		"name": "Won Kōrea ki te Raki"
	},
	"KRW": {
		"name": "Won Kōrea ki te Tonga",
		"symbol": "₩"
	},
	"JPY": {
		"name": "Yen Hapanihi",
		"symbol": "¥"
	},
	"CNY": {
		"name": "Yuan Haina",
		"symbol": "CN¥"
	},
	"PLN": {
		"name": "Zloty Pōrana"
	}
}