{
	"AFN": {
		"name": "Afghan Afghani"
	},
	"DZD": {
		"name": "Algerian Dinar"
	},
	"AOA": {
		"name": "Angolan Kwanzab"
	},
	"ARS": {
		"name": "Argentine Peso"
	},
	"AMD": {
		"name": "Armenian Dram"
	},
	"AUD": {
		"name": "Australian Dollari",
		"symbol": "A$"
	},
	"AZN": {
		"name": "Azerbaijani Manat"
	},
	"BSD": {
		"name": "Bahamian Dollar"
	},
	"BHD": {
		"name": "Bahrain Dinar"
	},
	"BDT": {
		"name": "Bangladeshi Taka"
	},
	"BBD": {
		"name": "Barbadian Dollar"
	},
	"BZD": {
		"name": "Belize Dollar"
	},
	"BMD": {
		"name": "Bermudan Dollar"
	},
	"BOB": {
		"name": "Bolivian Boliviano"
	},
	"BAM": {
		"name": "Bosnia-Herzegovina Convertible Mark"
	},
	"BWP": {
		"name": "Botswanan Pulab"
	},
	"BRL": {
		"name": "Brazilian Real",
		"symbol": "R$"
	},
	"GBP": {
		"name": "British Ponds",
		"symbol": "£"
	},
	"BND": {
		"name": "Brunei Dollar"
	},
	"BIF": {
		"name": "Burundi Franc"
	},
	"KHR": {
		"name": "Cambodian Riel"
	},
	"CAD": {
		"name": "Canadian Dollari",
		"symbol": "CA$"
	},
	"XCG": {
		"name": "Caribbean guilder",
		"symbol": "Cg."
	},
	"KYD": {
		"name": "Cayman Islands Dollar"
	},
	"XOF": {
		"name": "CFA Franc BCEAO",
		"symbol": "F CFA"
	},
	"XAF": {
		"name": "CFA Franc BEAC",
		"symbol": "FCFA"
	},
	"XPF": {
		"name": "CFP Franc",
		"symbol": "CFPF"
	},
	"CLP": {
		"name": "Chilean Peso"
	},
	"CNY": {
		"name": "Chinese Yuan Renminbi",
		"symbol": "CN¥"
	},
	"COP": {
		"name": "Colombian Peso"
	},
	"KMF": {
		"name": "Comorian Franc"
	},
	"CDF": {
		"name": "Congolese Franc"
	},
	"CRC": {
		"name": "Costa Rican Colón"
	},
	"CUP": {
		"name": "Cuban Peso"
	},
	"CZK": {
		"name": "Czech Koruna"
	},
	"DKK": {
		"name": "Danish Krone"
	},
	"DJF": {
		"name": "Djibouti Franc"
	},
	"DOP": {
		"name": "Dominican Peso"
	},
	"XCD": {
		"name": "East Caribbean Dollar",
		"symbol": "EC$"
	},
	"EGP": {
		"name": "Egytian Ponds"
	},
	"ERN": {
		"name": "Eritreian Nakfa"
	},
	"CVE": {
		"name": "Escudo Caboverdiano"
	},
	"ETB": {
		"name": "Ethiopian Birr"
	},
	"EUR": {
		"name": "Eurob",
		"symbol": "€"
	},
	"FKP": {
		"name": "Falkland Islands Pound"
	},
	"FJD": {
		"name": "Fijian Dollar"
	},
	"GMD": {
		"name": "Gambia Dalasi"
	},
	"GEL": {
		"name": "Georgian Lari"
	},
	"GHS": {
		"name": "Ghanaian Cedi"
	},
	"GIP": {
		"name": "Gibraltar Pound"
	},
	"GTQ": {
		"name": "Guatemalan Quetzal"
	},
	"GNF": {
		"name": "Guinean Franc"
	},
	"GYD": {
		"name": "Guyanaese Dollar"
	},
	"HNL": {
		"name": "Honduran Lempira"
	},
	"HKD": {
		"name": "Hong Kong Dollar",
		"symbol": "HK$"
	},
	"HUF": {
		"name": "Hungarian Forint"
	},
	"ISK": {
		"name": "Icelandic Króna"
	},
	"INR": {
		"name": "Indian Rupee",
		"symbol": "₹"
	},
	"IDR": {
		"name": "Indonesian Rupiah"
	},
	"ILS": {
		"name": "Israeli New Shekel",
		"symbol": "₪"
	},
	"JMD": {
		"name": "Jamaican Dollar"
	},
	"JPY": {
		"name": "Japanese Yenni",
		"symbol": "JP¥"
	},
	"KZT": {
		"name": "Kazakhstani Tenge"
	},
	"KES": {
		"name": "Kenyan Shilling"
	},
	"KGS": {
		"name": "Kyrgystani Som"
	},
	"LAK": {
		"name": "Laotian Kip"
	},
	"LBP": {
		"name": "Lebanese Pound"
	},
	"SLE": {
		"name": "Leone"
	},
	"LSL": {
		"name": "Lesotho Loti"
	},
	"LRD": {
		"name": "Liberian Dollar"
	},
	"LYD": {
		"name": "Libyan Dinar"
	},
	"SZL": {
		"name": "Lilangeni"
	},
	"MGA": {
		"name": "Malagasy Franc"
	},
	"MWK": {
		"name": "Malawian Kwachab"
	},
	"MYR": {
		"name": "Malaysian Ringgit"
	},
	"MRU": {
		"name": "Mauritania Ouguiya"
	},
	"MUR": {
		"name": "Mauritius Rupeeb"
	},
	"MXN": {
		"name": "Mexican Peso",
		"symbol": "MX$"
	},
	"MNT": {
		"name": "Mongolian Tugrik"
	},
	"MAD": {
		"name": "Moroccan Dirham"
	},
	"MMK": {
		"name": "Myanmar Kyat"
	},
	"NAD": {
		"name": "Namibia Dollari",
		"symbol": "$"
	},
	"NPR": {
		"name": "Nepalese Rupee"
	},
	"TWD": {
		"name": "New Taiwan Dollar",
		"symbol": "NT$"
	},
	"NZD": {
		"name": "New Zealand Dollar",
		"symbol": "NZ$"
	},
	"NIO": {
		"name": "Nicaraguan Córdoba"
	},
	"NGN": {
		"name": "Nigerian Naira"
	},
	"KPW": {
		"name": "North Korean Won"
	},
	"NOK": {
		"name": "Norwegian Krone"
	},
	"PKR": {
		"name": "Pakistani Rupee"
	},
	"PYG": {
		"name": "Paraguayan Guarani"
	},
	"PHP": {
		"name": "Philippine Peso",
		"symbol": "₱"
	},
	"PLN": {
		"name": "Polish Zloty"
	},
	"RON": {
		"name": "Romanian Leu"
	},
	"RUB": {
		"name": "Russian Ruble"
	},
	"RWF": {
		"name": "Rwanda Franci"
	},
	"STN": {
		"name": "Sao Tome and Principe Dobra"
	},
	"SAR": {
		"name": "Saudi Riyal"
	},
	"SCR": {
		"name": "Seychelles Rupee"
	},
	"SGD": {
		"name": "Singapore Dollar"
	},
	"SBD": {
		"name": "Solomon Islands Dollar"
	},
	"SOS": {
		"name": "Somali Shillings"
	},
	"ZAR": {
		"name": "South African Randi"
	},
	"KRW": {
		"name": "South Korean Won",
		"symbol": "₩"
	},
	"SSP": {
		"name": "South Sudanese Pound"
	},
	"LKR": {
		"name": "Sri Lankan Rupee"
	},
	"SHP": {
		"name": "St Helena Ponds"
	},
	"SDG": {
		"name": "Sudanese Dinar"
	},
	"SRD": {
		"name": "Surinamese Dollar"
	},
	"SEK": {
		"name": "Swedish Krona"
	},
	"CHF": {
		"name": "Swiss Franci"
	},
	"SYP": {
		"name": "Syrian Pound"
	},
	"TZS": {
		"name": "Tanzanian Shillings"
	},
	"THB": {
		"name": "Thai Baht"
	},
	"TOP": {
		"name": "Tongan Paʻanga"
	},
	"TTD": {
		"name": "Trinidad & Tobago Dollar"
	},
	"TND": {
		"name": "Tunisian Dinar"
	},
	"TRY": {
		"name": "Turkish Lira"
	},
	"UGX": {
		"name": "Ugandan Shillings"
	},
	"UAH": {
		"name": "Ukrainian Hryvnia"
	},
	"AED": {
		"name": "United Arab Emirates Dirham"
	},
	"UYU": {
		"name": "Uruguayan Peso"
	},
	"USD": {
		"name": "US Dollari",
		"symbol": "US$"
	},
	"VND": {
		"name": "Vietnamese Dong",
		"symbol": "₫"
	},
	"ZMW": {
		"name": "Zambian Kwachab"
	}
}