{
	"CAD": {
		"name": "Canadian Dollar",
		"symbol": "CA$"
	},
	"XCG": {
		"name": "Caribbean guilder",
		"symbol": "Cg."
	},
	"AZN": {
		"name": "ߊߖߍߙߑߓߊߦߌߖߊ߲߫ ߊߗ߭ߋߙߌ",
		"symbol": "ߊߖߣ"
	},
	"AED": {
		"name": "ߊߙߊߓߎߟߊ߫ ߡߊ߲߬ߛߊ߬ߙߋ߬ߠߊ ߟߊߘߍ߬ߣߍ߲ ߘߌ߬ߙߑߤߊߡ",
		"symbol": "ߊߐߘ"
	},
	"AWG": {
		"name": "ߊߙߎߓߊ߫ ߝߑߟߏߙߌ߲ߛ",
		"symbol": "ߊߥߖ߭"
	},
	"ARS": {
		"name": "ߊߙߑߖ߭ߊ߲ߕߌ߲߫ ߔߋߛߏ",
		"symbol": "ߊߖ߭ߔ"
	},
	"AMD": {
		"name": "ߊߙߑߡߋߣߌ߫ ߘߌ߬ߙߑߤߊߡ",
		"symbol": "ߊߡߘ"
	},
	"AOA": {
		"name": "ߊ߲ߜ߭ߏߟߞߊ ߟߎ߬ ߟߊ߫ ߞߎߥߊ߲ߖ߭ߊ",
		"symbol": "ߊ߲ߜ߭ߎ"
	},
	"AFN": {
		"name": "ߊߝߎߜ߭ߊߣߌߛߑߕߊ߲߫ ߊߝߑߜ߭ߊߣߌߛ",
		"symbol": "ߊߝߊ"
	},
	"DZD": {
		"name": "ߊߟߌߖ߭ߋߙߌߞߊ ߟߎ߬ ߟߊ߫ ߘߌ߬ߣߊ߯ߙߌ",
		"symbol": "ߊߟߘ"
	},
	"ALL": {
		"name": "ߊߟߑߓߊߣߌ߫ ߟߍߞ",
		"symbol": "ߊߟߟ"
	},
	"USD": {
		"name": "ߊߡߋߙߌߞߌ߬߬ ߞߊ߬ߝߏ߫ ߘߍ߬ߣߍ߲ ߘߟߊ",
		"symbol": "ߊߞߘ$"
	},
	"ETB": {
		"name": "ߋߗߏߔߌߞߊ ߟߎ߬ ߟߊ߫ ߓߌߙߑߛ",
		"symbol": "ߋߗߓ"
	},
	"ERN": {
		"name": "ߋߙߌߕߙߋߞߊ ߟߎ߬ ߟߊ߫ ߣߊߝߑߞߊ",
		"symbol": "ߋߙߝ"
	},
	"EUR": {
		"name": "ߋߙߏ",
		"symbol": "€"
	},
	"IRR": {
		"name": "ߌߙߊ߲߫ ߙߌ߬ߦߊߟ",
		"symbol": "ߌߙߙ"
	},
	"IQD": {
		"name": "ߌߙߊߞߌ߬ ߘߌ߬ߣߊߙ",
		"symbol": "ߌߞߘ"
	},
	"RUB": {
		"name": "ߌ߬ߙߌ߬ߛߌ߫ ߙߎߓߎߟ",
		"symbol": "ߌߎߙ"
	},
	"ILS": {
		"name": "ߌߛߑߙߊߍߟ ߛߌߞߍߟ ߞߎߘߊ",
		"symbol": "₪"
	},
	"ISK": {
		"name": "ߌߛߑߟߊ߲ߘ ߞߎߙߐߣ",
		"symbol": "ߌߛߞ"
	},
	"UAH": {
		"name": "ߌߞߑߙߍߣ ߤߙߌߝ߭ߣߌߦߊߛ",
		"symbol": "ߌߞߤ"
	},
	"IDR": {
		"name": "ߍ߲ߘߣߏߛߌ߫ ߙߎߔߌ",
		"symbol": "ߍ߲ߘߙ"
	},
	"UZS": {
		"name": "ߎߗ߭ߑߓߋߞߌߛߑߕߊ߲߫ ߛߎߡ",
		"symbol": "ߎߗ߭ߛ"
	},
	"UGX": {
		"name": "ߎߜ߭ߊ߲ߘߞߊ ߟߎ߬ ߟߊ߫ ߛߌߟߌ߲ߜ߭",
		"symbol": "ߎߜ߭ߛ"
	},
	"UYU": {
		"name": "ߎ߳ߜ߭ߋߦߌ߫ ߔߋߛߏ",
		"symbol": "ߎ߳ߔ"
	},
	"OMR": {
		"name": "ߏߡߊߣ ߙߌ߬ߦߊߟ",
		"symbol": "ߏߡߙ"
	},
	"AUD": {
		"name": "ߐߛߑߕߙߊߟߌ߫ ߘߟߊ",
		"symbol": "$ߐ"
	},
	"BBD": {
		"name": "ߓߊߙߑߓߊߘߐߛ ߘߟߊ",
		"symbol": "ߓߓߘ"
	},
	"BDT": {
		"name": "ߓߊ߲ߜ߭ߑߟߊߘߍߛ ߕߞߊ",
		"symbol": "ߓߘߕ"
	},
	"BYN": {
		"name": "ߓߌߟߏߙߌߛ ߙߓߎߟ",
		"symbol": "ߓߌߙ"
	},
	"BMD": {
		"name": "ߓߍߙߑߡߎߘߊ߫ ߘߟߊ",
		"symbol": "ߓߡߘ"
	},
	"BTN": {
		"name": "ߓߎߕߊ߲߫ ߒߜ߭ߎߟߑߕߙߎߡ",
		"symbol": "ߓߕߒ"
	},
	"BIF": {
		"name": "ߓߎߙߎ߲ߘߌߞߊ ߟߎ߬ ߟߊ߫ ߝߊߙߊ߲",
		"symbol": "ߓߙߝ"
	},
	"BGN": {
		"name": "ߓߎ߳ߟߑߜ߭ߊߙߌ߫ ߟߍߝ߭",
		"symbol": "ߓߜ߭ߟ"
	},
	"BOB": {
		"name": "ߓߏߟߝ߭ߌ߫ ߓߏߟߝ߭ߌߦߊߣߏ߬",
		"symbol": "ߓߏߓ"
	},
	"BWP": {
		"name": "ߓߐߛߎߥߣߊߞߊ ߟߎ߬ ߟߊ߫ ߔߎߟߊ",
		"symbol": "ߓߥߔ"
	},
	"BAM": {
		"name": "ߓߐߛߑߣߌ߫ ߍߙߑߗ߭ߋߜ߭ߏߝ߭ߌߣ ߡߊߙߞ ߝߊ߬ߟߋ߲߬ߕߊ",
		"symbol": "ߓߍߡ"
	},
	"BZD": {
		"name": "ߓߙߋߖ߭ߌߟ ߘߟߊ"
	},
	"BRL": {
		"name": "ߓߙߋߖ߭ߌߟ ߙߋߦߊߟ",
		"symbol": "R$"
	},
	"BND": {
		"name": "ߓߙߎߣߌ߫ ߘߟߊ",
		"symbol": "ߓߣߘ"
	},
	"BHD": {
		"name": "ߓߤߊ߬ߙߊߦߌߣ ߘߌ߬ߣߊߙ",
		"symbol": "ߓߤߘ"
	},
	"BSD": {
		"name": "ߓߤߊߡߊߛ ߘߟߊ",
		"symbol": "ߓߛߘ"
	},
	"PGK": {
		"name": "ߔߊߔߎߥߊ߫ ߖߌ߬ߣߍ߬ ߞߎߘߊ߫ ߞߌߣߊ",
		"symbol": "ߔߖߞ"
	},
	"PKR": {
		"name": "ߔߊߞߌߛߑߕߊ߲߫ ߙߎߔߌ",
		"symbol": "ߔߞߙ"
	},
	"PEN": {
		"name": "ߔߋߙߎ߫ ߛߐߟ",
		"symbol": "ߔߋߛ"
	},
	"PLN": {
		"name": "ߔߏߟߐߢ ߗ߭ߑߟߏߕߌ߫",
		"symbol": "ߔߟߗ߭"
	},
	"PYG": {
		"name": "ߔߙߊߜ߭ߏߦߋ߫ ߜ߭ߎߙߊߣߊߛ",
		"symbol": "ߔߙߜ߭"
	},
	"PAB": {
		"name": "ߔߣߊߡߊ߫ ߓߊߟߑߓߏߥߊ߫",
		"symbol": "ߔߊߓ"
	},
	"TZS": {
		"name": "ߕߊ߲ߖ߭ߊ߯ߣߌߞߊ ߟߎ߬ ߟߊ߫ ߛߌߟߌ߲ߜ߭",
		"symbol": "ߕߖ߭ߛ"
	},
	"TJS": {
		"name": "ߕߊߖߞߌߛߑߕߊ߲߫ ߛߡߏߣߌ",
		"symbol": "ߕߖߛ"
	},
	"THB": {
		"name": "ߕߊߦߌߘߎ߯ ߓߊߘ",
		"symbol": "ߕߘߓ"
	},
	"TWD": {
		"name": "ߕߊߦߌߥߊ߲߫ ߘߟߊ߫ ߞߎߘߊ",
		"symbol": "ߕߥߘ"
	},
	"TRY": {
		"name": "ߕߎߙߑߞߌ߫ ߟߌߙߊ߬",
		"symbol": "ߕߎߟ"
	},
	"TMT": {
		"name": "ߕߎߙߑߞߌߡߋߣߌߛߑߕߊ߲߫ ߡߣߊ߫ ߞߎߘߊ",
		"symbol": "ߕߡߕ"
	},
	"TND": {
		"name": "ߕߎߣߛߌߞߊ ߟߎ߬ ߟߊ߫ ߘߌ߬ߣߊ߯ߙ",
		"symbol": "ߕߣߘ"
	},
	"TOP": {
		"name": "ߕߏ߲ߜ߭ߊ߲߫ ߓߊ߲ߜ߭ߊ߫",
		"symbol": "ߕߏߔ"
	},
	"TTD": {
		"name": "ߕߙߌߘߊߘ ߣߌ߫ ߕߏߓߊߜ߭ߏ߫ ߘߟߊ",
		"symbol": "ߕߕߘ"
	},
	"ZMW": {
		"name": "ߖ߭ߊ߲ߓߌߞߊ ߟߎ߬ ߟߊ߫ ߞߎߥߛߊ",
		"symbol": "ߖ߭ߓߥ"
	},
	"NGN": {
		"name": "ߖߋ߬ߟߌ߬ߓߊ߬ߞߊ ߟߎ߬ ߟߊ߫ ߣߍߙߊ",
		"symbol": "ߖߣ"
	},
	"DJF": {
		"name": "ߖߌߓߎߕߌߞߊ ߟߎ߬ ߟߊ߫ ߝߊߙߊ߲",
		"symbol": "ߖߓߝ"
	},
	"GIP": {
		"name": "ߖ߭ߌߓߑߙߊߟߑߕߊ߫ ߔߐߣߌ߬",
		"symbol": "ߖ߭ߓߔ£"
	},
	"GNF": {
		"name": "ߖߌ߬ߣߍ߬ߞߊ ߟߎ߬ ߟߊ߫ ߝߊߙߊ߲",
		"symbol": "߿"
	},
	"GEL": {
		"name": "ߖ߭ߐߙߑߖߌ߫ ߟߊߙߌ",
		"symbol": "ߖ߭ߐߟ"
	},
	"JOD": {
		"name": "ߖߐߙߑߘߊߣߌ߫ ߘߌ߬ߣߊߙ",
		"symbol": "ߖߐߘ"
	},
	"JMD": {
		"name": "ߖߡߊߦߌߞ ߘߟߊ",
		"symbol": "ߖߡߘ"
	},
	"CZK": {
		"name": "ߗߋߞߏߛߟߏߝ߭ߊߞߌ߫ ߞߎߙߐߣ",
		"symbol": "ߗߞߞ"
	},
	"DKK": {
		"name": "ߘߊߣߌߡߊߙߞ ߞߎߙߐߣ",
		"symbol": "ߘߞߞ"
	},
	"DOP": {
		"name": "ߘߏߡߣߌߞ ߞߊ߲ߓߍ߲ ߔߋߛߏ",
		"symbol": "ߘߏߔ"
	},
	"RON": {
		"name": "ߙߎߡߊߣߌ߫ ߟߋ߳",
		"symbol": "ߙߎߟ"
	},
	"RWF": {
		"name": "ߙߎߥߊ߲ߘߞߊ ߟߎ߬ ߟߊ߫ ߝߊߙߊ߲",
		"symbol": "ߙߥߝ"
	},
	"STN": {
		"name": "ߛߊߏߕߏߡߋߞߊ ߟߎ߬ ߟߊ߫ ߘߏߓߙߊߛ",
		"symbol": "ߛߔߘ"
	},
	"WST": {
		"name": "ߛߊߡߏߥߊ߲߫ ߕߟߊ",
		"symbol": "$ߥߛ"
	},
	"SCR": {
		"name": "ߛߋߦߌߛߍߟߌߞߊ ߟߎ߬ ߟߊ߫ ߙߎߔߌ",
		"symbol": "ߛߛߥ"
	},
	"SYP": {
		"name": "ߛߌ߯ߙߌ߫ ߔߐߣߌ߬",
		"symbol": "ߛߌߔ"
	},
	"XCD": {
		"name": "ߛߍߕ ߟߎߛߌߦߊ߫",
		"symbol": "ߛߟߘ"
	},
	"SHP": {
		"name": "ߛߍ߲ߕ ߤߌߟߋߣߞߊ ߟߎ߬ ߟߊ߫ ߔߐߣߌ߬",
		"symbol": "ߛߤߔ"
	},
	"RSD": {
		"name": "ߛߍߙߑߓߌ߫ ߘߋߣߊߙ",
		"symbol": "ߙߛߘ"
	},
	"SGD": {
		"name": "ߛߍ߲ߜ߭ߊߔߎߙ ߘߟߊ",
		"symbol": "ߛߜ߭ߘ"
	},
	"SDG": {
		"name": "ߛߎߘߊ߲ߞߊ ߟߎ߬ ߟߊ߫ ߔߐߣߌ߬",
		"symbol": "ߛߘߜ߭"
	},
	"SSP": {
		"name": "ߛߎ߬ߘߊ߲߬ߞߊ ߟߎ߬ ߟߊ߫ ߔߐߣߌ߬",
		"symbol": "ߛߛߔ"
	},
	"SAR": {
		"name": "ߛߎ߰ߘߎ߬ߟߊ߫ ߙߌ߬ߦߊߟ",
		"symbol": "ߛߊߙ"
	},
	"SRD": {
		"name": "ߛߎߙߌߣߊߡߍߛ ߘߟߊ",
		"symbol": "ߛߎߘ"
	},
	"CHF": {
		"name": "ߛߎߥߌߛ ߝߊߙߊ߲",
		"symbol": "ߛߥߝ"
	},
	"SEK": {
		"name": "ߛߎߥߍߘ ߞߎߙߐߣ",
		"symbol": "ߛߥߞ"
	},
	"SOS": {
		"name": "ߛߏߡߊߟߌߞߊ ߟߎ߬ ߟߊ߫ ߛߌߟߌ߲ߜ߭",
		"symbol": "ߛߡߛ"
	},
	"SZL": {
		"name": "ߛߑߥߊߕߣߞߊ ߟߎ߬ ߟߌߟߊ߲ߖ߭ߋߣߌߛ",
		"symbol": "ߛߖ߭ߟ"
	},
	"SLE": {
		"name": "ߛߙߊ߬ߟߏ߲߬ߞߊ ߟߎ߬ ߟߊ߫ ߔߐߣߌ߬",
		"symbol": "ߛߙߔ"
	},
	"LKR": {
		"name": "ߛߙߌ߫ ߟߊ߲ߞߊ߫ ߙߎߔߌ",
		"symbol": "ߟߞߙ"
	},
	"CLP": {
		"name": "ߛ߭ߟߌ߫ ߔߋߛߏ",
		"symbol": "ߛߟߔ"
	},
	"SBD": {
		"name": "ߛߟߏ߬ߡߣߊ߬ ߕߌ߲ ߠߎ߬ ߘߟߊ",
		"symbol": "ߛߓߘ"
	},
	"GMD": {
		"name": "ߜ߭ߊ߲ߓߌߞߊ ߟߎ߬ ߟߊ߫ ߘߟߊߛߌ߫",
		"symbol": "ߜ߭ߓߘ"
	},
	"GHS": {
		"name": "ߜ߭ߊ߯ߣߊ߫ ߛߘߌ",
		"symbol": "ߜ߭ߛߘ"
	},
	"GTQ": {
		"name": "ߜ߭ߎߥߊߕߋߡߟߊ߫ ߞߋߕߑߗ߭ߊߟ",
		"symbol": "ߜ߭ߕߞ"
	},
	"GYD": {
		"name": "ߜ߭ߎ߳ߦߊߣ ߘߟߊ",
		"symbol": "ߜ߭ߎ߳ߘ"
	},
	"CVE": {
		"name": "ߜߙߋߞߎ߲߫ ߝߙߌߛߌߞߊ ߟߎ߬ ߍߛߑߞߎߘߐߛ",
		"symbol": "ߍߛߞ"
	},
	"XOF": {
		"name": "ߝߊߙߊ߲߫ ߛߍߝߊ",
		"symbol": "߾"
	},
	"FKP": {
		"name": "ߝߊߟߞߑߟߊ߲ߘ ߌߛߑߟߊ߲ߘ ߔߐߣߌ߬",
		"symbol": "ߝߞߔ"
	},
	"VUV": {
		"name": "ߝ߭ߊߣߎߦߊߕߎ߫ ߝ߭ߊߕߎ",
		"symbol": "ߝ߭ߕߝ߭"
	},
	"KES": {
		"name": "ߝߋߣߌߦߞߊ ߟߎ߬ ߟߊ߫ ߛߌߟߌ߲ߜ߭",
		"symbol": "ߞߋߛ"
	},
	"VND": {
		"name": "ߝ߭ߌߦߍߕߑߣߊߡ ߘߐ߲ߜ߭",
		"symbol": "₫"
	},
	"MDL": {
		"name": "ߝߐߟߑߘߊߝ߭ߌ߫ ߟߋ߳",
		"symbol": "ߡߘߟ"
	},
	"XPF": {
		"name": "ߝߑߙߊ߲߫ ߛߍߝߊ",
		"symbol": "߾ ߝߛߝ"
	},
	"FJD": {
		"name": "ߝߖߌ߫ ߘߟߊ",
		"symbol": "$ ߝߖ"
	},
	"XAF": {
		"name": "ߝߘߊ߬ߝߌ߲߬ߠߊ߫ ߕߊ߲ߓߊ߲ ߠߎ߬ ߝߊߙߊ߲߫ ߛߍߝߊ",
		"symbol": "ߝߛߝ"
	},
	"PHP": {
		"name": "ߝߟߌߔߌߣ ߔߋߛߏ",
		"symbol": "₱"
	},
	"VES": {
		"name": "ߝ߭ߣߋߗ߭ߎߦߋߟߊ߫ ߓߏߟߌߝ߭ߊߙ",
		"symbol": "ߝ߭ߋߓ"
	},
	"KHR": {
		"name": "ߞߊ߲ߓߐߘߑߖ ߙߌߦߍߟ",
		"symbol": "ߞߓߙ"
	},
	"KYD": {
		"name": "ߞߊߦߌߡߊ߲߫ ߌߛߑߟߊ߲ߘ ߘߟߊ",
		"symbol": "ߞߌߘ"
	},
	"KGS": {
		"name": "ߞߌߙߜ߭ߌߛߑߕߊ߲߫ ߛߐߡ",
		"symbol": "ߞߜ߭ߛ"
	},
	"CUP": {
		"name": "ߞߎ߳ߓߊ߫ ߔߋߛߏ߫߫",
		"symbol": "ߞߎ߳ߔ"
	},
	"KWD": {
		"name": "ߞߎ߬ߥߍߕ ߘߌ߬ߣߊߙ",
		"symbol": "ߞߥߘ"
	},
	"CDF": {
		"name": "ߞߏ߲߬ߜ߭ߏ߬ߞߊ ߟߎ߬ ߟߊ߫ ߝߊߙߊ߲",
		"symbol": "ߞߝ"
	},
	"KPW": {
		"name": "ߞߐ߬ߘߎ߮-ߞߏߙߋ߫ ߥߐߣ",
		"symbol": "ߞߞߥ"
	},
	"CRC": {
		"name": "ߞߐߛߑߕߊߙߌߞߊ߫ ߞߐߟߐߣ",
		"symbol": "ߞߙߞ"
	},
	"COP": {
		"name": "ߞߐߟߐ߲ߓߌ߫ ߔߋߛߏ",
		"symbol": "ߞߐߔ"
	},
	"KMF": {
		"name": "ߞߐߡ߲߯ߙߌߞߊ ߟߎ߬ ߟߊ߫ ߝߊߙߊ߲",
		"symbol": "ߞߡߝ"
	},
	"QAR": {
		"name": "ߞߕߊߙ ߙߌ߬ߦߊߟ",
		"symbol": "ߞߊߙ"
	},
	"KZT": {
		"name": "ߞߗ߭ߊߞߌߛߑߕߊ߲߫ ߕߊ߲ߖ߭",
		"symbol": "ߞߗ߭ߕ"
	},
	"LAK": {
		"name": "ߟߊߏߕߌ߫ ߞߌߔ",
		"symbol": "ߟߊߞ"
	},
	"LSL": {
		"name": "ߟߋߛߕߏߞߊ ߟߎ߬ ߟߊ߫ ߟߏߕߌ",
		"symbol": "ߟߛߟ"
	},
	"LBP": {
		"name": "ߟߌߓߊ߲߫ ߔߐߣߌ߬",
		"symbol": "ߟߓ£"
	},
	"LRD": {
		"name": "ߟߌߓߋߙߌߦߞߊ ߟߎ߬ ߟߊ߫ ߘߏߟߊߙ",
		"symbol": "ߟ߾"
	},
	"LYD": {
		"name": "ߟߓߌ߫ ߘߌ߬ߣߊ߯ߙ",
		"symbol": "ߟߓߘ"
	},
	"MAD": {
		"name": "ߡߊ߬ߙߐߞߎ߬ ߘߌ߬ߙߑߤߊߡ",
		"symbol": "ߡߘߤ"
	},
	"GBP": {
		"name": "ߡߊ߬ߛߊ߬ߟߊ߫-ߘߍ߬ߣߍ߲ ߔߐߣߌ߬",
		"symbol": "£"
	},
	"MKD": {
		"name": "ߡߊߛߋߘߏߣߌ߫ ߘߋߣߊߙ",
		"symbol": "ߡߞߘ"
	},
	"MYR": {
		"name": "ߡߊߟߍߘߎ߯ ߙߌ߲ߖ߭ߌ",
		"symbol": "ߡߦߙ"
	},
	"MVR": {
		"name": "ߡߊߟߑߘߝ߭ߌ߫ ߙߎߝߌߦߊ",
		"symbol": "ߡߝ߭ߙ"
	},
	"EGP": {
		"name": "ߡߌߛߌߙߊ߲ߞߊ ߟߎ߬ ߟߊ߫ ߔߐߣߌ߬",
		"symbol": "ߡߛߔ"
	},
	"MMK": {
		"name": "ߡߌߦߊ߲ߡߊߙ ߞߌߦߊߕ",
		"symbol": "ߡߡߞ"
	},
	"MXN": {
		"name": "ߡߍߞߑߛߌߞ ߔߋߛߏ",
		"symbol": "ߡߞ$"
	},
	"MZN": {
		"name": "ߡߏߖ߭ߊ߲ߓߞߌߞߊ ߟߎ߬ ߟߊ߫ ߡߋߕߌߞߊߟ",
		"symbol": "ߡߖ߭ߡ"
	},
	"MRU": {
		"name": "ߡߏߙߌߕߊߣߌߞߊ ߟߎ߬ ߟߊ߫ ߎ߬ߜ߭ߌߦߊ",
		"symbol": "ߡߎߜ߭"
	},
	"MUR": {
		"name": "ߡߏߙߛߌߞߊ ߟߎ߬ ߟߊ߫ ߙߔߎ",
		"symbol": "ߡߙߔ"
	},
	"MNT": {
		"name": "ߡߐ߲ߜ߭ߐߟߌ߫ ߕߎߜ߭ߙߌߞ",
		"symbol": "ߡߣߕ"
	},
	"MGA": {
		"name": "ߡߘߊߜ߭ߊߛߑߞߊ߯ߙߌߞߊ ߟߎ߬ ߟߊ߫ ߊߙߌߦߊߙߌ",
		"symbol": "ߡߘߙ"
	},
	"MOP": {
		"name": "ߡߞߊߥߏ߫ ߔߕߊߞߊ߫",
		"symbol": "ߡߏߔ"
	},
	"MWK": {
		"name": "ߡߟߊߥߌߞߊ ߟߎ߬ ߟߊ߫ ߞߎߥߛߊ",
		"symbol": "ߡߟߞ"
	},
	"HUF": {
		"name": "ߢߐ߲ߜ߭ߙߌ߫ ߝߏߙߍ߲ߕ",
		"symbol": "ߤߜ߭ߝ"
	},
	"NAD": {
		"name": "ߣߊߡߌ߲ߓߌߞߊ ߟߎ߬ ߟߊ߫ ߘߏߟߊ߯ߙ",
		"symbol": "ߣߡߘ"
	},
	"NPR": {
		"name": "ߣߋߔߊߟ ߙߎߔߌ",
		"symbol": "ߣߔߙ"
	},
	"JPY": {
		"name": "ߣߌߔߐ߲߫ ߦߍߣ",
		"symbol": "ߗ߭ߔߦ"
	},
	"NIO": {
		"name": "ߣߌߞߙߊߜ߭ߎߥߊ߫ ߞߐߙߑߘߏߓߊ߫ ߏߙߏ߫",
		"symbol": "ߣߌߏ"
	},
	"NZD": {
		"name": "ߣߌߦߎߖ߭ߌߟߊ߲ߘߌ߫ ߘߟߊ",
		"symbol": "$ߣߖ߭"
	},
	"NOK": {
		"name": "ߣߐߙߑߝ߭ߍߛ ߞߎߙߐߣ",
		"symbol": "ߣߐߞ"
	},
	"HTG": {
		"name": "ߤߊߦߕߌ߫ ߜ߭ߎߙߑߘ",
		"symbol": "ߤߕߜ߭"
	},
	"INR": {
		"name": "ߤߌ߲ߘߎ߬ ߙߎߔߌ",
		"symbol": "₹"
	},
	"HNL": {
		"name": "ߤߐ߲ߘߎߙߊ߫ ߟߋ߲ߔߌߙߊ",
		"symbol": "ߤߘߟ"
	},
	"HKD": {
		"name": "ߤߐ߲ߞߐ߲߫ ߘߟߊ",
		"symbol": "ߤߞߘ"
	},
	"ZAR": {
		"name": "ߥߙߏ߬ߘߎ߮ ߝߘߊ߬ߝߌ߲߬ߠߞߊ ߟߎ߬ ߟߊ߫ ߙߊ߲ߘ",
		"symbol": "ߥߝߙ"
	},
	"KRW": {
		"name": "ߥߙߏ߬ߘߎ߮-ߞߏߙߋ߫ ߥߐߣ",
		"symbol": "₩"
	},
	"CNY": {
		"name": "ߦߎߥߊߣ ߙߊ߲ߡߌ߲ߓߌ߫",
		"symbol": "ߛߣߦ"
	},
	"YER": {
		"name": "ߦߡߊߣߌ߲߫ ߙߌ߬ߦߊߟ",
		"symbol": "ߦߡߙ"
	}
}