{
	"AOA": {
		"name": "ଅଙ୍ଗୋଲୀୟ କୱାନଜା"
	},
	"AMD": {
		"name": "ଅର୍ମେନୀୟ ଡ୍ରାମ୍"
	},
	"AUD": {
		"name": "ଅଷ୍ଟ୍ରେଲିୟ ଡଲାର୍",
		"symbol": "A$"
	},
	"ISK": {
		"name": "ଆଇସଲ୍ୟାଣ୍ଡିକ୍‍ କ୍ରୋନା"
	},
	"AZN": {
		"name": "ଆଜେରବାଇଜାନି ମନତ୍"
	},
	"AFN": {
		"name": "ଆଫଗାନ ଆଫଗାନି"
	},
	"AWG": {
		"name": "ଆରୁବୀୟ ଫ୍ଲୋରିନ୍"
	},
	"ARS": {
		"name": "ଆର୍ଜେଣ୍ଟାଇନ୍‍ ପେସୋ"
	},
	"DZD": {
		"name": "ଆଲଜେରୀୟ ଦିନାର୍"
	},
	"ALL": {
		"name": "ଆଲବାନିୟ ଲେକ୍"
	},
	"EGP": {
		"name": "ଇଜିପ୍ଟିୟ ପାଉଣ୍ଡ୍"
	},
	"IDR": {
		"name": "ଇଣ୍ଡୋନେସିୟ ରୁପିଆ"
	},
	"ETB": {
		"name": "ଇଥିଓପିୟ ବିର୍"
	},
	"IQD": {
		"name": "ଇରାକି ଦିନାର୍"
	},
	"IRR": {
		"name": "ଇରାନୀ ରିଆଲ୍"
	},
	"ILS": {
		"name": "ଇସ୍ରାଇଲି ନ୍ୟୁ ଶେକେଲ୍",
		"symbol": "₪"
	},
	"UGX": {
		"name": "ଉଗାଣ୍ଡିୟ ଶିଲିଂ"
	},
	"UZS": {
		"name": "ଉଜବେକିସ୍ତାନୀ ସୋମ୍"
	},
	"KPW": {
		"name": "ଉତ୍ତର କୋରିଆଇ ୱୋନ୍"
	},
	"UYU": {
		"name": "ଉରୁଗୁଇୟାନ୍ ପେସୋ"
	},
	"ERN": {
		"name": "ଏରିଟ୍ରେୟ ନାକଫା"
	},
	"OMR": {
		"name": "ଓମାନି ରିଆଲ୍"
	},
	"CDF": {
		"name": "କଙ୍ଗୋଲିଜ୍ ଫ୍ରାଙ୍କ୍"
	},
	"COP": {
		"name": "କଲୋମ୍ବୀୟ ପେସୋ"
	},
	"KZT": {
		"name": "କାଜାକସ୍ତାନୀ ତେଙ୍ଗେ"
	},
	"CAD": {
		"name": "କାନେଡିୟ ଡଲାର୍",
		"symbol": "CA$"
	},
	"KHR": {
		"name": "କାମ୍ଵୋଡିୟ ରିଏଲ୍"
	},
	"KGS": {
		"name": "କିର୍ଗିସ୍ତାନୀ ସୋମ୍"
	},
	"KWD": {
		"name": "କୁୱେତି ଦିନାର୍"
	},
	"KES": {
		"name": "କେନିୟ ଶିଲିଂ"
	},
	"CVE": {
		"name": "କେପ୍ ଭେର୍ଦେୟ ଏସ୍କୁଡୋ"
	},
	"KYD": {
		"name": "କେମେନ୍ ଦ୍ଵୀପପୁଞ୍ଜ ଡଲାର୍"
	},
	"KMF": {
		"name": "କୋମୋରୀୟ ଫ୍ରାଙ୍କ୍"
	},
	"CRC": {
		"name": "କୋଷ୍ଟା ରିକୀୟ କୋଲୋନ୍"
	},
	"CUP": {
		"name": "କ୍ୟୁବାନ୍ ପେସୋ"
	},
	"QAR": {
		"name": "କ୍ଵାତାରି ରିଆଲ୍"
	},
	"GMD": {
		"name": "ଗାମ୍ବିୟ ଡାଲାସି"
	},
	"GYD": {
		"name": "ଗାୟାନିସ୍ ଡଲାର୍"
	},
	"GIP": {
		"name": "ଗିବ୍ରାଲଟର୍ ପାଉଣ୍ଡ୍"
	},
	"GNF": {
		"name": "ଗୁଇନେୟ ଫ୍ରାଙ୍କ୍"
	},
	"GTQ": {
		"name": "ଗୁଏଟମାଲୀୟ କ୍ଵେତଜାଲ୍"
	},
	"GHS": {
		"name": "ଘାନିୟ ସେଡି"
	},
	"CNY": {
		"name": "ଚିନୀ ୟୁଆନ୍",
		"symbol": "CN¥"
	},
	"CLP": {
		"name": "ଚିଲି ପେସୋ"
	},
	"CZK": {
		"name": "ଚେକ୍ କୋରୁନା"
	},
	"GEL": {
		"name": "ଜର୍ଜିୟ ଲାରି"
	},
	"JOD": {
		"name": "ଜର୍ଡାନିୟ ଦିନାର୍"
	},
	"JPY": {
		"name": "ଜାପାନୀ ୟେନ୍",
		"symbol": "¥"
	},
	"JMD": {
		"name": "ଜାମାଇକୀୟ ଡଲାର୍"
	},
	"ZMW": {
		"name": "ଜାମ୍ବୀୟ କ୍ୱାଚା"
	},
	"DJF": {
		"name": "ଜିବୌଟିୟ ଫ୍ରାଙ୍କ୍"
	},
	"TND": {
		"name": "ଟୁନେସିଆଇ ଦିନାର୍"
	},
	"DKK": {
		"name": "ଡାନିସ୍ କ୍ରୋନ୍"
	},
	"DOP": {
		"name": "ଡୋମିନିକୀୟ ପେସୋ"
	},
	"TJS": {
		"name": "ତାଜିକିସ୍ତାନୀ ସୋମୋନି"
	},
	"TZS": {
		"name": "ତାନଜାନୀୟ ଶିଲିଂ"
	},
	"TMT": {
		"name": "ତୁର୍କମେନିସ୍ତାନୀ ମନତ୍‌"
	},
	"TRY": {
		"name": "ତୁର୍କିୟ ଲିରା"
	},
	"TOP": {
		"name": "ତୋଙ୍ଗିୟ ପାଙ୍ଗା"
	},
	"TTD": {
		"name": "ତ୍ରିନିଦାଦ୍ ଏବଂ ଟୋବାଗୋ ଡଲାର୍"
	},
	"THB": {
		"name": "ଥାଇ ଭାଟ୍"
	},
	"ZAR": {
		"name": "ଦକ୍ଷିଣ ଆଫ୍ରିକିୟ ରାଣ୍ଡ୍"
	},
	"KRW": {
		"name": "ଦକ୍ଷିଣ କୋରିଆଇ ୱୋନ୍",
		"symbol": "₩"
	},
	"SSP": {
		"name": "ଦକ୍ଷିଣ ସୁଡାନିଜ୍‍ ପାଉଣ୍ଡ୍"
	},
	"NOK": {
		"name": "ନରୱେୟୀୟ କ୍ରୋନ୍"
	},
	"NGN": {
		"name": "ନାଇଜେରିଆଇ ନାଇରା"
	},
	"NAD": {
		"name": "ନାମିବିୟ ଡଲାର୍"
	},
	"NIO": {
		"name": "ନିକାରାଗୁଆ କୋର୍ଡୋବା"
	},
	"NPR": {
		"name": "ନେପାଳି ରୁପି"
	},
	"TWD": {
		"name": "ନ୍ୟୁ ତାଇୱାନ୍ ଡଲାର୍",
		"symbol": "NT$"
	},
	"NZD": {
		"name": "ନ୍ୟୁଜିଲ୍ୟାଣ୍ଡ୍ ଡଲାର୍",
		"symbol": "NZ$"
	},
	"PGK": {
		"name": "ପପୁଆ ନ୍ୟୁ ଗୁଇନିୟ କିନା"
	},
	"XOF": {
		"name": "ପଶ୍ଚିମ ଆଫ୍ରିକିୟ CFA ଫ୍ରାଙ୍କ୍",
		"symbol": "F CFA"
	},
	"PKR": {
		"name": "ପାକିସ୍ତାନୀ ରୁପି"
	},
	"PAB": {
		"name": "ପାନାମାନିୟ ବାଲବୋଆ"
	},
	"PYG": {
		"name": "ପାରାଗୁଆୟାନ୍ ଗୁଆରାନି"
	},
	"XCD": {
		"name": "ପୂର୍ବ କାରିବୀୟ ଡଲାର୍",
		"symbol": "EC$"
	},
	"PEN": {
		"name": "ପେରୁଭୀୟ ସୋଲ୍"
	},
	"PLN": {
		"name": "ପୋଲିଶ୍ ଜ୍ଲଟୀ"
	},
	"FKP": {
		"name": "ଫକଲ୍ୟାଣ୍ଡ୍ ଦ୍ଵୀପପୁଞ୍ଜ ପାଉଣ୍ଡ୍"
	},
	"FJD": {
		"name": "ଫିଜି ଡଲାର୍"
	},
	"PHP": {
		"name": "ଫିଲିପିନି ପେସୋ"
	},
	"BDT": {
		"name": "ବଙ୍ଗଳାଦେଶୀ ଟାକା"
	},
	"BMD": {
		"name": "ବର୍ମ୍ୟୁଡା ଡଲାର୍"
	},
	"BHD": {
		"name": "ବାଃରେନି ଦିନାର୍"
	},
	"BBD": {
		"name": "ବାର୍ବାଡୀୟ ଡଲାର୍"
	},
	"BSD": {
		"name": "ବାହାମୀୟ ଡଲାର୍"
	},
	"BIF": {
		"name": "ବୁରୁଣ୍ଡିୟ ଫ୍ରାଙ୍କ୍"
	},
	"BGN": {
		"name": "ବୁଲଗେରୀୟ ଲେଭ୍"
	},
	"BYN": {
		"name": "ବେଲାରୁସି ରୁବଲ୍"
	},
	"BZD": {
		"name": "ବେଲିଜ୍ ଡଲାର୍"
	},
	"BWP": {
		"name": "ବୋତ୍ସୱାନା ପୁଲା"
	},
	"BOB": {
		"name": "ବୋଲିଭୀୟ ବୋଲିଭିଆନୋ"
	},
	"BAM": {
		"name": "ବୋସନିଆ-ହର୍ଜଗୋଭିନା କନଭର୍ଟିବଲ୍ ମାର୍କ୍"
	},
	"BRL": {
		"name": "ବ୍ରାଜିଲୀୟ ରିଏଲ୍",
		"symbol": "R$"
	},
	"GBP": {
		"name": "ବ୍ରିଟିଶ୍ ପାଉଣ୍ଡ୍",
		"symbol": "£"
	},
	"BND": {
		"name": "ବ୍ରୁନେଇ ଡଲାର୍"
	},
	"VUV": {
		"name": "ଭାନୁଆଟୁ ଭାଟୁ"
	},
	"INR": {
		"name": "ଭାରତୀୟ ଟଙ୍କା",
		"symbol": "₹"
	},
	"VND": {
		"name": "ଭୀଏତନାମୀୟ ଡଙ୍ଗ",
		"symbol": "₫"
	},
	"BTN": {
		"name": "ଭୁଟାନୀ ଗଲଟ୍ରୁମ୍"
	},
	"VES": {
		"name": "ଭେନେଜୁଏଲାନ୍ ବୋଲିଭାର୍"
	},
	"MNT": {
		"name": "ମଙ୍ଗୋଲିୟ ତୁଗ୍ରିକ୍"
	},
	"XAF": {
		"name": "ମଧ୍ୟ ଆଫ୍ରିକୀ CFA ଫ୍ରାଙ୍କ୍",
		"symbol": "FCFA"
	},
	"MRU": {
		"name": "ମର୍ଟିନିୟ ଆଗୁଇଅ"
	},
	"MWK": {
		"name": "ମଲାୱି କ୍ୱାଚା"
	},
	"MOP": {
		"name": "ମାକାନେଜ୍ ପାଟାକା"
	},
	"MVR": {
		"name": "ମାଲଡିଭିୟ ରୁଫିୟା"
	},
	"MGA": {
		"name": "ମାଲାଗାସି ଏରିଆରୀ"
	},
	"MYR": {
		"name": "ମାଲେସିୟ ରିଙ୍ଗିଟ୍"
	},
	"MKD": {
		"name": "ମାସେଡୋନୀୟ ଡିନର୍"
	},
	"MXN": {
		"name": "ମେକ୍ସିକୀୟ ପେସୋ",
		"symbol": "MX$"
	},
	"MZN": {
		"name": "ମୋଜାମ୍ବିକୀୟ ମେଟିକାଲ୍"
	},
	"MAD": {
		"name": "ମୋରୋକୀୟ ଦିର୍ହାମ୍"
	},
	"MDL": {
		"name": "ମୋଲଡୋଭାନ୍ ଲେୟୁ"
	},
	"MUR": {
		"name": "ମୌରିସୀୟ ରୁପି"
	},
	"MMK": {
		"name": "ମ୍ୟାନମାର୍ କ୍ୟାତ୍‌"
	},
	"AED": {
		"name": "ଯୁକ୍ତ ଆରବ ଏମିରେଟସ୍ ଦିରହାମ୍"
	},
	"USD": {
		"name": "ଯୁକ୍ତରାଷ୍ଟ୍ର ଡଲାର୍",
		"symbol": "$"
	},
	"UAH": {
		"name": "ୟୁକ୍ରେନୀୟ ହ୍ରାଇଭନିଆ"
	},
	"EUR": {
		"name": "ୟୁରୋ",
		"symbol": "€"
	},
	"YER": {
		"name": "ୟେମେନି ରିଆଲ୍"
	},
	"RWF": {
		"name": "ରୁୱାଣ୍ଡା ଫ୍ରାଙ୍କ୍"
	},
	"RUB": {
		"name": "ରୁଷି ରୁବଲ୍"
	},
	"RON": {
		"name": "ରୋମାନିୟ ଲେଉ"
	},
	"LAK": {
		"name": "ଲାଓଟିୟ କିପ୍"
	},
	"LRD": {
		"name": "ଲିବେରୀୟ ଡଲାର୍"
	},
	"LYD": {
		"name": "ଲିବ୍ୟ ଦିନାର୍"
	},
	"LBP": {
		"name": "ଲେବାନିଜ୍ ପାଉଣ୍ଡ୍"
	},
	"LSL": {
		"name": "ଲେସୋଥୋ ଲୋଟି"
	},
	"LKR": {
		"name": "ଶ୍ରୀଲଙ୍କିୟ ରୁପି"
	},
	"RSD": {
		"name": "ସର୍ବିଆଇ ଦିନାର"
	},
	"STN": {
		"name": "ସାଓ ତୋମେ & ପ୍ରିସିପ୍ ଡୋବ୍ରା"
	},
	"WST": {
		"name": "ସାମୋୟିୟ ତାଲା"
	},
	"SLE": {
		"name": "ସିଏରା ଲିଓନୀୟ ଲେଓନ୍"
	},
	"SGD": {
		"name": "ସିଙ୍ଗାପୁର୍ ଡଲାର୍"
	},
	"SYP": {
		"name": "ସିରିୟ ପାଉଣ୍ଡ୍"
	},
	"CHF": {
		"name": "ସୁଇସ୍ ଫ୍ରାଙ୍କ୍"
	},
	"SDG": {
		"name": "ସୁଦାନୀଜ ପାଉଣ୍ଡ୍"
	},
	"SRD": {
		"name": "ସୁରିନାମିଜ୍ ଡଲାର୍"
	},
	"SHP": {
		"name": "ସେଣ୍ଟ୍. ହେଲେନା ପାଉଣ୍ଡ୍"
	},
	"SCR": {
		"name": "ସେୟଚେଲୋଇସ୍ ରୁପି"
	},
	"SOS": {
		"name": "ସୋମାଲି ସିଲିଂ"
	},
	"SBD": {
		"name": "ସୋଲୋମୋନ୍ ଦ୍ଵୀପପୁଞ୍ଜ ଡଲାର୍"
	},
	"SAR": {
		"name": "ସୌଦି ରିୟାଲ୍"
	},
	"SZL": {
		"name": "ସ୍ଵାଜି ଲିଲାଞ୍ଜେନି"
	},
	"SEK": {
		"name": "ସ୍ୱେଡିଶ୍ କ୍ରୋନା"
	},
	"HKD": {
		"name": "ହଂ କଂ ଡଲାର୍",
		"symbol": "HK$"
	},
	"HUF": {
		"name": "ହଙ୍ଗେରିୟ ଫୋରିଣ୍ଟ୍"
	},
	"HTG": {
		"name": "ହାଇତୀୟ ଗୋରଡ୍"
	},
	"HNL": {
		"name": "ହୋଣ୍ଡୁରୀୟ ଲେମପିରା"
	},
	"XCG": {
		"name": "Caribbean guilder",
		"symbol": "Cg."
	},
	"XPF": {
		"name": "CFP ଫ୍ରାଙ୍କ୍",
		"symbol": "CFPF"
	}
}