{
	"AFN": {
		"name": "Afgán Afgáni"
	},
	"ISK": {
		"name": "Aíslánd Króna"
	},
	"ARS": {
		"name": "Ajẹntína Pẹ́so"
	},
	"ALL": {
		"name": "Albéniá Lẹk"
	},
	"DZD": {
		"name": "Aljíria Dínar"
	},
	"AOA": {
		"name": "Angólá Kwánza"
	},
	"AMD": {
		"name": "Armẹ́niá Dram"
	},
	"AWG": {
		"name": "Arúba Flọ́rin"
	},
	"AZN": {
		"name": "Azẹrbaiján Mánat"
	},
	"BSD": {
		"name": "Bahámas Dọ́la"
	},
	"BDT": {
		"name": "Bangladẹ́sh Táka"
	},
	"BBD": {
		"name": "Barbédọs Dọ́la"
	},
	"BHD": {
		"name": "Baréin Dínar"
	},
	"BYN": {
		"name": "Bẹlarús Rúbul"
	},
	"BZD": {
		"name": "Bẹliz Dọ́la"
	},
	"BMD": {
		"name": "Bẹmiúda Dọ́la"
	},
	"BGN": {
		"name": "Bọlgériá Lẹv"
	},
	"BOB": {
		"name": "Bolíviá Boliviáno"
	},
	"BAM": {
		"name": "Bọ́sniá an Hẹzẹgovína Mak Wé Pẹ́sin Fít Chenj"
	},
	"BWP": {
		"name": "Botswáná Púla"
	},
	"BRL": {
		"name": "Brazíl Rẹal",
		"symbol": "R$"
	},
	"GBP": {
		"name": "Brítísh Páund",
		"symbol": "£"
	},
	"BND": {
		"name": "Brunẹí Dọ́la"
	},
	"BIF": {
		"name": "Burúndí Frank"
	},
	"BTN": {
		"name": "Bután Ngúltrum"
	},
	"XCG": {
		"name": "Caribbean guilder",
		"symbol": "Cg."
	},
	"CNY": {
		"name": "Chaíná Yuan",
		"symbol": "CN¥"
	},
	"CZK": {
		"name": "Chẹ́k Kórúna"
	},
	"CLP": {
		"name": "Chílí Pẹ́so"
	},
	"DKK": {
		"name": "Dẹ́nmák Króna"
	},
	"DOP": {
		"name": "Dọmíníkan Pẹ́so"
	},
	"ERN": {
		"name": "Ẹritrẹá Nákfa"
	},
	"ETB": {
		"name": "Ẹtiópiá Berr"
	},
	"FJD": {
		"name": "Fíjí Dọ́la"
	},
	"PHP": {
		"name": "Fílípíns Píso"
	},
	"FKP": {
		"name": "Fọlkland Aílands Paund"
	},
	"XPF": {
		"name": "Frẹ́nch Poliníshiá Frank",
		"symbol": "CFPF"
	},
	"GMD": {
		"name": "Gámbiá Dalási"
	},
	"GHS": {
		"name": "Ganá Sídi"
	},
	"GNF": {
		"name": "Gíní Frank"
	},
	"GYD": {
		"name": "Giyána Dọ́la"
	},
	"GTQ": {
		"name": "Guátẹmála Kwuẹ́tzal"
	},
	"HTG": {
		"name": "Haíti Gourd"
	},
	"HNL": {
		"name": "Họndúrán Lẹmpíra"
	},
	"HKD": {
		"name": "Họng Kọ́ng Dọ́la",
		"symbol": "HK$"
	},
	"HUF": {
		"name": "Họngériá Fọ́rint"
	},
	"EGP": {
		"name": "Íjípt Paund"
	},
	"INR": {
		"name": "Índiá Rúpi",
		"symbol": "₹"
	},
	"IDR": {
		"name": "Indoníshiá Rupia"
	},
	"IQD": {
		"name": "Irák Dínar"
	},
	"IRR": {
		"name": "Irán Rial"
	},
	"XCD": {
		"name": "Íst Karíbián Dọla",
		"symbol": "EC$"
	},
	"ILS": {
		"name": "Ízrẹ́l Niú Shẹ́kẹl",
		"symbol": "₪"
	},
	"JMD": {
		"name": "Jamaíka Dọla"
	},
	"JPY": {
		"name": "Japán Yẹn",
		"symbol": "JP¥"
	},
	"GIP": {
		"name": "Jibrọ́lta Páund"
	},
	"DJF": {
		"name": "Jibútí Frank"
	},
	"JOD": {
		"name": "Jọ́dán Dínar"
	},
	"GEL": {
		"name": "Jọ́jiá Lári"
	},
	"KHR": {
		"name": "Kambódiá Riẹl"
	},
	"CAD": {
		"name": "Kánádá Dọ́la",
		"symbol": "KA$"
	},
	"QAR": {
		"name": "Kata Ríal"
	},
	"KZT": {
		"name": "Kazakstan Tẹ́nj"
	},
	"KGS": {
		"name": "Kẹjístan Som"
	},
	"KYD": {
		"name": "Kéman Aílands Dọla"
	},
	"KES": {
		"name": "Kẹ́nyá Shílin"
	},
	"CVE": {
		"name": "Kép Vẹ́d Ẹskúdo"
	},
	"CUP": {
		"name": "Kiúbá Pẹ́so"
	},
	"COP": {
		"name": "Kolómbiá Pẹ́so"
	},
	"KMF": {
		"name": "Kọ́mọ́ros Frank"
	},
	"CDF": {
		"name": "Kóngó Frank"
	},
	"CRC": {
		"name": "Kósta Ríka Kólọn"
	},
	"KWD": {
		"name": "Kuwét Dínar"
	},
	"LRD": {
		"name": "Laibẹ́riá Dọ́la"
	},
	"LAK": {
		"name": "Laós Kip"
	},
	"LBP": {
		"name": "Lẹ́bánọ́n Paund"
	},
	"LSL": {
		"name": "Lẹsóto Lọ́ti"
	},
	"LYD": {
		"name": "Líbia Dínar"
	},
	"MOP": {
		"name": "Makáo Pátáka"
	},
	"MGA": {
		"name": "Malagásí Ariári"
	},
	"MWK": {
		"name": "Maláwi ́Kwácha"
	},
	"MYR": {
		"name": "Maléshiá Ríngit"
	},
	"MKD": {
		"name": "Masẹdónia Dínar"
	},
	"MXN": {
		"name": "Mẹ́ksíko Pẹ́so",
		"symbol": "MX$"
	},
	"MMK": {
		"name": "Miánmá Kiat"
	},
	"MVR": {
		"name": "Mọ́ldívs Rúfíya"
	},
	"MDL": {
		"name": "Mọldóva Lu"
	},
	"MNT": {
		"name": "Mọngóliá Túgrik"
	},
	"MUR": {
		"name": "Mọríshọ́s Rúpi"
	},
	"MRU": {
		"name": "Mọriténiá Uguíya"
	},
	"MAD": {
		"name": "Morọko Dírham"
	},
	"MZN": {
		"name": "Mozámbík Métíkal"
	},
	"NGN": {
		"name": "Naijíriá Naíra",
		"symbol": "₦"
	},
	"NAD": {
		"name": "Namíbiá Dọ́la"
	},
	"NPR": {
		"name": "Nẹ́pál Rúpi"
	},
	"NIO": {
		"name": "Nikarágwua Kordóba"
	},
	"TWD": {
		"name": "Niú Taiwán Dọ́la",
		"symbol": "NT$"
	},
	"NZD": {
		"name": "Niú Zílánd Dọ́las",
		"symbol": "NZ$"
	},
	"KPW": {
		"name": "Nọ́t Koriá Wọn"
	},
	"NOK": {
		"name": "Nọ́wé Króna"
	},
	"OMR": {
		"name": "Omán Rial"
	},
	"AUD": {
		"name": "Ọstréliá Dọ́la",
		"symbol": "A$"
	},
	"PKR": {
		"name": "Pakístán Rúpi"
	},
	"PAB": {
		"name": "Pánáma Balbóa"
	},
	"PGK": {
		"name": "Pápuá Niú Gíni Kína"
	},
	"PYG": {
		"name": "Páragwuá Guaráni"
	},
	"PEN": {
		"name": "Pẹrúvián Sol"
	},
	"PLN": {
		"name": "Pólánd Zílọ́ti"
	},
	"RON": {
		"name": "Roméniá Lu"
	},
	"RUB": {
		"name": "Rọ́shiá Rúbul"
	},
	"RWF": {
		"name": "Ruwándá Frank"
	},
	"WST": {
		"name": "Samóa Tála"
	},
	"STN": {
		"name": "Sao Tómẹ & Prínsípẹ Dóbra"
	},
	"SAR": {
		"name": "Saúdí Arébiá Riyal"
	},
	"ZAR": {
		"name": "Saút Áfríká Rand"
	},
	"KRW": {
		"name": "Saút Koriá Wọn",
		"symbol": "₩"
	},
	"SSP": {
		"name": "Saút Sudán Paund"
	},
	"SCR": {
		"name": "Sẹ́chẹ́ls Rúpi"
	},
	"SHP": {
		"name": "Sent Hẹlẹ́ná Paund"
	},
	"XAF": {
		"name": "Sẹ́ntrál Áfríká Frank",
		"symbol": "FCFA"
	},
	"RSD": {
		"name": "Sẹrbia Dínar"
	},
	"SLE": {
		"name": "Siẹ́ra Líoniá Liọn"
	},
	"SGD": {
		"name": "Singapọ́ Dọ́la"
	},
	"SYP": {
		"name": "Síriá Paund"
	},
	"SBD": {
		"name": "Sólómọ́n Aílands Dọ́la"
	},
	"SOS": {
		"name": "Sọmáliá Shílin"
	},
	"LKR": {
		"name": "Sri Lánká Rúpi"
	},
	"SDG": {
		"name": "Sudan Paund"
	},
	"SRD": {
		"name": "Súrínám Dọla"
	},
	"SZL": {
		"name": "Swází Lilánjẹ́ni"
	},
	"SEK": {
		"name": "Swídẹ́n Króna"
	},
	"CHF": {
		"name": "Swís Frank"
	},
	"THB": {
		"name": "Taílánd Baht"
	},
	"TJS": {
		"name": "Tajíkstan Sómóni"
	},
	"TZS": {
		"name": "Tanzániá Shílin"
	},
	"TRY": {
		"name": "Tọ́kí Líra"
	},
	"TMT": {
		"name": "Tọkmẹ́nístán Mánat"
	},
	"TOP": {
		"name": "Tónga Pánga"
	},
	"TTD": {
		"name": "Trínídad & Tobágo Dọ́la"
	},
	"TND": {
		"name": "Tuníshia Dínar"
	},
	"USD": {
		"name": "US Dọ́la",
		"symbol": "US$"
	},
	"UZS": {
		"name": "Uzbẹ́kistan Som"
	},
	"VUV": {
		"name": "Vanuátú Vátu"
	},
	"VES": {
		"name": "Vẹnẹzuẹlá Bolívar"
	},
	"VND": {
		"name": "Viẹ́tnám Dọng",
		"symbol": "₫"
	},
	"XOF": {
		"name": "Wẹ́st Afríká Sẹ́fa Frank",
		"symbol": "F CFA"
	},
	"YER": {
		"name": "Yẹ́mẹ́n Rial"
	},
	"UGX": {
		"name": "Yugándá Shílin"
	},
	"UAH": {
		"name": "Yukrẹín Rívnia"
	},
	"AED": {
		"name": "Yunaítẹ́d Áráb Ẹ́míréts Dírham"
	},
	"EUR": {
		"name": "Yúro",
		"symbol": "€"
	},
	"UYU": {
		"name": "Yurugwaí Pẹ́so"
	},
	"ZMW": {
		"name": "Zámbiá Kwácha"
	}
}