{
	"AFN": {
		"name": "Afgani Afgano"
	},
	"MGA": {
		"name": "Ariary Malgache"
	},
	"THB": {
		"name": "Baht Tailandés"
	},
	"PAB": {
		"name": "Balboa Panameño"
	},
	"ETB": {
		"name": "Birr Etíope"
	},
	"VES": {
		"name": "Bolívar Venezolano"
	},
	"BOB": {
		"name": "Boliviano"
	},
	"XCG": {
		"name": "Caribbean guilder",
		"symbol": "Cg."
	},
	"GHS": {
		"name": "Cedi Ganés"
	},
	"KES": {
		"name": "Chelín Keniano"
	},
	"SOS": {
		"name": "Chelín Somalí"
	},
	"TZS": {
		"name": "Chelín Tanzano"
	},
	"UGX": {
		"name": "Chelín Ugandés"
	},
	"CRC": {
		"name": "Colón Costarricense"
	},
	"NIO": {
		"name": "Córdova Nicaragüense"
	},
	"CZK": {
		"name": "Corona Checa"
	},
	"DKK": {
		"name": "Corona Danesa"
	},
	"ISK": {
		"name": "Corona Islandesa"
	},
	"NOK": {
		"name": "Corona Noruega"
	},
	"SEK": {
		"name": "Corona Sueca"
	},
	"GMD": {
		"name": "Dalasi"
	},
	"DZD": {
		"name": "Dinar Argelino"
	},
	"BHD": {
		"name": "Dinar Bareiní"
	},
	"IQD": {
		"name": "Dinar Iraquí"
	},
	"JOD": {
		"name": "Dinar Jordano"
	},
	"KWD": {
		"name": "Dinar Kuwaití"
	},
	"LYD": {
		"name": "Dinar Libio"
	},
	"MKD": {
		"name": "Dinar Macedonio"
	},
	"RSD": {
		"name": "Dinar Serbio"
	},
	"TND": {
		"name": "Dinar Tunecino"
	},
	"AED": {
		"name": "Dirham de Emiratos Árabes Unidos"
	},
	"MAD": {
		"name": "Dírham Marroquí"
	},
	"STN": {
		"name": "Dobra Santotomense"
	},
	"USD": {
		"name": "Dólar Americano",
		"symbol": "$US"
	},
	"AUD": {
		"name": "Dólar Australiano",
		"symbol": "A$"
	},
	"BSD": {
		"name": "Dólar Bahameño"
	},
	"BZD": {
		"name": "Dólar Beliceño",
		"symbol": "DBZ"
	},
	"BMD": {
		"name": "Dólar Bermudeño",
		"symbol": "DBM"
	},
	"CAD": {
		"name": "Dólar Canadiense",
		"symbol": "$CA"
	},
	"BBD": {
		"name": "Dólar de Barbados",
		"symbol": "BBG"
	},
	"BND": {
		"name": "Dólar de Brunéi"
	},
	"HKD": {
		"name": "Dólar de Hong Kong",
		"symbol": "HK$"
	},
	"KYD": {
		"name": "Dólar de las Islas Caimán"
	},
	"SBD": {
		"name": "Dólar de las Islas Salomón"
	},
	"SGD": {
		"name": "Dólar de Singapur"
	},
	"TTD": {
		"name": "Dólar de Trinidad y Tobago"
	},
	"XCD": {
		"name": "Dólar del Caribe Oriental",
		"symbol": "EC$"
	},
	"FJD": {
		"name": "Dólar Fiyiano"
	},
	"GYD": {
		"name": "Dólar Guyanés"
	},
	"JMD": {
		"name": "Dólar Jamaiquino"
	},
	"LRD": {
		"name": "Dólar Liberiano"
	},
	"NAD": {
		"name": "Dólar Namibio"
	},
	"NZD": {
		"name": "Dólar Neozelandés",
		"symbol": "NZ$"
	},
	"SRD": {
		"name": "Dólar Surinamés"
	},
	"VND": {
		"name": "Dong Vietnamita",
		"symbol": "₫"
	},
	"AMD": {
		"name": "Dram Armenio"
	},
	"CVE": {
		"name": "Escudo Caboverdiano"
	},
	"EUR": {
		"name": "Euro",
		"symbol": "€"
	},
	"AWG": {
		"name": "Florín Arubeño"
	},
	"HUF": {
		"name": "Florín Húngaro"
	},
	"BIF": {
		"name": "Franco Burundés"
	},
	"XAF": {
		"name": "Franco CFA de África Central",
		"symbol": "FCFA"
	},
	"XOF": {
		"name": "Franco CFA de África Occidental",
		"symbol": "F CFA"
	},
	"XPF": {
		"name": "Franco CFP",
		"symbol": "CFPF"
	},
	"KMF": {
		"name": "Franco Comorense"
	},
	"CDF": {
		"name": "Franco Congoleño"
	},
	"GNF": {
		"name": "Franco Guineano"
	},
	"RWF": {
		"name": "Franco Ruandés"
	},
	"CHF": {
		"name": "Franco Suizo"
	},
	"DJF": {
		"name": "Franco Yibutiano"
	},
	"HTG": {
		"name": "Gourde Haitiano"
	},
	"UAH": {
		"name": "Grivna"
	},
	"PYG": {
		"name": "Guaraní Paraguayo"
	},
	"PGK": {
		"name": "Kina Papuano"
	},
	"LAK": {
		"name": "Kip Laosiano"
	},
	"MWK": {
		"name": "Kwacha Malauí"
	},
	"ZMW": {
		"name": "Kwacha Zambiano"
	},
	"AOA": {
		"name": "Kwanza Angoleño"
	},
	"MMK": {
		"name": "Kyat Birmano"
	},
	"GEL": {
		"name": "Lari Georgiano"
	},
	"ALL": {
		"name": "Lek albanés"
	},
	"HNL": {
		"name": "Lempira Hondureño"
	},
	"SLE": {
		"name": "Leone qullqi de Sierra Leona"
	},
	"LSL": {
		"name": "Lesoto Loti Qullqi"
	},
	"MDL": {
		"name": "Leu Moldavo"
	},
	"RON": {
		"name": "Leu Rumano"
	},
	"BGN": {
		"name": "Lev"
	},
	"SHP": {
		"name": "Libra de Santa Helena"
	},
	"EGP": {
		"name": "Libra Egipcia"
	},
	"GBP": {
		"name": "Libra Esterlina",
		"symbol": "£"
	},
	"GIP": {
		"name": "Libra Gibraltareña"
	},
	"LBP": {
		"name": "Libra Libanesa"
	},
	"FKP": {
		"name": "Libra Malvinense"
	},
	"SYP": {
		"name": "Libra Siria"
	},
	"SDG": {
		"name": "Libra Sudanesa"
	},
	"SSP": {
		"name": "Libra Sursudanesa"
	},
	"SZL": {
		"name": "Lilangeni Swazi"
	},
	"TRY": {
		"name": "Lira Turca"
	},
	"AZN": {
		"name": "Manat Azerbaiyano"
	},
	"TMT": {
		"name": "Manat Turcomano"
	},
	"BAM": {
		"name": "Marco Bosnioherzegovino"
	},
	"MZN": {
		"name": "Metical Mozambiqueño"
	},
	"NGN": {
		"name": "Naira Nigeriano"
	},
	"ERN": {
		"name": "Nakfa Eritreano"
	},
	"BTN": {
		"name": "Ngultrum Butanés"
	},
	"TWD": {
		"name": "Nuevo Dólar Taiwanés",
		"symbol": "NT$"
	},
	"BYN": {
		"name": "Nuevo Rublo Bielorruso"
	},
	"ILS": {
		"name": "Nuevo Séquel",
		"symbol": "₪"
	},
	"TOP": {
		"name": "Paʻanga Tongano"
	},
	"MOP": {
		"name": "Pataca Macaense"
	},
	"ARS": {
		"name": "Peso Argentino"
	},
	"CLP": {
		"name": "Peso Chileno"
	},
	"COP": {
		"name": "Peso Colombiano"
	},
	"CUP": {
		"name": "Peso Cubano"
	},
	"DOP": {
		"name": "Peso Dominicano"
	},
	"PHP": {
		"name": "Peso Filipino"
	},
	"MXN": {
		"name": "Peso Mexicano",
		"symbol": "MX$"
	},
	"UYU": {
		"name": "Peso Uruguayo"
	},
	"BWP": {
		"name": "Pula Botswano"
	},
	"GTQ": {
		"name": "Quetzal Guatemalteco"
	},
	"ZAR": {
		"name": "Rand Sudafricano"
	},
	"BRL": {
		"name": "Real Brasileño",
		"symbol": "R$"
	},
	"IRR": {
		"name": "Rial Iraní"
	},
	"OMR": {
		"name": "Rial Omaní"
	},
	"YER": {
		"name": "Rial Yemení"
	},
	"KHR": {
		"name": "Riel Camboyano"
	},
	"MYR": {
		"name": "Ringgit Malayo"
	},
	"QAR": {
		"name": "Riyal Catarí"
	},
	"SAR": {
		"name": "Riyal Saudí"
	},
	"RUB": {
		"name": "Rublo Ruso"
	},
	"MVR": {
		"name": "Rupia de Maldivas"
	},
	"MUR": {
		"name": "Rupia de Mauricio"
	},
	"SCR": {
		"name": "Rupia de Seychelles"
	},
	"LKR": {
		"name": "Rupia de Sri Lanka"
	},
	"INR": {
		"name": "Rupia India",
		"symbol": "₹"
	},
	"IDR": {
		"name": "Rupia Indonesia"
	},
	"NPR": {
		"name": "Rupia Nepalí"
	},
	"PKR": {
		"name": "Rupia Pakistaní"
	},
	"PEN": {
		"name": "Sol Peruano",
		"symbol": "S\/"
	},
	"KGS": {
		"name": "Som Kirguís"
	},
	"UZS": {
		"name": "Som Ubzeko"
	},
	"TJS": {
		"name": "Somoni Tayiko"
	},
	"BDT": {
		"name": "Taka Bangladesí"
	},
	"WST": {
		"name": "Tala Samoano"
	},
	"KZT": {
		"name": "Tenge Kazajo"
	},
	"MNT": {
		"name": "Tugrik Mongol"
	},
	"MRU": {
		"name": "Uguiya Mauritano"
	},
	"VUV": {
		"name": "Vatu Vanuatu"
	},
	"KPW": {
		"name": "Won Norcoreano"
	},
	"KRW": {
		"name": "Won Surcoreano",
		"symbol": "₩"
	},
	"JPY": {
		"name": "Yen Japonés",
		"symbol": "JP¥"
	},
	"CNY": {
		"name": "Yuan Chino",
		"symbol": "CN¥"
	},
	"PLN": {
		"name": "Zloty"
	}
}