{
	"AFN": {
		"name": "Afghan Afghani"
	},
	"ARS": {
		"name": "Argentine Peso"
	},
	"AMD": {
		"name": "Armenian Dram"
	},
	"AZN": {
		"name": "Azerbaijani Manat"
	},
	"BSD": {
		"name": "Bahamian Dollar"
	},
	"BDT": {
		"name": "Bangladeshi Taka"
	},
	"BBD": {
		"name": "Barbadian Dollar"
	},
	"BZD": {
		"name": "Belize Dollar"
	},
	"BMD": {
		"name": "Bermudan Dollar"
	},
	"BOB": {
		"name": "Bolivian Boliviano"
	},
	"BAM": {
		"name": "Bosnia-Herzegovina Convertible Mark"
	},
	"BRL": {
		"name": "Brazilian Real",
		"symbol": "R$"
	},
	"BND": {
		"name": "Brunei Dollar"
	},
	"KHR": {
		"name": "Cambodian Riel"
	},
	"XCG": {
		"name": "Caribbean guilder",
		"symbol": "Cg."
	},
	"KYD": {
		"name": "Cayman Islands Dollar"
	},
	"XPF": {
		"name": "CFP Franc",
		"symbol": "CFPF"
	},
	"CLP": {
		"name": "Chilean Peso"
	},
	"COP": {
		"name": "Colombian Peso"
	},
	"CRC": {
		"name": "Costa Rican Colón"
	},
	"CUP": {
		"name": "Cuban Peso"
	},
	"CZK": {
		"name": "Czech Koruna"
	},
	"DKK": {
		"name": "Danish Krone"
	},
	"DOP": {
		"name": "Dominican Peso"
	},
	"XCD": {
		"name": "East Caribbean Dollar",
		"symbol": "EC$"
	},
	"FKP": {
		"name": "Falkland Islands Pound"
	},
	"FJD": {
		"name": "Fijian Dollar"
	},
	"GEL": {
		"name": "Georgian Lari"
	},
	"GHS": {
		"name": "Ghanaian Cedi"
	},
	"GIP": {
		"name": "Gibraltar Pound"
	},
	"GTQ": {
		"name": "Guatemalan Quetzal"
	},
	"GNF": {
		"name": "Guinean Franc"
	},
	"GYD": {
		"name": "Guyanaese Dollar"
	},
	"ZAR": {
		"name": "heleri sa Afrika Kusini"
	},
	"DZD": {
		"name": "heleri sa Aljeria"
	},
	"AOA": {
		"name": "heleri sa Angola"
	},
	"AUD": {
		"name": "heleri sa Australia",
		"symbol": "A$"
	},
	"BHD": {
		"name": "heleri sa Bahareni"
	},
	"BWP": {
		"name": "heleri sa Botswana"
	},
	"MGA": {
		"name": "heleri sa Bukini"
	},
	"BIF": {
		"name": "heleri sa Burundi"
	},
	"XOF": {
		"name": "heleri sa CFA BCEAO",
		"symbol": "F CFA"
	},
	"XAF": {
		"name": "heleri sa CFA BEAC",
		"symbol": "FCFA"
	},
	"CNY": {
		"name": "heleri sa China",
		"symbol": "CN¥"
	},
	"ERN": {
		"name": "heleri sa Eritrea"
	},
	"AED": {
		"name": "heleri sa Falme za Kiarabu"
	},
	"GMD": {
		"name": "heleri sa Gambia"
	},
	"INR": {
		"name": "heleri sa India",
		"symbol": "₹"
	},
	"JPY": {
		"name": "heleri sa Japani",
		"symbol": "JP¥"
	},
	"DJF": {
		"name": "heleri sa Jibuti"
	},
	"CAD": {
		"name": "heleri sa Kanada",
		"symbol": "CA$"
	},
	"KES": {
		"name": "heleri sa Kenya"
	},
	"CVE": {
		"name": "heleri sa Kepuvede"
	},
	"KMF": {
		"name": "heleri sa Komoro"
	},
	"CDF": {
		"name": "heleri sa Kongo"
	},
	"LSL": {
		"name": "heleri sa Lesoto"
	},
	"LRD": {
		"name": "heleri sa Liberia"
	},
	"LYD": {
		"name": "heleri sa Libya"
	},
	"MWK": {
		"name": "heleri sa Malawi"
	},
	"USD": {
		"name": "heleri sa Marekani",
		"symbol": "US$"
	},
	"EGP": {
		"name": "heleri sa Misri"
	},
	"MUR": {
		"name": "heleri sa Morisi"
	},
	"MRU": {
		"name": "heleri sa Moritania"
	},
	"MAD": {
		"name": "heleri sa Moroko"
	},
	"NAD": {
		"name": "heleri sa Namibia"
	},
	"NGN": {
		"name": "heleri sa Nijeria"
	},
	"RWF": {
		"name": "heleri sa Rwanda"
	},
	"SHP": {
		"name": "heleri sa Santahelena"
	},
	"STN": {
		"name": "heleri sa Sao Tome na Principe"
	},
	"SAR": {
		"name": "heleri sa Saudia"
	},
	"SCR": {
		"name": "heleri sa Shelisheli"
	},
	"SOS": {
		"name": "heleri sa Somalia"
	},
	"SDG": {
		"name": "heleri sa Sudani"
	},
	"TZS": {
		"name": "heleri sa Tanzania",
		"symbol": "TSh"
	},
	"TND": {
		"name": "heleri sa Tunisia"
	},
	"UGX": {
		"name": "heleri sa Uganda"
	},
	"ETB": {
		"name": "heleri sa Uhabeshi"
	},
	"GBP": {
		"name": "heleri sa Uingereza",
		"symbol": "£"
	},
	"CHF": {
		"name": "heleri sa Uswisi"
	},
	"ZMW": {
		"name": "heleri sa Zambia"
	},
	"HNL": {
		"name": "Honduran Lempira"
	},
	"HKD": {
		"name": "Hong Kong Dollar",
		"symbol": "HK$"
	},
	"HUF": {
		"name": "Hungarian Forint"
	},
	"ISK": {
		"name": "Icelandic Króna"
	},
	"IDR": {
		"name": "Indonesian Rupiah"
	},
	"ILS": {
		"name": "Israeli New Shekel",
		"symbol": "₪"
	},
	"JMD": {
		"name": "Jamaican Dollar"
	},
	"KZT": {
		"name": "Kazakhstani Tenge"
	},
	"KGS": {
		"name": "Kyrgystani Som"
	},
	"LAK": {
		"name": "Laotian Kip"
	},
	"LBP": {
		"name": "Lebanese Pound"
	},
	"SLE": {
		"name": "leoni"
	},
	"SZL": {
		"name": "lilangeni"
	},
	"MYR": {
		"name": "Malaysian Ringgit"
	},
	"MXN": {
		"name": "Mexican Peso",
		"symbol": "MX$"
	},
	"MNT": {
		"name": "Mongolian Tugrik"
	},
	"MMK": {
		"name": "Myanmar Kyat"
	},
	"NPR": {
		"name": "Nepalese Rupee"
	},
	"TWD": {
		"name": "New Taiwan Dollar",
		"symbol": "NT$"
	},
	"NZD": {
		"name": "New Zealand Dollar",
		"symbol": "NZ$"
	},
	"NIO": {
		"name": "Nicaraguan Córdoba"
	},
	"KPW": {
		"name": "North Korean Won"
	},
	"NOK": {
		"name": "Norwegian Krone"
	},
	"PKR": {
		"name": "Pakistani Rupee"
	},
	"PYG": {
		"name": "Paraguayan Guarani"
	},
	"PHP": {
		"name": "Philippine Peso",
		"symbol": "₱"
	},
	"PLN": {
		"name": "Polish Zloty"
	},
	"RON": {
		"name": "Romanian Leu"
	},
	"RUB": {
		"name": "Russian Ruble"
	},
	"SGD": {
		"name": "Singapore Dollar"
	},
	"SBD": {
		"name": "Solomon Islands Dollar"
	},
	"KRW": {
		"name": "South Korean Won",
		"symbol": "₩"
	},
	"SSP": {
		"name": "South Sudanese Pound"
	},
	"LKR": {
		"name": "Sri Lankan Rupee"
	},
	"SRD": {
		"name": "Surinamese Dollar"
	},
	"SEK": {
		"name": "Swedish Krona"
	},
	"SYP": {
		"name": "Syrian Pound"
	},
	"THB": {
		"name": "Thai Baht"
	},
	"TOP": {
		"name": "Tongan Paʻanga"
	},
	"TTD": {
		"name": "Trinidad & Tobago Dollar"
	},
	"TRY": {
		"name": "Turkish Lira"
	},
	"UAH": {
		"name": "Ukrainian Hryvnia"
	},
	"UYU": {
		"name": "Uruguayan Peso"
	},
	"VND": {
		"name": "Vietnamese Dong",
		"symbol": "₫"
	},
	"EUR": {
		"name": "yuro",
		"symbol": "€"
	}
}