{
	"AFN": {
		"name": "afgani afganu"
	},
	"MGA": {
		"name": "ariary malgàsciu"
	},
	"THB": {
		"name": "baht tailandesu"
	},
	"PAB": {
		"name": "balboa panamesu"
	},
	"ETB": {
		"name": "birr etìope"
	},
	"VED": {
		"name": "bolivar soberanu"
	},
	"VES": {
		"name": "bolivar venezuelanu"
	},
	"BOB": {
		"name": "bolivianu"
	},
	"XCG": {
		"name": "Caribbean guilder",
		"symbol": "Cg."
	},
	"GHS": {
		"name": "cedi ganesu"
	},
	"CRC": {
		"name": "colón costaricanu"
	},
	"SVC": {
		"name": "colón salvadorenu"
	},
	"NIO": {
		"name": "córdoba nicaraguesu"
	},
	"DKK": {
		"name": "corona danesa"
	},
	"ISK": {
		"name": "corona islandesa"
	},
	"SEK": {
		"name": "corona isvedesa"
	},
	"NOK": {
		"name": "corona norvegesa"
	},
	"CZK": {
		"name": "corona tzeca"
	},
	"GMD": {
		"name": "dalasi gambianu"
	},
	"MKD": {
		"name": "denar matzèdone"
	},
	"DZD": {
		"name": "dinar algerinu"
	},
	"BHD": {
		"name": "dinar bahreinu"
	},
	"JOD": {
		"name": "dinar giordanu"
	},
	"IQD": {
		"name": "dinar irachenu"
	},
	"KWD": {
		"name": "dinar kuwaitianu"
	},
	"LYD": {
		"name": "dinar lìbicu"
	},
	"RSD": {
		"name": "dinar serbu"
	},
	"TND": {
		"name": "dinar tunisinu"
	},
	"AED": {
		"name": "dirham de sos Emirados Àrabos Unidos"
	},
	"MAD": {
		"name": "dirham marochinu"
	},
	"STN": {
		"name": "dobra de São Tomé e Príncipe"
	},
	"USD": {
		"name": "dòllaru americanu",
		"symbol": "US$"
	},
	"AUD": {
		"name": "dòllaru australianu",
		"symbol": "A$"
	},
	"BSD": {
		"name": "dòllaru bahamesu"
	},
	"BBD": {
		"name": "dòllaru barbadianu"
	},
	"CAD": {
		"name": "dòllaru canadesu",
		"symbol": "CA$"
	},
	"HKD": {
		"name": "dòllaru de Hong Kong",
		"symbol": "HK$"
	},
	"BMD": {
		"name": "dòllaru de sas Bermudas"
	},
	"KYD": {
		"name": "dòllaru de sas Ìsulas Cayman"
	},
	"SBD": {
		"name": "dòllaru de sas Ìsulas Salomone"
	},
	"SGD": {
		"name": "dòllaru de Singapore"
	},
	"XCD": {
		"name": "dòllaru de sos Caràibes orientales",
		"symbol": "EC$"
	},
	"BZD": {
		"name": "dòllaru de su Belize"
	},
	"BND": {
		"name": "dòllaru de su Brunei"
	},
	"TTD": {
		"name": "dòllaru de Trinidad e Tobago"
	},
	"FJD": {
		"name": "dòllaru fijianu"
	},
	"JMD": {
		"name": "dòllaru giamaicanu"
	},
	"GYD": {
		"name": "dòllaru guyanesu"
	},
	"LRD": {
		"name": "dòllaru liberianu"
	},
	"NAD": {
		"name": "dòllaru namibianu"
	},
	"NZD": {
		"name": "dòllaru neozelandesu",
		"symbol": "NZ$"
	},
	"TWD": {
		"name": "dòllaru nou taiwanesu",
		"symbol": "NT$"
	},
	"SRD": {
		"name": "dòllaru surinamesu"
	},
	"VND": {
		"name": "dong vietnamesu",
		"symbol": "₫"
	},
	"AMD": {
		"name": "dram armenu"
	},
	"EUR": {
		"name": "èuro",
		"symbol": "€"
	},
	"AWG": {
		"name": "fiorinu arubanu"
	},
	"HUF": {
		"name": "fiorinu ungheresu"
	},
	"BIF": {
		"name": "francu burundianu"
	},
	"XOF": {
		"name": "francu CFA BCEAO",
		"symbol": "F CFA"
	},
	"XAF": {
		"name": "francu CFA BEAC",
		"symbol": "FCFA"
	},
	"XPF": {
		"name": "francu CFP",
		"symbol": "CFPF"
	},
	"KMF": {
		"name": "francu comorianu"
	},
	"CDF": {
		"name": "francu congolesu"
	},
	"DJF": {
		"name": "francu gibutianu"
	},
	"GNF": {
		"name": "francu guineanu"
	},
	"CHF": {
		"name": "francu isvìtzeru"
	},
	"RWF": {
		"name": "francu ruandesu"
	},
	"HTG": {
		"name": "gourde haitianu"
	},
	"PYG": {
		"name": "guaraní paraguayanu"
	},
	"UAH": {
		"name": "hryvnia ucraina"
	},
	"KES": {
		"name": "iscellinu kenianu"
	},
	"SOS": {
		"name": "iscellinu sòmalu"
	},
	"TZS": {
		"name": "iscellinu tanzanianu"
	},
	"UGX": {
		"name": "iscellinu ugandesu"
	},
	"CVE": {
		"name": "iscudu cabubirdianu"
	},
	"GBP": {
		"name": "isterlina britànnica",
		"symbol": "£"
	},
	"GIP": {
		"name": "isterlina de Gibilterra"
	},
	"SHP": {
		"name": "isterlina de Sant’Elene"
	},
	"FKP": {
		"name": "isterlina de sas ìsulas Falklands"
	},
	"EGP": {
		"name": "isterlina egitziana"
	},
	"LBP": {
		"name": "isterlina lebanesa"
	},
	"SYP": {
		"name": "isterlina siriana"
	},
	"SSP": {
		"name": "isterlina sud-sudanesa"
	},
	"SDG": {
		"name": "isterlina sudanesa"
	},
	"PGK": {
		"name": "kina papuana"
	},
	"LAK": {
		"name": "kip laotianu"
	},
	"MWK": {
		"name": "kwacha malawiana"
	},
	"ZMW": {
		"name": "kwacha zambiana"
	},
	"AOA": {
		"name": "kwanza angolanu"
	},
	"MMK": {
		"name": "kyat de su Myanmar"
	},
	"GEL": {
		"name": "lari georgianu"
	},
	"ALL": {
		"name": "lek albanesu"
	},
	"HNL": {
		"name": "lempira hondurenu"
	},
	"SLE": {
		"name": "leone nou de sa Sierra Leone"
	},
	"MDL": {
		"name": "leu moldavu"
	},
	"RON": {
		"name": "leu rumenu"
	},
	"BGN": {
		"name": "lev bùlgaru"
	},
	"SZL": {
		"name": "lilangeni de s’Eswatini"
	},
	"TRY": {
		"name": "lira turca"
	},
	"LSL": {
		"name": "loti lesothianu"
	},
	"AZN": {
		"name": "manat azeru"
	},
	"TMT": {
		"name": "manat turkmenu"
	},
	"BAM": {
		"name": "marcu cunvertìbile de sa Bòsnia-Erzegòvina"
	},
	"MZN": {
		"name": "metical mozambicanu"
	},
	"ERN": {
		"name": "nafka eritreu"
	},
	"NGN": {
		"name": "naira nigeriana"
	},
	"BTN": {
		"name": "ngultrum bhutanesu"
	},
	"MRU": {
		"name": "ouguiya mauritiana"
	},
	"TOP": {
		"name": "paʻanga tongana"
	},
	"MOP": {
		"name": "pataca macanesa"
	},
	"ARS": {
		"name": "peso argentinu"
	},
	"COP": {
		"name": "peso colombianu"
	},
	"CUP": {
		"name": "peso cubanu"
	},
	"DOP": {
		"name": "peso dominicanu"
	},
	"PHP": {
		"name": "peso filipinu",
		"symbol": "₱"
	},
	"MXN": {
		"name": "peso messicanu",
		"symbol": "MX$"
	},
	"CLP": {
		"name": "peso tzilenu"
	},
	"UYU": {
		"name": "peso uruguayanu"
	},
	"BWP": {
		"name": "pula botswanesa"
	},
	"GTQ": {
		"name": "quetzal guatemaltecu"
	},
	"ZAR": {
		"name": "rand sudafricanu"
	},
	"BRL": {
		"name": "real brasilianu",
		"symbol": "R$"
	},
	"CNY": {
		"name": "renminbi tzinesu",
		"symbol": "CN¥"
	},
	"QAR": {
		"name": "rial catarianu"
	},
	"IRR": {
		"name": "rial iranianu"
	},
	"OMR": {
		"name": "rial omanesu"
	},
	"YER": {
		"name": "rial yemenita"
	},
	"KHR": {
		"name": "riel cambogianu"
	},
	"MYR": {
		"name": "ringgit malesu"
	},
	"SAR": {
		"name": "riyal saudita"
	},
	"BYN": {
		"name": "rublu bielorussu"
	},
	"RUB": {
		"name": "rublu russu"
	},
	"MVR": {
		"name": "rufiyaa maldiviana"
	},
	"LKR": {
		"name": "rupia de su Sri Lanka"
	},
	"INR": {
		"name": "rupia indiana",
		"symbol": "₹"
	},
	"IDR": {
		"name": "rupia indonesiana"
	},
	"MUR": {
		"name": "rupia mauritziana"
	},
	"NPR": {
		"name": "rupia nepalesa"
	},
	"PKR": {
		"name": "rupia pakistana"
	},
	"SCR": {
		"name": "rupia seychellesa"
	},
	"ILS": {
		"name": "siclu nou israelianu",
		"symbol": "₪"
	},
	"PEN": {
		"name": "sol peruvianu"
	},
	"KGS": {
		"name": "som kirghisu"
	},
	"UZS": {
		"name": "som uzbeku"
	},
	"TJS": {
		"name": "somoni tagiku"
	},
	"BDT": {
		"name": "taka bangladesu"
	},
	"WST": {
		"name": "tala samoana"
	},
	"KZT": {
		"name": "tenge kazaku"
	},
	"MNT": {
		"name": "tugrik mòngolu"
	},
	"UYW": {
		"name": "unidade ìnditze de sos salàrios nominales uruguayanos"
	},
	"VUV": {
		"name": "vatu de Vanuatu"
	},
	"KPW": {
		"name": "won nordcoreanu"
	},
	"KRW": {
		"name": "won sudcoreanu",
		"symbol": "₩"
	},
	"JPY": {
		"name": "yen giaponesu",
		"symbol": "JP¥"
	},
	"PLN": {
		"name": "zloty polacu"
	}
}