{
	"XCG": {
		"name": "Caribbean guilder",
		"symbol": "Cg."
	},
	"MGA": {
		"name": "Ариарии Малагасий"
	},
	"AFN": {
		"name": "Афғонии Афғонистон"
	},
	"PAB": {
		"name": "Балбоаи Панама"
	},
	"THB": {
		"name": "Бати Таиланд"
	},
	"ETB": {
		"name": "Бирри Эфиопия"
	},
	"VES": {
		"name": "Боливари Венесуэла"
	},
	"BOB": {
		"name": "Боливянои Боливия"
	},
	"VUV": {
		"name": "Ватуи Вануату"
	},
	"KRW": {
		"name": "Вони Кореяи Ҷанубӣ",
		"symbol": "₩"
	},
	"KPW": {
		"name": "Вони Кореяи Шимолӣ"
	},
	"UAH": {
		"name": "Гривнаи украинӣ"
	},
	"PYG": {
		"name": "Гуарании Парагвай"
	},
	"HTG": {
		"name": "Гурди Ҳаити"
	},
	"GMD": {
		"name": "Даласи Гамбия"
	},
	"MKD": {
		"name": "Денори Македония"
	},
	"DZD": {
		"name": "Динори Алҷазоир"
	},
	"BHD": {
		"name": "Динори Баҳрайн"
	},
	"JOD": {
		"name": "Динори Иордания"
	},
	"IQD": {
		"name": "Динори Ироқ"
	},
	"KWD": {
		"name": "Динори Кувайт"
	},
	"LYD": {
		"name": "Динори Либия"
	},
	"RSD": {
		"name": "Динори Сербия"
	},
	"TND": {
		"name": "Динори Тунис"
	},
	"MAD": {
		"name": "Дирхами Марокаш"
	},
	"AED": {
		"name": "Дирҳами АМА"
	},
	"STN": {
		"name": "Добраи Сан-Томе ва Принсипи"
	},
	"AUD": {
		"name": "Доллари Австралия",
		"symbol": "A$"
	},
	"BSD": {
		"name": "Доллари Багама"
	},
	"BBD": {
		"name": "Доллари Барбад"
	},
	"BZD": {
		"name": "Доллари Белиз"
	},
	"BMD": {
		"name": "Доллари Бермуд"
	},
	"BND": {
		"name": "Доллари Бруней"
	},
	"GYD": {
		"name": "Доллари Гайана"
	},
	"HKD": {
		"name": "Доллари Гонконг",
		"symbol": "HK$"
	},
	"NZD": {
		"name": "Доллари Зеландияи Нав",
		"symbol": "NZ$"
	},
	"USD": {
		"name": "Доллари ИМА",
		"symbol": "$"
	},
	"CAD": {
		"name": "Доллари Канада",
		"symbol": "CA$"
	},
	"XCD": {
		"name": "Доллари Кариби Шарқӣ",
		"symbol": "EC$"
	},
	"LRD": {
		"name": "Доллари Либерия"
	},
	"TWD": {
		"name": "Доллари нави Тайван",
		"symbol": "NT$"
	},
	"NAD": {
		"name": "Доллари Намибия"
	},
	"SGD": {
		"name": "Доллари Сингапур"
	},
	"SRD": {
		"name": "Доллари Суринам"
	},
	"TTD": {
		"name": "Доллари Тринидад ва Тобаго"
	},
	"FJD": {
		"name": "Доллари Фиҷи"
	},
	"KYD": {
		"name": "Доллари Ҷазираҳои Кайман"
	},
	"SBD": {
		"name": "Доллари Ҷазираҳои Соломон"
	},
	"JMD": {
		"name": "Доллари Ямайка"
	},
	"VND": {
		"name": "Донги Ветнам",
		"symbol": "₫"
	},
	"AMD": {
		"name": "Драми Арманистон"
	},
	"EUR": {
		"name": "Евро",
		"symbol": "€"
	},
	"PLN": {
		"name": "Злотии Польша"
	},
	"CNY": {
		"name": "Иенаи хитоӣ",
		"symbol": "CN¥"
	},
	"JPY": {
		"name": "Иенаи японӣ",
		"symbol": "JP¥"
	},
	"AOA": {
		"name": "Кванзаи Ангола"
	},
	"ZMW": {
		"name": "Квачаи Замбия"
	},
	"MWK": {
		"name": "Квачаи Малавия"
	},
	"GTQ": {
		"name": "Кветзали Гватемала"
	},
	"MMK": {
		"name": "киати Мянмар"
	},
	"PGK": {
		"name": "Кинаи Гвинеяи Папуа"
	},
	"LAK": {
		"name": "Кипи Лаосй"
	},
	"CRC": {
		"name": "Колони Коста-Рика"
	},
	"NIO": {
		"name": "Кордобаи Никарагуа"
	},
	"NOK": {
		"name": "Кронаи Норвегия"
	},
	"DKK": {
		"name": "Крони Дания"
	},
	"CZK": {
		"name": "Крони Чехия"
	},
	"SEK": {
		"name": "Крони шведӣ"
	},
	"ISK": {
		"name": "Кронури Исландия"
	},
	"GEL": {
		"name": "Лариси гурҷӣ"
	},
	"BGN": {
		"name": "Леви Болгария"
	},
	"MDL": {
		"name": "Лейи Молдова"
	},
	"RON": {
		"name": "Лейи Руминия"
	},
	"ALL": {
		"name": "Леки албанӣ"
	},
	"HNL": {
		"name": "Лемпираи Гондурас"
	},
	"SLE": {
		"name": "Леони Серра-Леоне"
	},
	"TRY": {
		"name": "Лираи Туркия"
	},
	"LSL": {
		"name": "Лотиси Лесото"
	},
	"AZN": {
		"name": "Манати Озарбойҷон"
	},
	"TMT": {
		"name": "манати Туркманистон"
	},
	"BAM": {
		"name": "Маркаҳои конвертатсияшавандаи Босния-Герсеговина"
	},
	"MZN": {
		"name": "Метикали Мозамбик"
	},
	"NGN": {
		"name": "Найраи Нигерия"
	},
	"ERN": {
		"name": "Накфаи Эритрея"
	},
	"BTN": {
		"name": "Нгултруми Бутан"
	},
	"MRU": {
		"name": "Огуияи Мавритания"
	},
	"TOP": {
		"name": "Паангаи Тонга"
	},
	"MOP": {
		"name": "Патакаи Макао"
	},
	"ARS": {
		"name": "Песои Аргентина"
	},
	"DOP": {
		"name": "Песои Доминикан"
	},
	"COP": {
		"name": "Песои Колумбия"
	},
	"CUP": {
		"name": "Песои Куба"
	},
	"MXN": {
		"name": "Песои Мексика",
		"symbol": "MX$"
	},
	"UYU": {
		"name": "Песои Уругвай"
	},
	"PHP": {
		"name": "Песои Филиппин",
		"symbol": "₱"
	},
	"CLP": {
		"name": "Песои Чили"
	},
	"BWP": {
		"name": "Пулаи Ботсвана"
	},
	"BRL": {
		"name": "Реали бразилиягӣ",
		"symbol": "R$"
	},
	"YER": {
		"name": "Риали Яман"
	},
	"QAR": {
		"name": "Риёли Қатар"
	},
	"SAR": {
		"name": "Риёли Саудӣ"
	},
	"OMR": {
		"name": "Риёли Уммон"
	},
	"IRR": {
		"name": "Риёли Эрон"
	},
	"MYR": {
		"name": "Ринггити Малайзия"
	},
	"KHR": {
		"name": "Риэли Камбоҷа"
	},
	"BYN": {
		"name": "Рубли Беларус"
	},
	"RUB": {
		"name": "Рубли русӣ"
	},
	"LKR": {
		"name": "Рупи Шри-Ланка"
	},
	"SCR": {
		"name": "Рупии Сейшел"
	},
	"IDR": {
		"name": "Рупияи Индонезия"
	},
	"MUR": {
		"name": "Рупияи Маврикий"
	},
	"NPR": {
		"name": "Рупияи Непал"
	},
	"PKR": {
		"name": "Рупияи Покистон"
	},
	"INR": {
		"name": "Рупияи ҳиндустонӣ",
		"symbol": "₹"
	},
	"MVR": {
		"name": "Руфияи Малдив"
	},
	"ZAR": {
		"name": "Рэнди Африқои Ҷанубӣ"
	},
	"GHS": {
		"name": "Седи Гана"
	},
	"PEN": {
		"name": "Соли Перу"
	},
	"KGS": {
		"name": "Соми Қирғизистон"
	},
	"TJS": {
		"name": "Сомонии Тоҷикистон",
		"symbol": "сом."
	},
	"UZS": {
		"name": "Сўми Ӯзбекистон"
	},
	"BDT": {
		"name": "Такаси Бангладеши"
	},
	"WST": {
		"name": "Талаи Самоа"
	},
	"KZT": {
		"name": "Тангаи Казокистон"
	},
	"MNT": {
		"name": "Тугрики Муғулистон"
	},
	"AWG": {
		"name": "Флорини Арубан"
	},
	"HUF": {
		"name": "Форинти Венгрия"
	},
	"XAF": {
		"name": "Франки CFA Африқои Марказӣ",
		"symbol": "FCFA"
	},
	"XPF": {
		"name": "Франки CFP",
		"symbol": "CFPF"
	},
	"XOF": {
		"name": "Франки Африқои Ғарбӣ",
		"symbol": "F CFA"
	},
	"BIF": {
		"name": "Франки Бурунди"
	},
	"GNF": {
		"name": "Франки Гвинея"
	},
	"KMF": {
		"name": "Франки Комория"
	},
	"CDF": {
		"name": "Франки Конго"
	},
	"RWF": {
		"name": "Франки Руанда"
	},
	"DJF": {
		"name": "Франки Ҷибутӣ"
	},
	"CHF": {
		"name": "Франки Швейтсария"
	},
	"GBP": {
		"name": "Фунт стерлинги британӣ",
		"symbol": "£"
	},
	"GIP": {
		"name": "Фунти Гибралтар"
	},
	"LBP": {
		"name": "Фунти Лубнон"
	},
	"EGP": {
		"name": "Фунти мисрӣ"
	},
	"SHP": {
		"name": "Фунти Сент Елена"
	},
	"SDG": {
		"name": "Фунти Судон"
	},
	"SSP": {
		"name": "Фунти Судони Ҷанубӣ"
	},
	"SYP": {
		"name": "Фунти Сурия"
	},
	"FKP": {
		"name": "Фунти Ҷазираҳои Фолкленд"
	},
	"ILS": {
		"name": "Шекелҳои нави Исроил",
		"symbol": "₪"
	},
	"UGX": {
		"name": "Шилинги Уганда"
	},
	"KES": {
		"name": "Шиллинги Кения"
	},
	"SOS": {
		"name": "Шиллинги Сомали"
	},
	"TZS": {
		"name": "Шиллинги Танзания"
	},
	"SZL": {
		"name": "Эмалангени Свази"
	},
	"CVE": {
		"name": "Эскудои Кабо Верде"
	}
}