{
	"XCG": {
		"name": "Caribbean guilder",
		"symbol": "Cg."
	},
	"HUF": {
		"name": "ሃንጋርያዊ ፎርንት"
	},
	"HNL": {
		"name": "ሆንዱራስ ለምፒራ"
	},
	"HKD": {
		"name": "ሆንግ ኮንግ ዶላር",
		"symbol": "HK$"
	},
	"LBP": {
		"name": "ሊባኖሳዊ ፓውንድ"
	},
	"LAK": {
		"name": "ላኦስያዊ ኪፕ"
	},
	"LRD": {
		"name": "ላይበርያዊ ዶላር"
	},
	"LSL": {
		"name": "ሌሶቶ ሎቲ"
	},
	"AED": {
		"name": "ሕቡራት ኢማራት ዓረብ ዲርሃም"
	},
	"MMK": {
		"name": "ሚያንማር ክያት"
	},
	"MWK": {
		"name": "ማላዊያዊ ኳቻ"
	},
	"MGA": {
		"name": "ማላጋሲ ኣሪያሪ"
	},
	"MYR": {
		"name": "ማሌዥያዊ ሪንግጊት"
	},
	"MVR": {
		"name": "ማልዲቭያዊ ሩፍያ"
	},
	"XAF": {
		"name": "ማእከላይ ኣፍሪቃ ሲኤፍኤ ፍራንክ",
		"symbol": "FCFA"
	},
	"MOP": {
		"name": "ማካኒዝ ፓታካ"
	},
	"MXN": {
		"name": "ሜክሲካዊ ፔሶ",
		"symbol": "MX$"
	},
	"XCD": {
		"name": "ምብራቕ ካሪብያን ዶላር",
		"symbol": "EC$"
	},
	"XOF": {
		"name": "ምዕራብ ኣፍሪቃ CFA ፍራንክ",
		"symbol": "F CFA"
	},
	"MDL": {
		"name": "ሞልዶቫን ሌው"
	},
	"MUR": {
		"name": "ሞሪሸስ ሩፒ"
	},
	"MRU": {
		"name": "ሞሪታናዊ ኡጉዋያ"
	},
	"MAD": {
		"name": "ሞሮካዊ ዲርሃም"
	},
	"MNT": {
		"name": "ሞንጎላዊ ቱግሪክ"
	},
	"MZN": {
		"name": "ሞዛምቢካዊ ሜቲካል"
	},
	"RON": {
		"name": "ሮማንያዊ ሌው"
	},
	"KPW": {
		"name": "ሰሜን ኮርያዊ ዎን"
	},
	"SRD": {
		"name": "ሱሪናማዊ ዶላር"
	},
	"SDG": {
		"name": "ሱዳናዊ ፓውንድ"
	},
	"SCR": {
		"name": "ሲሸሎ ሩፒ"
	},
	"SGD": {
		"name": "ሲንጋፖር ዶላር"
	},
	"XPF": {
		"name": "ሲኤፍፒ ፍራንክ",
		"symbol": "CFPF"
	},
	"SVC": {
		"name": "ሳልቫዶራን ኮሎን"
	},
	"WST": {
		"name": "ሳሞኣዊ ታላ"
	},
	"STN": {
		"name": "ሳኦ ቶሜን ፕሪንሲፐ ዶብራ"
	},
	"SLE": {
		"name": "ሴራሊዮን ልዮን"
	},
	"LKR": {
		"name": "ስሪላንካ ሩፒ"
	},
	"CHF": {
		"name": "ስዊስ ፍራንክ"
	},
	"SZL": {
		"name": "ስዋዚ ሊላንገኒ"
	},
	"SAR": {
		"name": "ስዑዲ ዓረብ ሪያል"
	},
	"SOS": {
		"name": "ሶማልያዊ ሽልንግ"
	},
	"SYP": {
		"name": "ሶርያዊ ፓውንድ"
	},
	"SEK": {
		"name": "ሽወደናዊ ክሮና"
	},
	"QAR": {
		"name": "ቀጠሪ ሪያል"
	},
	"SHP": {
		"name": "ቅድስቲ ሄለና ፓውንድ"
	},
	"BMD": {
		"name": "በርሙዳን ዶላር"
	},
	"BGN": {
		"name": "ቡልጋርያዊ ሌቭ"
	},
	"BTN": {
		"name": "ቡታናዊ ንጉልትሩም"
	},
	"BSD": {
		"name": "ባሃማዊ ዶላር"
	},
	"BHD": {
		"name": "ባሕሬናዊ ዲናር"
	},
	"BBD": {
		"name": "ባርባዲያን ዶላር"
	},
	"BDT": {
		"name": "ባንግላደሻዊ ታካ"
	},
	"BZD": {
		"name": "ቤሊዝ ዶላር"
	},
	"BND": {
		"name": "ብሩነይ ዶላር"
	},
	"BIF": {
		"name": "ብሩንዳዊ ፍራንክ"
	},
	"ETB": {
		"name": "ብር",
		"symbol": "Br"
	},
	"BOB": {
		"name": "ቦሊቭያዊ ቦሊቭያኖ"
	},
	"BWP": {
		"name": "ቦትስዋናዊ ፑላ"
	},
	"BAM": {
		"name": "ቦዝንያ-ሄርዘጎቪና ተቐያሪ ምልክት"
	},
	"VUV": {
		"name": "ቫኑኣቱ ቫቱ"
	},
	"VND": {
		"name": "ቬትናማዊ ዶንግ",
		"symbol": "₫"
	},
	"VES": {
		"name": "ቬንዙዌላዊ ቦሊቫር"
	},
	"TRY": {
		"name": "ቱርካዊ ሊራ"
	},
	"TMT": {
		"name": "ቱርክመኒስታናዊ ማናት"
	},
	"TND": {
		"name": "ቱኒዝያዊ ዲናር"
	},
	"TZS": {
		"name": "ታንዛንያዊ ሽልንግ"
	},
	"THB": {
		"name": "ታይላንዳዊ ባህ"
	},
	"TJS": {
		"name": "ታጂኪስታናዊ ሶሞኒ"
	},
	"TTD": {
		"name": "ትሪኒዳድን ቶባጎ ዶላር"
	},
	"TOP": {
		"name": "ቶንጋዊ ፓ`ኣንጋ"
	},
	"CLP": {
		"name": "ቺለዊ ፔሶ"
	},
	"NIO": {
		"name": "ኒካራጓ ኮርዶባ"
	},
	"TWD": {
		"name": "ኒው ታይዋን ዶላር",
		"symbol": "NT$"
	},
	"NZD": {
		"name": "ኒውዚላንዳዊ ዶላር",
		"symbol": "NZ$"
	},
	"NAD": {
		"name": "ናሚብያ ዶላር"
	},
	"HTG": {
		"name": "ናይ ሃይቲ ጎርደ"
	},
	"LYD": {
		"name": "ናይ ሊብያ ዲናር"
	},
	"INR": {
		"name": "ናይ ሕንድ ሩፒ",
		"symbol": "₹"
	},
	"MKD": {
		"name": "ናይ መቄዶንያ ዲናር"
	},
	"RSD": {
		"name": "ናይ ሰርብያን ዲናር"
	},
	"BYN": {
		"name": "ናይ ቤላሩስ ሩብል"
	},
	"CZK": {
		"name": "ናይ ቸክ ኮሩና"
	},
	"NOK": {
		"name": "ናይ ኖርወይ ክሮነር"
	},
	"IRR": {
		"name": "ናይ ኢራን ርያል"
	},
	"ISK": {
		"name": "ናይ ኣይስላንድ ክሮና"
	},
	"CVE": {
		"name": "ናይ ኬፕ ቨርዲ ኤስኩዶ"
	},
	"ZAR": {
		"name": "ናይ ደቡብ ኣፍሪቃ ራንድ"
	},
	"DKK": {
		"name": "ናይ ዴንማርክ ክሮነር"
	},
	"DJF": {
		"name": "ናይ ጅቡቲ ፍራንክ"
	},
	"GNF": {
		"name": "ናይ ጊኒ ፍራንክ"
	},
	"NGN": {
		"name": "ናይጀርያዊ ናይራ"
	},
	"NPR": {
		"name": "ኔፓላዊ ሩፒ"
	},
	"UYU": {
		"name": "ኡራጋያዊ ፔሶ"
	},
	"UZS": {
		"name": "ኡዝቤኪስታናዊ ሶም"
	},
	"UGX": {
		"name": "ኡጋንዳዊ ሽልንግ"
	},
	"IDR": {
		"name": "ኢንዶነዥያዊ ሩፒያ"
	},
	"ALL": {
		"name": "ኣልባናዊ ሌክ"
	},
	"DZD": {
		"name": "ኣልጀርያዊ ዲናር"
	},
	"AWG": {
		"name": "ኣሩባን ፍሎሪን"
	},
	"AMD": {
		"name": "ኣርመንያዊ ድራም"
	},
	"ARS": {
		"name": "ኣርጀንቲናዊ ፔሶ"
	},
	"AOA": {
		"name": "ኣንጎላዊ ክዋንዛ"
	},
	"AUD": {
		"name": "ኣውስትራልያዊ ዶላር",
		"symbol": "A$"
	},
	"AZN": {
		"name": "ኣዘርባጃናዊ ማናት"
	},
	"AFN": {
		"name": "ኣፍጋኒስታናዊ ኣፍጋን"
	},
	"ERN": {
		"name": "ኤርትራዊ ናቕፋ"
	},
	"ILS": {
		"name": "እስራኤላዊ ሓድሽ ሸቃል",
		"symbol": "₪"
	},
	"OMR": {
		"name": "ኦማን ርያል"
	},
	"CUP": {
		"name": "ኩባዊ ፔሶ"
	},
	"KWD": {
		"name": "ኩዌቲ ዲናር"
	},
	"KGS": {
		"name": "ኪርጊስታናዊ ሶም"
	},
	"KHR": {
		"name": "ካምቦድያዊ ሪኤል"
	},
	"CAD": {
		"name": "ካናዳ ዶላር",
		"symbol": "CA$"
	},
	"KZT": {
		"name": "ካዛኪስታናዊ ተንገ"
	},
	"KES": {
		"name": "ኬንያዊ ሽልንግ"
	},
	"COP": {
		"name": "ኮሎምብያዊ ፔሶ"
	},
	"KMF": {
		"name": "ኮሞርያዊ ፍራንክ"
	},
	"CRC": {
		"name": "ኮስታሪካ ኮሎን"
	},
	"CDF": {
		"name": "ኮንጎ ፍራንክ"
	},
	"IQD": {
		"name": "ዒራቂ ዲናር"
	},
	"ZMW": {
		"name": "ዛምብያዊ ኳቻ"
	},
	"YER": {
		"name": "የመኒ ርያል"
	},
	"RUB": {
		"name": "የራሻ ሩብል"
	},
	"BRL": {
		"name": "የብራዚል ሪል",
		"symbol": "R$"
	},
	"JPY": {
		"name": "የን ጃፓን"
	},
	"GBP": {
		"name": "የእንግሊዝ ፓውንድ ስተርሊንግ",
		"symbol": "£"
	},
	"EUR": {
		"name": "ዩሮ",
		"symbol": "€"
	},
	"UAH": {
		"name": "ዩክሬናዊት ሪቭንያ"
	},
	"CNY": {
		"name": "ዩዋን ቻይና"
	},
	"JOD": {
		"name": "ዮርዳኖሳዊ ዲናር"
	},
	"SBD": {
		"name": "ደሴታት ሰሎሞን ዶላር"
	},
	"KYD": {
		"name": "ደሴታት ካይመን ዶላር"
	},
	"FKP": {
		"name": "ደሴታት ፎክላንድ ፓውንድ"
	},
	"SSP": {
		"name": "ደቡብ ሱዳን ፓውንድ"
	},
	"KRW": {
		"name": "ደቡብ ኮርያዊ ዎን",
		"symbol": "₩"
	},
	"USD": {
		"name": "ዶላር ኣመሪካ",
		"symbol": "US$"
	},
	"FJD": {
		"name": "ዶላር ፊጂ"
	},
	"DOP": {
		"name": "ዶሚኒካን ፔሶ"
	},
	"GIP": {
		"name": "ጂብራልተር ፓውንድ"
	},
	"JMD": {
		"name": "ጃማይካ ዶላር"
	},
	"GEL": {
		"name": "ጆርጅያዊ ላሪ"
	},
	"GMD": {
		"name": "ጋምብያዊ ዳላሲ"
	},
	"GHS": {
		"name": "ጋናዊ ሴዲ"
	},
	"EGP": {
		"name": "ግብጻዊ ፓውንድ"
	},
	"GTQ": {
		"name": "ጓቲማላ ኲትዛል"
	},
	"GYD": {
		"name": "ጓያናኛ ዶላር"
	},
	"PHP": {
		"name": "ፊሊፒንስ ፔሶ",
		"symbol": "₱"
	},
	"RWF": {
		"name": "ፍራንክ ሩዋንዳ"
	},
	"PYG": {
		"name": "ፓራጓያዊ ጓራኒ"
	},
	"PAB": {
		"name": "ፓናማያን ባልቦኣ"
	},
	"PKR": {
		"name": "ፓኪስታናዊ ሩፒ"
	},
	"PGK": {
		"name": "ፓፑዋ ኒው ጊኒ ኪና"
	},
	"PEN": {
		"name": "ፔሩቪያን ሶል"
	},
	"PLN": {
		"name": "ፖላንዳዊ ዝሎቲ"
	}
}