{
	"XCG": {
		"name": "Caribbean guilder",
		"symbol": "Cg."
	},
	"AUD": {
		"name": "Австралия доллары",
		"symbol": "A$"
	},
	"USD": {
		"name": "АКШ доллары",
		"symbol": "$"
	},
	"ALL": {
		"name": "Албания Леке"
	},
	"DZD": {
		"name": "Алжир динары"
	},
	"AOA": {
		"name": "Ангола кванзасы"
	},
	"ARS": {
		"name": "Аргентина песосы"
	},
	"AMD": {
		"name": "Армения драмы"
	},
	"AWG": {
		"name": "Арубан Флорины"
	},
	"AZN": {
		"name": "Әзербайҗан манаты"
	},
	"AFN": {
		"name": "Әфган әфганы"
	},
	"BSD": {
		"name": "Багам доллары"
	},
	"BDT": {
		"name": "Бангладеш такасы"
	},
	"BBD": {
		"name": "Барбадос доллары"
	},
	"BHD": {
		"name": "Бахрейн динары"
	},
	"BYN": {
		"name": "Беларус сумы"
	},
	"BZD": {
		"name": "Белиз доллары"
	},
	"AED": {
		"name": "Берләшкән Гарәп Әмирлекләре дирхамы"
	},
	"BMD": {
		"name": "Бермуд доллары"
	},
	"BGN": {
		"name": "Болгар Левы"
	},
	"BOB": {
		"name": "Боливиа боливианосы"
	},
	"BAM": {
		"name": "Босния һәм Герцеговинаның конвертацияләнә торган маркасы"
	},
	"BWP": {
		"name": "Ботсвана пуласы"
	},
	"BRL": {
		"name": "Бразилия реалы",
		"symbol": "R$"
	},
	"BND": {
		"name": "Бруней доллары"
	},
	"BIF": {
		"name": "Бурунди франкы"
	},
	"BTN": {
		"name": "Бутан нгултрумы"
	},
	"VUV": {
		"name": "Вануату ваты"
	},
	"HUF": {
		"name": "Венгрия форинты"
	},
	"VES": {
		"name": "Венесуэла боливары"
	},
	"VND": {
		"name": "Вьетнам Донгы",
		"symbol": "₫"
	},
	"HTG": {
		"name": "Гаити гурды"
	},
	"GYD": {
		"name": "Гайана доллары"
	},
	"GMD": {
		"name": "Гамбия даласие"
	},
	"GHS": {
		"name": "Гана седие"
	},
	"GTQ": {
		"name": "Гватемала кетсалы"
	},
	"GNF": {
		"name": "Гвинея франкы"
	},
	"GIP": {
		"name": "Гибралтар фунты"
	},
	"HNL": {
		"name": "Гондурас лемпиры"
	},
	"HKD": {
		"name": "Гонконг доллары",
		"symbol": "HK$"
	},
	"GEL": {
		"name": "Грузия ларие"
	},
	"DKK": {
		"name": "Дания Кронасы"
	},
	"DOP": {
		"name": "Доминикана песосы"
	},
	"EUR": {
		"name": "евро",
		"symbol": "€"
	},
	"DJF": {
		"name": "Җибути франкы"
	},
	"ZMW": {
		"name": "Замбия квачасы"
	},
	"SHP": {
		"name": "Изге Елена утравы фунты"
	},
	"ILS": {
		"name": "Израиль яңа шекеле",
		"symbol": "₪"
	},
	"INR": {
		"name": "Индия рупиясе",
		"symbol": "₹"
	},
	"IDR": {
		"name": "Индонезия рупиясе"
	},
	"JOD": {
		"name": "Иордания динары"
	},
	"IQD": {
		"name": "Ирак динары"
	},
	"IRR": {
		"name": "Иран риалы"
	},
	"ISK": {
		"name": "Исландия Кронасы"
	},
	"YER": {
		"name": "Йәмән риалы"
	},
	"CVE": {
		"name": "Кабо-Верде эскудосы"
	},
	"KZT": {
		"name": "Казахстан тәңкәсе"
	},
	"KYD": {
		"name": "Кайман утраулары доллары"
	},
	"KHR": {
		"name": "Камбоджа риелы"
	},
	"CAD": {
		"name": "Канада доллары",
		"symbol": "CA$"
	},
	"QAR": {
		"name": "Катар риалы"
	},
	"KES": {
		"name": "Кения шиллингы"
	},
	"KGS": {
		"name": "Ккргызстан сомы"
	},
	"COP": {
		"name": "Колумбия песосы"
	},
	"KMF": {
		"name": "Комор утраулары франкы"
	},
	"CDF": {
		"name": "Конголез франкы"
	},
	"CRC": {
		"name": "Коста-Рика колоны"
	},
	"XOF": {
		"name": "Көнбатыш Африка КФА франкы",
		"symbol": "F CFA"
	},
	"XCD": {
		"name": "Көнчыгыш Кариб доллары",
		"symbol": "EC$"
	},
	"ZAR": {
		"name": "Көньяк Африка Рэнды"
	},
	"KRW": {
		"name": "Көньяк Корея Вонасы",
		"symbol": "₩"
	},
	"SSP": {
		"name": "Көньяк Судан фунты"
	},
	"CUP": {
		"name": "Куба песосы"
	},
	"KWD": {
		"name": "Кувейт динары"
	},
	"CNY": {
		"name": "кытай юане",
		"symbol": "CN¥"
	},
	"LAK": {
		"name": "Лаос кипы"
	},
	"LSL": {
		"name": "Лесото лотисы"
	},
	"LRD": {
		"name": "Либерия доллары"
	},
	"LBP": {
		"name": "Ливан фунты"
	},
	"LYD": {
		"name": "Ливия динары"
	},
	"MUR": {
		"name": "Маврикий рупие"
	},
	"MRU": {
		"name": "Мавритан угиясы"
	},
	"MOP": {
		"name": "Макао патакы"
	},
	"MKD": {
		"name": "Македония денары"
	},
	"MWK": {
		"name": "Малавия квачие"
	},
	"MGA": {
		"name": "Малагаси ариариясе"
	},
	"MYR": {
		"name": "Малайзия ринггиты"
	},
	"MVR": {
		"name": "Мальдив руфиясе"
	},
	"MAD": {
		"name": "Марокко дирхамы"
	},
	"MXN": {
		"name": "Мексика песосы",
		"symbol": "MX$"
	},
	"EGP": {
		"name": "Мисыр фунты"
	},
	"MZN": {
		"name": "Мозамбик метикалы"
	},
	"MDL": {
		"name": "Молдавия Лее"
	},
	"MNT": {
		"name": "Монголия тугрикы"
	},
	"MMK": {
		"name": "Мьянма кьяты"
	},
	"NAD": {
		"name": "Намибия доллары"
	},
	"NPR": {
		"name": "Непал рупиясе"
	},
	"NGN": {
		"name": "Нигерия найрасы"
	},
	"NIO": {
		"name": "Никарагуа кордовасы"
	},
	"NOK": {
		"name": "Норвегия Кронасы"
	},
	"OMR": {
		"name": "Оман риалы"
	},
	"PKR": {
		"name": "Пакистан рупиясе"
	},
	"PAB": {
		"name": "Панама бальбоасы"
	},
	"PGK": {
		"name": "Папуа Яңа Гвинея Кинасы"
	},
	"PYG": {
		"name": "Парагвай гуаранисы"
	},
	"PEN": {
		"name": "Перу солы"
	},
	"PLN": {
		"name": "Польша злотые"
	},
	"RUB": {
		"name": "Россия сумы",
		"symbol": "₽"
	},
	"RWF": {
		"name": "Руанда франкы"
	},
	"RON": {
		"name": "Румыния Лее"
	},
	"WST": {
		"name": "Самоа Таласы"
	},
	"STN": {
		"name": "Сан-Томе һәм Принсипи добрасы"
	},
	"SZL": {
		"name": "Свази эмалангенисы"
	},
	"SCR": {
		"name": "Сейшел утраулары рупиясы"
	},
	"RSD": {
		"name": "Сербия динары"
	},
	"SGD": {
		"name": "Сингапур доллары"
	},
	"SAR": {
		"name": "Согуд Гарәбстаны риалы"
	},
	"SBD": {
		"name": "Соломон утраулары доллары"
	},
	"SOS": {
		"name": "Сомали шиллингы"
	},
	"SDG": {
		"name": "Судан фунты"
	},
	"SRD": {
		"name": "Суринам доллары"
	},
	"SYP": {
		"name": "Сурия фунты"
	},
	"SLE": {
		"name": "Сьерра-Леон леоны"
	},
	"TJS": {
		"name": "Таҗикстан сомонисы"
	},
	"THB": {
		"name": "Тайвань Баты"
	},
	"TZS": {
		"name": "Танзания шиллингы"
	},
	"TOP": {
		"name": "Тонга Паангасы"
	},
	"KPW": {
		"name": "Төньяк Корея Вонасы"
	},
	"TRY": {
		"name": "Төркия Лирасы"
	},
	"TMT": {
		"name": "Төркмәнстан Манаты"
	},
	"TTD": {
		"name": "Тринидад һәм Тобаго доллары"
	},
	"TND": {
		"name": "Тунис динары"
	},
	"UGX": {
		"name": "Уганда шиллингы"
	},
	"UAH": {
		"name": "Украина гривнасы"
	},
	"UYU": {
		"name": "Уругвай песосы"
	},
	"XAF": {
		"name": "Үзәк Африка франкы КФА",
		"symbol": "FCFA"
	},
	"UZS": {
		"name": "Үзбәкстан Сомы"
	},
	"FJD": {
		"name": "Фиджи доллары"
	},
	"PHP": {
		"name": "Филиппин песосы",
		"symbol": "₱"
	},
	"FKP": {
		"name": "Фолкленд утраулары фунты"
	},
	"XPF": {
		"name": "Франциянең диңгез аръягы җәмгыятьләре франкы",
		"symbol": "CFPF"
	},
	"GBP": {
		"name": "фунт стерлинг",
		"symbol": "£"
	},
	"CZK": {
		"name": "Чех кронасы"
	},
	"CLP": {
		"name": "Чили песосы"
	},
	"CHF": {
		"name": "Швейцария франкы"
	},
	"SEK": {
		"name": "Швеция Кронасы"
	},
	"LKR": {
		"name": "Шри-Ланка рупиясе"
	},
	"ERN": {
		"name": "Эритрея накфасы"
	},
	"ETB": {
		"name": "Эфиопия быры"
	},
	"JMD": {
		"name": "Ямайка доллары"
	},
	"NZD": {
		"name": "Яңа Зеландия доллары",
		"symbol": "NZ$"
	},
	"TWD": {
		"name": "Яңа Тайвань доллары",
		"symbol": "NT$"
	},
	"JPY": {
		"name": "япон иенасы",
		"symbol": "JP¥"
	}
}