{
	"AFN": {
		"name": "Afghan Afghani"
	},
	"AOA": {
		"name": "Angolan Kwanza"
	},
	"AMD": {
		"name": "Armenian Dram"
	},
	"AUD": {
		"name": "Australian Dollar",
		"symbol": "A$"
	},
	"AZN": {
		"name": "Azerbaijani Manat"
	},
	"BDT": {
		"name": "Bangladeshi Taka"
	},
	"BAM": {
		"name": "Bosnia-Herzegovina Convertible Mark"
	},
	"BWP": {
		"name": "Botswanan Pula"
	},
	"BND": {
		"name": "Brunei Dollar"
	},
	"KHR": {
		"name": "Cambodian Riel"
	},
	"XCG": {
		"name": "Caribbean guilder",
		"symbol": "Cg."
	},
	"XAF": {
		"name": "Central African CFA Franc",
		"symbol": "FCFA"
	},
	"XPF": {
		"name": "CFP Franc",
		"symbol": "CFPF"
	},
	"KMF": {
		"name": "Comorian Franc"
	},
	"CZK": {
		"name": "Czech Koruna"
	},
	"DKK": {
		"name": "Danish Krone"
	},
	"FJD": {
		"name": "Fijian Dollar"
	},
	"GEL": {
		"name": "Georgian Lari"
	},
	"GHS": {
		"name": "Ghanaian Cedi"
	},
	"GIP": {
		"name": "Gibraltar Pound"
	},
	"GNF": {
		"name": "Guinean Franc"
	},
	"HKD": {
		"name": "Hong Kong Dollar",
		"symbol": "HK$"
	},
	"HUF": {
		"name": "Hungarian Forint"
	},
	"ISK": {
		"name": "Icelandic Króna"
	},
	"IDR": {
		"name": "Indonesian Rupiah"
	},
	"ILS": {
		"name": "Israeli New Shekel",
		"symbol": "₪"
	},
	"KZT": {
		"name": "Kazakhstani Tenge"
	},
	"KGS": {
		"name": "Kyrgystani Som"
	},
	"LAK": {
		"name": "Laotian Kip"
	},
	"LBP": {
		"name": "Lebanese Pound"
	},
	"LRD": {
		"name": "Liberian Dollar"
	},
	"MGA": {
		"name": "Malagasy Ariary"
	},
	"MYR": {
		"name": "Malaysian Ringgit"
	},
	"MUR": {
		"name": "Mauritian Rupee"
	},
	"MNT": {
		"name": "Mongolian Tugrik"
	},
	"MMK": {
		"name": "Myanmar Kyat"
	},
	"NAD": {
		"name": "Namibian Dollar"
	},
	"NPR": {
		"name": "Nepalese Rupee"
	},
	"TWD": {
		"name": "New Taiwan Dollar",
		"symbol": "NT$"
	},
	"NZD": {
		"name": "New Zealand Dollar",
		"symbol": "NZ$"
	},
	"NGN": {
		"name": "Nigerian Naira"
	},
	"KPW": {
		"name": "North Korean Won"
	},
	"NOK": {
		"name": "Norwegian Krone"
	},
	"PKR": {
		"name": "Pakistani Rupee"
	},
	"PHP": {
		"name": "Philippine Peso",
		"symbol": "₱"
	},
	"PLN": {
		"name": "Polish Zloty"
	},
	"RON": {
		"name": "Romanian Leu"
	},
	"RWF": {
		"name": "Rwandan Franc"
	},
	"STN": {
		"name": "São Tomé & Príncipe Dobra"
	},
	"SGD": {
		"name": "Singapore Dollar"
	},
	"SBD": {
		"name": "Solomon Islands Dollar"
	},
	"ZAR": {
		"name": "South African Rand"
	},
	"KRW": {
		"name": "South Korean Won",
		"symbol": "₩"
	},
	"SSP": {
		"name": "South Sudanese Pound"
	},
	"LKR": {
		"name": "Sri Lankan Rupee"
	},
	"SHP": {
		"name": "St. Helena Pound"
	},
	"SEK": {
		"name": "Swedish Krona"
	},
	"SYP": {
		"name": "Syrian Pound"
	},
	"THB": {
		"name": "Thai Baht",
		"symbol": "฿"
	},
	"TOP": {
		"name": "Tongan Paʻanga"
	},
	"TRY": {
		"name": "Turkish Lira"
	},
	"UAH": {
		"name": "Ukrainian Hryvnia"
	},
	"VND": {
		"name": "Vietnamese Dong",
		"symbol": "₫"
	},
	"XOF": {
		"name": "West African CFA Franc",
		"symbol": "F CFA"
	},
	"ZMW": {
		"name": "Zambian Kwacha"
	},
	"USD": {
		"name": "АҚШ доллари",
		"symbol": "US$"
	},
	"ARS": {
		"name": "Аргентина песоси"
	},
	"AWG": {
		"name": "Аруба флорини"
	},
	"BSD": {
		"name": "Багама доллари"
	},
	"BBD": {
		"name": "Барбадос доллари"
	},
	"BZD": {
		"name": "Белиз доллари"
	},
	"BMD": {
		"name": "Бермуда доллари"
	},
	"BOB": {
		"name": "Боливия болвиани"
	},
	"BRL": {
		"name": "Бразил реали",
		"symbol": "R$"
	},
	"VES": {
		"name": "Венесуэла боливари"
	},
	"HTG": {
		"name": "Гаити гурдаси"
	},
	"GYD": {
		"name": "Гаяна доллари"
	},
	"GTQ": {
		"name": "Гватемала кветзали"
	},
	"HNL": {
		"name": "Гондурас лемпираси"
	},
	"DOP": {
		"name": "Доминикан песоси"
	},
	"EUR": {
		"name": "Евро",
		"symbol": "€"
	},
	"DZD": {
		"name": "Жазоир динори"
	},
	"GBP": {
		"name": "Инглиз фунт",
		"symbol": "£"
	},
	"KYD": {
		"name": "Кайман ороли Доллари"
	},
	"CAD": {
		"name": "Канада доллари",
		"symbol": "CA$"
	},
	"COP": {
		"name": "Колумбия песоси"
	},
	"CRC": {
		"name": "Коста-Рика колони"
	},
	"CUP": {
		"name": "Куба песоси"
	},
	"LYD": {
		"name": "Ливия динори"
	},
	"MAD": {
		"name": "Марокаш дирҳами"
	},
	"MXN": {
		"name": "Мексика песоси",
		"symbol": "MX$"
	},
	"EGP": {
		"name": "Миср фунти"
	},
	"NIO": {
		"name": "Никарагуа кордобаси"
	},
	"PAB": {
		"name": "Панама бальбоаси"
	},
	"PYG": {
		"name": "Парагвай гуарани"
	},
	"PEN": {
		"name": "Перу сол"
	},
	"RUB": {
		"name": "Рус рубли"
	},
	"SRD": {
		"name": "Суринам доллари"
	},
	"TTD": {
		"name": "Тринидад ва Тобаго доллари"
	},
	"UZS": {
		"name": "Ўзбекистон сўм",
		"symbol": "сўм"
	},
	"UYU": {
		"name": "Уругвай песоси"
	},
	"FKP": {
		"name": "Фолькленд ороли фунти"
	},
	"CNY": {
		"name": "Хитой юани",
		"symbol": "CN¥"
	},
	"INR": {
		"name": "Ҳинд рупияси",
		"symbol": "₹"
	},
	"CLP": {
		"name": "Чили песоси"
	},
	"XCD": {
		"name": "Шарқий Кариб доллари",
		"symbol": "EC$"
	},
	"JMD": {
		"name": "Ямайка доллари"
	},
	"JPY": {
		"name": "Япон йенаси",
		"symbol": "JP¥"
	}
}