{
	"AFN": {
		"name": "afgan afghanistan"
	},
	"MGA": {
		"name": "ariari malgaso"
	},
	"PAB": {
		"name": "balbòa panameze"
	},
	"THB": {
		"name": "bat tailandeze"
	},
	"ETB": {
		"name": "bir etiòpego"
	},
	"VES": {
		"name": "bolìvar venesuelan"
	},
	"BOB": {
		"name": "bolivian"
	},
	"XCG": {
		"name": "Caribbean guilder",
		"symbol": "Cg."
	},
	"GHS": {
		"name": "cedi ganeze"
	},
	"CRC": {
		"name": "colonbo costarican"
	},
	"NIO": {
		"name": "còrdoba nicaragueze"
	},
	"CZK": {
		"name": "corona ceca"
	},
	"DKK": {
		"name": "corona daneze"
	},
	"ISK": {
		"name": "corona izlandeze"
	},
	"NOK": {
		"name": "corona norvejeze"
	},
	"SEK": {
		"name": "corona zvedeze"
	},
	"GMD": {
		"name": "dalaso ganbian"
	},
	"DZD": {
		"name": "dìnaro aljerin"
	},
	"BHD": {
		"name": "dìnaro bareineze"
	},
	"IQD": {
		"name": "dìnaro irachen"
	},
	"JOD": {
		"name": "dìnaro jordanian"
	},
	"KWD": {
		"name": "dìnaro kuwaitian"
	},
	"LYD": {
		"name": "dìnaro lìbego"
	},
	"MKD": {
		"name": "dìnaro masèdone"
	},
	"RSD": {
		"name": "dìnaro serbo"
	},
	"TND": {
		"name": "dìnaro tunizin"
	},
	"AED": {
		"name": "dirham de i Emirài Àrabi Unìi"
	},
	"MAD": {
		"name": "dirham marochin"
	},
	"STN": {
		"name": "dobra de S. Tomazo e Prìnsipe"
	},
	"AUD": {
		"name": "dòlaro australian"
	},
	"BSD": {
		"name": "dòlaro bahameze"
	},
	"BBD": {
		"name": "dòlaro barbadeze"
	},
	"BZD": {
		"name": "dòlaro belizeneze"
	},
	"BMD": {
		"name": "dòlaro bermudeze"
	},
	"BND": {
		"name": "dòlaro bruneian"
	},
	"KYD": {
		"name": "dòlaro caimaneze"
	},
	"CAD": {
		"name": "dòlaro canadeze"
	},
	"XCD": {
		"name": "dòlaro caraìbego"
	},
	"TTD": {
		"name": "dòlaro de Trinidà e Tabaco"
	},
	"FJD": {
		"name": "dòlaro fijian"
	},
	"GYD": {
		"name": "dòlaro guyaneze"
	},
	"HKD": {
		"name": "dòlaro hongkongeze"
	},
	"JMD": {
		"name": "dòlaro jamaegan"
	},
	"LRD": {
		"name": "dòlaro liberian"
	},
	"USD": {
		"name": "dòlaro meregan"
	},
	"NAD": {
		"name": "dòlaro namibian"
	},
	"NZD": {
		"name": "dòlaro neozelandeze"
	},
	"SBD": {
		"name": "dòlaro salomoneze"
	},
	"SGD": {
		"name": "dòlaro singaporian"
	},
	"SRD": {
		"name": "dòlaro surinameze"
	},
	"VND": {
		"name": "dong vietnameze"
	},
	"AMD": {
		"name": "dram armen"
	},
	"EUR": {
		"name": "euro"
	},
	"AWG": {
		"name": "fiorin arubaneze"
	},
	"HUF": {
		"name": "fiorin ongareze"
	},
	"BIF": {
		"name": "franco burundeze"
	},
	"XOF": {
		"name": "franco CFA de l’Àfrega osidentale"
	},
	"XAF": {
		"name": "franco CFA de l’Àfrega sentrale"
	},
	"XPF": {
		"name": "franco CFP"
	},
	"KMF": {
		"name": "franco comorian"
	},
	"CDF": {
		"name": "franco congoleze"
	},
	"GNF": {
		"name": "franco guinean"
	},
	"DJF": {
		"name": "franco jibutian"
	},
	"RWF": {
		"name": "franco ruandeze"
	},
	"CHF": {
		"name": "franco zvìsaro"
	},
	"HTG": {
		"name": "gordo haitian"
	},
	"UAH": {
		"name": "grivna ucraina"
	},
	"PYG": {
		"name": "guaranì paraguaian"
	},
	"BTN": {
		"name": "gultrum butaneze"
	},
	"MMK": {
		"name": "kiat birman"
	},
	"PGK": {
		"name": "kina papuaiana"
	},
	"LAK": {
		"name": "kip laosian"
	},
	"MWK": {
		"name": "kwacha malawian"
	},
	"ZMW": {
		"name": "kwacha zanbian"
	},
	"AOA": {
		"name": "kwanza angoleze"
	},
	"GEL": {
		"name": "lari jeorjan"
	},
	"ALL": {
		"name": "lek albaneze"
	},
	"HNL": {
		"name": "lenpira hondureze"
	},
	"SLE": {
		"name": "leon sierleoneze"
	},
	"MDL": {
		"name": "leu moldavo"
	},
	"RON": {
		"name": "leu romen"
	},
	"BGN": {
		"name": "lev bùlgaro"
	},
	"SZL": {
		"name": "lilangeni esuatin"
	},
	"TRY": {
		"name": "lira turca"
	},
	"LSL": {
		"name": "loti lezotian"
	},
	"AZN": {
		"name": "manat azerbaijan"
	},
	"TMT": {
		"name": "manat turkmenistan"
	},
	"BAM": {
		"name": "marco convertìbile de la Boznia e Erzegòvina"
	},
	"MZN": {
		"name": "metical mozanbigan"
	},
	"NGN": {
		"name": "naira nigeriana"
	},
	"ERN": {
		"name": "nakfa eritrèo"
	},
	"TWD": {
		"name": "novo dòlaro taiwaneze"
	},
	"ILS": {
		"name": "novo siglo izraelian"
	},
	"TOP": {
		"name": "paʻanga tongan"
	},
	"MOP": {
		"name": "pataca macaena"
	},
	"ARS": {
		"name": "pezos arjentin"
	},
	"CLP": {
		"name": "pezos cilen"
	},
	"COP": {
		"name": "pezos colonbian"
	},
	"CUP": {
		"name": "pezos cuban"
	},
	"DOP": {
		"name": "pezos domenegan"
	},
	"PHP": {
		"name": "pezos filipin"
	},
	"MXN": {
		"name": "pezos mesegan"
	},
	"UYU": {
		"name": "pezos uruguaian"
	},
	"BWP": {
		"name": "pula botzwaneze"
	},
	"GTQ": {
		"name": "quetzal guatemaleze"
	},
	"ZAR": {
		"name": "rand sudafregan"
	},
	"BRL": {
		"name": "real brazilian"
	},
	"KHR": {
		"name": "rial canbojan"
	},
	"QAR": {
		"name": "rial catarian"
	},
	"IRR": {
		"name": "rial iranian"
	},
	"OMR": {
		"name": "rial omaneze"
	},
	"SAR": {
		"name": "rial saudìo"
	},
	"YER": {
		"name": "rial yemenida"
	},
	"MYR": {
		"name": "ringit malezian"
	},
	"BYN": {
		"name": "rublo beloruso"
	},
	"RUB": {
		"name": "rublo ruso"
	},
	"INR": {
		"name": "rupìa indiana"
	},
	"IDR": {
		"name": "rupìa indoneziana"
	},
	"MVR": {
		"name": "rupìa maldiviana"
	},
	"MUR": {
		"name": "rupìa maurisiana"
	},
	"NPR": {
		"name": "rupìa nepaleze"
	},
	"PKR": {
		"name": "rupìa pakistana"
	},
	"SCR": {
		"name": "rupìa seiseleze"
	},
	"LKR": {
		"name": "rupìa srilankeze"
	},
	"CVE": {
		"name": "scudo caoverdian"
	},
	"KES": {
		"name": "selin kenian"
	},
	"SOS": {
		"name": "selin sòmalo"
	},
	"TZS": {
		"name": "selin tanzaneze"
	},
	"UGX": {
		"name": "selin ugandeze"
	},
	"PEN": {
		"name": "soles peruvian"
	},
	"KGS": {
		"name": "som kirghizistan"
	},
	"UZS": {
		"name": "som uzbekistan"
	},
	"TJS": {
		"name": "somoni tajikistan"
	},
	"SHP": {
		"name": "sterlina de Sant’Èlena"
	},
	"EGP": {
		"name": "sterlina ejisiana"
	},
	"GIP": {
		"name": "sterlina gibilterana"
	},
	"GBP": {
		"name": "sterlina ingleze"
	},
	"LBP": {
		"name": "sterlina libaneze"
	},
	"FKP": {
		"name": "sterlina malvineze"
	},
	"SYP": {
		"name": "sterlina siriana"
	},
	"SSP": {
		"name": "sterlina sud sudaneze"
	},
	"SDG": {
		"name": "sterlina sudaneze"
	},
	"BDT": {
		"name": "taka bangladeze"
	},
	"WST": {
		"name": "tala samoan"
	},
	"KZT": {
		"name": "tenge kazakistan"
	},
	"MNT": {
		"name": "tugrik móngolo"
	},
	"MRU": {
		"name": "ughija mauritan"
	},
	"VUV": {
		"name": "vatu vanuatian"
	},
	"KPW": {
		"name": "won nordcorean"
	},
	"KRW": {
		"name": "won sudcorean"
	},
	"JPY": {
		"name": "yen japoneze"
	},
	"CNY": {
		"name": "yuan sineze"
	},
	"PLN": {
		"name": "zloty polaco"
	}
}