{
	"AWG": {
		"name": "Aruban Florin"
	},
	"BSD": {
		"name": "Bahamian Dollar"
	},
	"BBD": {
		"name": "Barbadian Dollar"
	},
	"BZD": {
		"name": "Belize Dollar"
	},
	"BMD": {
		"name": "Bermudan Dollar"
	},
	"CAD": {
		"name": "Canadian Dollar",
		"symbol": "CA$"
	},
	"CVE": {
		"name": "Cape Verdean Escudo"
	},
	"XCG": {
		"name": "Caribbean guilder",
		"symbol": "Cg."
	},
	"KYD": {
		"name": "Cayman Islands Dollar"
	},
	"CRC": {
		"name": "Costa Rican Colón"
	},
	"CUP": {
		"name": "Cuban Peso"
	},
	"DOP": {
		"name": "Dominican Peso"
	},
	"XCD": {
		"name": "East Caribbean Dollar",
		"symbol": "EC$"
	},
	"GTQ": {
		"name": "Guatemalan Quetzal"
	},
	"HTG": {
		"name": "Haitian Gourde"
	},
	"HNL": {
		"name": "Honduran Lempira"
	},
	"AFN": {
		"name": "I-Afghani yase-Afghanistan"
	},
	"MGA": {
		"name": "I-Ariary yaseMadagascar"
	},
	"THB": {
		"name": "I-Baht yaseThailand"
	},
	"ETB": {
		"name": "I-Birr yase-Ethopia"
	},
	"VES": {
		"name": "I-Bolívar yaseVenezuela"
	},
	"BOB": {
		"name": "I-Boliviano yaseBolivia"
	},
	"BAM": {
		"name": "I-Convertible Mark yaseBosnia-Herzegovina"
	},
	"DZD": {
		"name": "I-Dinar yase-Algeria"
	},
	"IQD": {
		"name": "I-Dinar yase-Iraq"
	},
	"BHD": {
		"name": "I-Dinar yaseBahrain"
	},
	"JOD": {
		"name": "I-Dinar yaseJordan"
	},
	"KWD": {
		"name": "I-Dinar yaseKuwait"
	},
	"RSD": {
		"name": "I-Dinar yaseSerbia"
	},
	"AED": {
		"name": "I-Dirham yase-UAE"
	},
	"VND": {
		"name": "I-Dong yaseVietnam",
		"symbol": "₫"
	},
	"AMD": {
		"name": "I-Dram yase Armenia"
	},
	"EUR": {
		"name": "I-Euro",
		"symbol": "€"
	},
	"HUF": {
		"name": "I-Forint yaseHungay"
	},
	"BIF": {
		"name": "I-Franc yaseBurundi"
	},
	"XPF": {
		"name": "I-Franc yaseCFP",
		"symbol": "CFPF"
	},
	"KMF": {
		"name": "I-Franc yaseComoros"
	},
	"DJF": {
		"name": "I-Franc yaseDjibouti"
	},
	"RWF": {
		"name": "I-Franc yaseRwanda"
	},
	"PYG": {
		"name": "I-Guarani yaseParaguay"
	},
	"UAH": {
		"name": "I-Hryvnia yase-Ukraine"
	},
	"PGK": {
		"name": "I-Kina yasePapua New Guinea"
	},
	"LAK": {
		"name": "I-Kip yaseLaos"
	},
	"CZK": {
		"name": "I-Koruna yaseCzech"
	},
	"DKK": {
		"name": "I-Krone yaseDenmark"
	},
	"MWK": {
		"name": "I-Kwacha yaseMalawi"
	},
	"ZMW": {
		"name": "I-Kwacha yaseZambi"
	},
	"MMK": {
		"name": "I-Kyat yaseMyanmar"
	},
	"GEL": {
		"name": "I-Lari yaseGeorgia"
	},
	"ALL": {
		"name": "I-Lek yase-Albania"
	},
	"RON": {
		"name": "I-Leu yaseRomania"
	},
	"BGN": {
		"name": "I-Lev yaseBulgaria"
	},
	"SZL": {
		"name": "I-Lilangeni yase-Eswatini"
	},
	"TRY": {
		"name": "I-Lira yaseTurkey"
	},
	"SLE": {
		"name": "I-Loeone yaseSierra Leone"
	},
	"LSL": {
		"name": "I-Loti yaseLesotho"
	},
	"AZN": {
		"name": "I-Manat yase-Azerbeijan"
	},
	"TMT": {
		"name": "I-Manat yaseTurkmenistan"
	},
	"MZN": {
		"name": "I-Metical yaseMozambique"
	},
	"ERN": {
		"name": "I-Nakfa yase-Eritria"
	},
	"ILS": {
		"name": "I-New Shekel yase-Israel",
		"symbol": "₪"
	},
	"BTN": {
		"name": "I-Ngultrum yaseBhutan"
	},
	"MRU": {
		"name": "I-Ouguiya yaseMauritania"
	},
	"TOP": {
		"name": "I-Paʻanga yaseTonga"
	},
	"MOP": {
		"name": "I-Pataca yaseMacao"
	},
	"UYU": {
		"name": "I-Peso yase-Uruguay"
	},
	"CLP": {
		"name": "I-Peso yaseChile"
	},
	"COP": {
		"name": "I-Peso yaseColombia"
	},
	"PHP": {
		"name": "I-Peso yasePhilippines",
		"symbol": "₱"
	},
	"BWP": {
		"name": "I-Pula yaseBotswana"
	},
	"BRL": {
		"name": "I-Real yaseBrazil",
		"symbol": "R$"
	},
	"IRR": {
		"name": "I-Rial yase-Iran"
	},
	"OMR": {
		"name": "I-Rial yase-Oman"
	},
	"YER": {
		"name": "I-Rial yaseYemen"
	},
	"KHR": {
		"name": "I-Riel yaseCambodia"
	},
	"MYR": {
		"name": "I-Ringgit yaseMalysia"
	},
	"QAR": {
		"name": "I-Riyal yaseQatar"
	},
	"SAR": {
		"name": "I-Riyal yaseSaudi"
	},
	"BYN": {
		"name": "I-Ruble yaseBelarus"
	},
	"RUB": {
		"name": "I-Ruble yaseRashiya"
	},
	"MVR": {
		"name": "I-Rufiyaa yaseMaldives"
	},
	"INR": {
		"name": "I-Rupee yase-Indiya",
		"symbol": "₹"
	},
	"MUR": {
		"name": "I-Rupee yaseMauritius"
	},
	"NPR": {
		"name": "I-Rupee yaseNepal"
	},
	"PKR": {
		"name": "I-Rupee yasePakistan"
	},
	"SCR": {
		"name": "I-Rupee yaseSeychelles"
	},
	"LKR": {
		"name": "I-Rupee yaseSri Lanka"
	},
	"IDR": {
		"name": "I-Rupiah yase-Indonesia"
	},
	"UGX": {
		"name": "I-Shilling yase-Uganda"
	},
	"KES": {
		"name": "I-Shilling yaseKenya"
	},
	"SOS": {
		"name": "I-Shilling yaseSomalia"
	},
	"TZS": {
		"name": "I-Shilling yaseTanzania"
	},
	"PEN": {
		"name": "I-Sol yasePeruvia"
	},
	"UZS": {
		"name": "I-Som yase-Uzbekistan"
	},
	"KGS": {
		"name": "I-Som yaseKyrgystan"
	},
	"TJS": {
		"name": "I-Somoni yaseTajikistan"
	},
	"BDT": {
		"name": "I-Taka yaseBangladesh"
	},
	"WST": {
		"name": "I-Tala yaseSamoa"
	},
	"KZT": {
		"name": "I-Tenge yaseKhazakhstan"
	},
	"MNT": {
		"name": "I-Tugrik yaseMongolia"
	},
	"VUV": {
		"name": "I-Vatu yaseVanuatu"
	},
	"KPW": {
		"name": "I-Won yaseNorth Korea"
	},
	"KRW": {
		"name": "I-Won yaseSouth Korea",
		"symbol": "₩"
	},
	"JPY": {
		"name": "I-Yen yaseJapan",
		"symbol": "¥"
	},
	"CNY": {
		"name": "I-Yuan yaseTshayina",
		"symbol": "CN¥"
	},
	"GHS": {
		"name": "ICedi yaseGhana"
	},
	"XAF": {
		"name": "ICFA Franc yaseCentral Africa",
		"symbol": "FCFA"
	},
	"XOF": {
		"name": "ICFA Franc yaseWest Africa",
		"symbol": "F CFA"
	},
	"GMD": {
		"name": "IDalasi yaseGambia"
	},
	"STN": {
		"name": "IDobra yaseSão Tomé & Príncipe"
	},
	"AUD": {
		"name": "IDola yase-Australia",
		"symbol": "A$"
	},
	"BND": {
		"name": "IDola yaseBrunei"
	},
	"FJD": {
		"name": "IDola yaseFiji"
	},
	"GYD": {
		"name": "IDola yaseGuyana"
	},
	"HKD": {
		"name": "IDola yaseHong Kong",
		"symbol": "HK$"
	},
	"LRD": {
		"name": "IDola yaseLiberia"
	},
	"NAD": {
		"name": "IDola yaseNamibia"
	},
	"TWD": {
		"name": "IDola yaseNew Taiwan",
		"symbol": "NT$"
	},
	"NZD": {
		"name": "IDola yaseNew Zealand",
		"symbol": "NZ$"
	},
	"SGD": {
		"name": "IDola yaseSingapore"
	},
	"SBD": {
		"name": "IDola yaseSolomon Islands"
	},
	"SRD": {
		"name": "IDola yaseSuriname"
	},
	"CDF": {
		"name": "IFranc yaseCongo"
	},
	"GNF": {
		"name": "IFranc yaseGuinea"
	},
	"CHF": {
		"name": "IFranc yaseSwirtzeland"
	},
	"ISK": {
		"name": "IKróna yaseIceland"
	},
	"SEK": {
		"name": "IKrona yaseSweden"
	},
	"NOK": {
		"name": "IKrone yaseNorway"
	},
	"AOA": {
		"name": "IKwanza yaseAngola"
	},
	"NGN": {
		"name": "INaira yaseNigeria"
	},
	"ARS": {
		"name": "IPeso yase-Argentina"
	},
	"EGP": {
		"name": "IPonti yase-Egypt"
	},
	"GBP": {
		"name": "IPonti yaseBritane",
		"symbol": "£"
	},
	"FKP": {
		"name": "IPonti yaseFalkland Islands"
	},
	"GIP": {
		"name": "IPonti yaseGilbraltar"
	},
	"LBP": {
		"name": "IPonti yaseLebanon"
	},
	"SYP": {
		"name": "IPonti yaseSiriya"
	},
	"SSP": {
		"name": "IPonti yaseSouth Sudan"
	},
	"SHP": {
		"name": "IPonti yaseSt. Helena"
	},
	"ZAR": {
		"name": "IRandi yaseMzantsi Afrika",
		"symbol": "R"
	},
	"JMD": {
		"name": "Jamaican Dollar"
	},
	"LYD": {
		"name": "Libyan Dinar"
	},
	"MKD": {
		"name": "Macedonian Denar"
	},
	"MXN": {
		"name": "Mexican Peso",
		"symbol": "MX$"
	},
	"MDL": {
		"name": "Moldovan Leu"
	},
	"MAD": {
		"name": "Moroccan Dirham"
	},
	"NIO": {
		"name": "Nicaraguan Córdoba"
	},
	"PAB": {
		"name": "Panamanian Balboa"
	},
	"PLN": {
		"name": "Polish Zloty"
	},
	"SDG": {
		"name": "Sudanese Pound"
	},
	"TTD": {
		"name": "Trinidad & Tobago Dollar"
	},
	"TND": {
		"name": "Tunisian Dinar"
	},
	"USD": {
		"name": "US Dollar",
		"symbol": "$"
	}
}