{
	"XPF": {
		"name": "[CFP] फ़्रैंक",
		"symbol": "CFPF"
	},
	"XCG": {
		"name": "Caribbean guilder",
		"symbol": "Cg."
	},
	"AOA": {
		"name": "अंगोला दा क्वांज़ा"
	},
	"AZN": {
		"name": "अज़रबैजान दा मैनेट"
	},
	"AFN": {
		"name": "अफ़गान दा अफ़गानी"
	},
	"AWG": {
		"name": "अरूबा दा फ़्लोरिन"
	},
	"ARS": {
		"name": "अर्जेंटीनी दा पेसो"
	},
	"DZD": {
		"name": "अल्जीरिया दा दिनार"
	},
	"ALL": {
		"name": "अल्बानिया दा लेक"
	},
	"AUD": {
		"name": "अस्ट्रेलिया दा डॉलर",
		"symbol": "A$"
	},
	"ISK": {
		"name": "आइसलैंडे दा क्रोना"
	},
	"AMD": {
		"name": "आर्मेनिया दा द्राम"
	},
	"ILS": {
		"name": "इज़राइली न्यू शेकेल",
		"symbol": "₪"
	},
	"IDR": {
		"name": "इंडोनेशिया दा रुपिया"
	},
	"ETB": {
		"name": "इथियोपिया दा बिर"
	},
	"IQD": {
		"name": "इराके दिनार"
	},
	"ERN": {
		"name": "इरीट्रिया दा नाक्फ़ा"
	},
	"IRR": {
		"name": "ईराने दा रियाल"
	},
	"UZS": {
		"name": "उज़्बेकिस्ताने दा सोम"
	},
	"KPW": {
		"name": "उत्तर कोरिया दा वॉन"
	},
	"UYU": {
		"name": "उरुग्विया दा पेसो"
	},
	"OMR": {
		"name": "ओमानी दा रियाल"
	},
	"KZT": {
		"name": "कज़ाखिस्ताने दा टेंज़"
	},
	"AED": {
		"name": "कट्ठा अरब अमीरात दा दिराम"
	},
	"QAR": {
		"name": "क़तरी दा रियाल"
	},
	"CAD": {
		"name": "कनेडा दा डॉलर",
		"symbol": "CA$"
	},
	"KHR": {
		"name": "कंबोडिया दा रियाल"
	},
	"KGS": {
		"name": "किर्गिस्ताने दा सोम"
	},
	"KWD": {
		"name": "कुवैते दा दिनार"
	},
	"XAF": {
		"name": "केंद्रीय अफ़्रीका दा CFA फ़्रैंक",
		"symbol": "FCFA"
	},
	"KES": {
		"name": "केन्या दा शिलिंग"
	},
	"CVE": {
		"name": "केप वर्ड एस्कूडो"
	},
	"KYD": {
		"name": "कैमेन टापुआं दे झुंडे दा डॉलर"
	},
	"CDF": {
		"name": "कोंगोली फ़्रैंक"
	},
	"KMF": {
		"name": "कोमोरिया दा फ़्रैंक"
	},
	"COP": {
		"name": "कोलंबिया दा पेसो"
	},
	"CRC": {
		"name": "कोस्टा रिका कोलोन"
	},
	"CUP": {
		"name": "क्यूबा दा पेसो"
	},
	"GYD": {
		"name": "गयाना दा डॉलर"
	},
	"GNF": {
		"name": "गिनाया दा फ़्रैंक"
	},
	"GMD": {
		"name": "गैंबिया दा डलासी"
	},
	"GTQ": {
		"name": "ग्वाटेमाला दा क्वेटज़ल"
	},
	"GHS": {
		"name": "घाना दा सेडी"
	},
	"CLP": {
		"name": "चिली पेसो"
	},
	"CNY": {
		"name": "चीनी युआन",
		"symbol": "CN¥"
	},
	"CZK": {
		"name": "चेक गणराज्य कोरुना"
	},
	"JPY": {
		"name": "जपाने दा येन",
		"symbol": "JP¥"
	},
	"JMD": {
		"name": "जमैका दा डॉलर"
	},
	"ZMW": {
		"name": "ज़ाम्बिया दा क्वाचा"
	},
	"DJF": {
		"name": "जिबूती दा फ़्रैंक"
	},
	"GIP": {
		"name": "जिब्राल्टरे दा पाउंड"
	},
	"GEL": {
		"name": "जॉर्जिया दा लारी"
	},
	"JOD": {
		"name": "जॉर्डनिया दा दिनार"
	},
	"TOP": {
		"name": "टोंगे दा पांगा"
	},
	"TND": {
		"name": "ट्यूनीशिया दा दिनार"
	},
	"DOP": {
		"name": "डैनमार्के दा पेसो"
	},
	"DKK": {
		"name": "डैनिश क्रोन"
	},
	"TZS": {
		"name": "तंज़ानिया दा शिलिंग"
	},
	"TJS": {
		"name": "ताजिकिस्ताने दा सोमोनी"
	},
	"TMT": {
		"name": "तुर्कमेनिस्ताने दा मैनत"
	},
	"TRY": {
		"name": "तुर्के दा लीरा"
	},
	"TTD": {
		"name": "त्रिनिदाद कने टोबैगो दा डॉलर"
	},
	"THB": {
		"name": "थाई बहत"
	},
	"ZAR": {
		"name": "दखण अफ़्रीका दा रैंड"
	},
	"KRW": {
		"name": "दखण कोरिया दा वॉन",
		"symbol": "₩"
	},
	"SSP": {
		"name": "दखण सूडाने दा पाउंड"
	},
	"NGN": {
		"name": "नाइजीरियाई दा नाइरा"
	},
	"NAD": {
		"name": "नामीबियाई दा डॉलर"
	},
	"NIO": {
		"name": "निकारागुअन दा कोरडोबा"
	},
	"NPR": {
		"name": "नेपाले दा रुपया"
	},
	"NOK": {
		"name": "नॉर्वेजियन दा क्रोन"
	},
	"TWD": {
		"name": "नोआ ताईवानी डॉलर",
		"symbol": "NT$"
	},
	"NZD": {
		"name": "न्यूज़ीलैंड दा डॉलर",
		"symbol": "NZ$"
	},
	"PAB": {
		"name": "पनामेनियन दा बैल्बोआ"
	},
	"XOF": {
		"name": "पश्चिमी अफ़्रीका दा CFA फ़्रैंक",
		"symbol": "F CFA"
	},
	"PKR": {
		"name": "पाकिस्ताने दा रुपया"
	},
	"PGK": {
		"name": "पापुआ नोआ गिनीयन किना"
	},
	"XCD": {
		"name": "पूर्वी कैरिबिया दा डॉलर",
		"symbol": "EC$"
	},
	"PEN": {
		"name": "पेरूवियन दा सोल"
	},
	"PYG": {
		"name": "पैराग्वियन दा गुआरानी"
	},
	"PLN": {
		"name": "पोलिश दा ज़्लॉटी"
	},
	"FJD": {
		"name": "फ़िजी डॉलर"
	},
	"PHP": {
		"name": "फ़िलिपीनी दा पेसो",
		"symbol": "₱"
	},
	"FKP": {
		"name": "फ़ॉकलैंड टापुआं दे झुंडे दे पाउंड"
	},
	"BMD": {
		"name": "बरमूडा दा डॉलर"
	},
	"BHD": {
		"name": "बहरेने दा दिनार"
	},
	"BSD": {
		"name": "बहामा दा डॉलर"
	},
	"BDT": {
		"name": "बांग्लादेशे दा टका"
	},
	"BBD": {
		"name": "बार्बेडिया दा डॉलर"
	},
	"BIF": {
		"name": "बुरूंडी दा फ़्रैंक"
	},
	"BGN": {
		"name": "बुल्गारिया दा लेव"
	},
	"BYN": {
		"name": "बेलारूस दा रूबल"
	},
	"BZD": {
		"name": "बेलीज़ दा डॉलर"
	},
	"BWP": {
		"name": "बोत्सवानियाई दा पुला"
	},
	"BOB": {
		"name": "बोलिविया दा बोलिवियानो"
	},
	"BAM": {
		"name": "बोस्निया हर्ज़ेगोविना बदलने जोगा मार्क"
	},
	"BRL": {
		"name": "ब्राज़ीले दा रियाल",
		"symbol": "R$"
	},
	"GBP": {
		"name": "ब्रिटिश पाउंड स्टर्लिंग",
		"symbol": "£"
	},
	"BND": {
		"name": "ब्रूने दे डॉलर"
	},
	"INR": {
		"name": "भारते दा रुपया",
		"symbol": "₹"
	},
	"BTN": {
		"name": "भूटाने दा नंगलट्रम"
	},
	"MNT": {
		"name": "मंगोलिया दा टगरिक"
	},
	"MYR": {
		"name": "मलेशियाई दा रिंगित"
	},
	"MUR": {
		"name": "मारिशियश दा रुपया"
	},
	"MVR": {
		"name": "मालदीवी दा रुफ़िया"
	},
	"MGA": {
		"name": "मालागासे दा आरियरी"
	},
	"MWK": {
		"name": "मालावियन दा क्वाचा"
	},
	"EGP": {
		"name": "मिस्र दा पाउंड"
	},
	"MOP": {
		"name": "मेकानी दा पाटाका"
	},
	"MXN": {
		"name": "मैक्सिकन दा पेसो",
		"symbol": "MX$"
	},
	"MKD": {
		"name": "मैसीडोनिया दा दिनार"
	},
	"MRU": {
		"name": "मॉरीटेनिया दा ओगुइया"
	},
	"MZN": {
		"name": "मोज़ाम्बिकन दा मेटिकल"
	},
	"MAD": {
		"name": "मोरक्को दा दिरहम"
	},
	"MDL": {
		"name": "मोल्डोवा दा लियू"
	},
	"MMK": {
		"name": "म्यांमार दा क्याट"
	},
	"YER": {
		"name": "यमने दा रियाल"
	},
	"UGX": {
		"name": "युगांडा दा शिलिंग"
	},
	"USD": {
		"name": "यूएस दा डॉलर",
		"symbol": "US$"
	},
	"UAH": {
		"name": "यूक्रेनिया दा रिव्निया"
	},
	"EUR": {
		"name": "यूरो",
		"symbol": "€"
	},
	"RWF": {
		"name": "रवांडा दा फ़्रैंक"
	},
	"RUB": {
		"name": "रूसे दा रूबल"
	},
	"RON": {
		"name": "रोमानिया दा ल्यू"
	},
	"LRD": {
		"name": "लाइबेरिया दा डॉलर"
	},
	"LAK": {
		"name": "लाओशिया दा किप"
	},
	"LYD": {
		"name": "लीबिया दा दिनार"
	},
	"LBP": {
		"name": "लेबनाने दा पाउंड"
	},
	"VUV": {
		"name": "वनुआतू दा वातू"
	},
	"VND": {
		"name": "वियतनामे दा डोंग",
		"symbol": "₫"
	},
	"VES": {
		"name": "वेनेज़ुएला दा बोलिवर"
	},
	"LKR": {
		"name": "श्रीलंका दा रुपया"
	},
	"SAR": {
		"name": "सउदी दा रियाल"
	},
	"WST": {
		"name": "समोआ दा ताला"
	},
	"RSD": {
		"name": "सर्बिया दा दिनार"
	},
	"STN": {
		"name": "साओ टोम कने प्रिंसिपे दा डोबरा"
	},
	"SLE": {
		"name": "सिएरा लियोनिया दा लियोन"
	},
	"SGD": {
		"name": "सिंगापुरे दा डॉलर"
	},
	"SYP": {
		"name": "सीरिया दा पाउंड"
	},
	"SDG": {
		"name": "सूडाने दा पाउंड"
	},
	"SRD": {
		"name": "सूरीनामे दा डॉलर"
	},
	"SHP": {
		"name": "सेंट हेलेना दा पाउंड"
	},
	"SCR": {
		"name": "सेशेल्सिया दा रुपया"
	},
	"SOS": {
		"name": "सोमाले दा शिलिंग"
	},
	"SBD": {
		"name": "सोलोमन टापुआं दे झुंडे दा डॉलर"
	},
	"SZL": {
		"name": "स्वाज़ी लिलांजेनी"
	},
	"CHF": {
		"name": "स्विस फ़्रैंक"
	},
	"SEK": {
		"name": "स्वीडेने दा क्रोना"
	},
	"HUF": {
		"name": "हंगेरिया दा फ़ोरिंट"
	},
	"HKD": {
		"name": "हाँगकाँगे दा डॉलर",
		"symbol": "HK$"
	},
	"HTG": {
		"name": "हैतिया दा गर्ड"
	},
	"HNL": {
		"name": "होंडुरे दा लेम्पिरा"
	}
}