{
	"AFN": {
		"name": "Afghan Afghani"
	},
	"ARS": {
		"name": "Argentine Peso"
	},
	"AMD": {
		"name": "Armenian Dram"
	},
	"AZN": {
		"name": "Azerbaijani Manat"
	},
	"BSD": {
		"name": "Bahamian Dollar"
	},
	"BDT": {
		"name": "Bangladeshi Taka"
	},
	"BBD": {
		"name": "Barbadian Dollar"
	},
	"BZD": {
		"name": "Belize Dollar"
	},
	"BMD": {
		"name": "Bermudan Dollar"
	},
	"ETB": {
		"name": "Biiru ya Esyopya"
	},
	"BOB": {
		"name": "Bolivian Boliviano"
	},
	"BAM": {
		"name": "Bosnia-Herzegovina Convertible Mark"
	},
	"BRL": {
		"name": "Brazilian Real",
		"symbol": "R$"
	},
	"BND": {
		"name": "Brunei Dollar"
	},
	"KHR": {
		"name": "Cambodian Riel"
	},
	"XCG": {
		"name": "Caribbean guilder",
		"symbol": "Cg."
	},
	"KYD": {
		"name": "Cayman Islands Dollar"
	},
	"XPF": {
		"name": "CFP Franc",
		"symbol": "CFPF"
	},
	"CLP": {
		"name": "Chilean Peso"
	},
	"COP": {
		"name": "Colombian Peso"
	},
	"CRC": {
		"name": "Costa Rican Colón"
	},
	"CUP": {
		"name": "Cuban Peso"
	},
	"CZK": {
		"name": "Czech Koruna"
	},
	"GMD": {
		"name": "Dalasi ya Gambya"
	},
	"DKK": {
		"name": "Danish Krone"
	},
	"SDG": {
		"name": "Dinaali ey’eSudaani"
	},
	"TND": {
		"name": "Dinaali ey’eTunizya"
	},
	"DZD": {
		"name": "Dinaali y’Aligerya"
	},
	"BHD": {
		"name": "Dinaali ya Baareeni"
	},
	"LYD": {
		"name": "Dinaali ya Libya"
	},
	"MAD": {
		"name": "Diraamu ey’eMoroko"
	},
	"AED": {
		"name": "Diraamu eya Emireeti"
	},
	"STN": {
		"name": "Dobura ey’eSantome ne Purincipe"
	},
	"DOP": {
		"name": "Dominican Peso"
	},
	"USD": {
		"name": "Doola ey’Amerika",
		"symbol": "US$"
	},
	"AUD": {
		"name": "Doola y’Awusiturelya",
		"symbol": "A$"
	},
	"CAD": {
		"name": "Doola ya Kanada",
		"symbol": "CA$"
	},
	"LRD": {
		"name": "Doola ya Liberya"
	},
	"XCD": {
		"name": "East Caribbean Dollar",
		"symbol": "EC$"
	},
	"CVE": {
		"name": "Esikudo ya Keepu Veredi"
	},
	"FKP": {
		"name": "Falkland Islands Pound"
	},
	"MGA": {
		"name": "Faranga ey’eMalagase"
	},
	"RWF": {
		"name": "Faranga ey’eRwanda"
	},
	"CHF": {
		"name": "Faranga ey’eSwitizirandi"
	},
	"BIF": {
		"name": "Faranga ya burundi"
	},
	"DJF": {
		"name": "Faranga ya Jjibuti"
	},
	"KMF": {
		"name": "Faranga ya Komoro"
	},
	"CDF": {
		"name": "Faranga ya Kongo"
	},
	"XOF": {
		"name": "Faranga yamu Afirika ya bugwanjuba",
		"symbol": "F CFA"
	},
	"XAF": {
		"name": "Faranga yamu Afirika ya wakati",
		"symbol": "FCFA"
	},
	"FJD": {
		"name": "Fijian Dollar"
	},
	"GEL": {
		"name": "Georgian Lari"
	},
	"GHS": {
		"name": "Ghanaian Cedi"
	},
	"GIP": {
		"name": "Gibraltar Pound"
	},
	"GTQ": {
		"name": "Guatemalan Quetzal"
	},
	"GNF": {
		"name": "Guinean Franc"
	},
	"GYD": {
		"name": "Guyanaese Dollar"
	},
	"HNL": {
		"name": "Honduran Lempira"
	},
	"HKD": {
		"name": "Hong Kong Dollar",
		"symbol": "HK$"
	},
	"HUF": {
		"name": "Hungarian Forint"
	},
	"ISK": {
		"name": "Icelandic Króna"
	},
	"IDR": {
		"name": "Indonesian Rupiah"
	},
	"ILS": {
		"name": "Israeli New Shekel",
		"symbol": "₪"
	},
	"JMD": {
		"name": "Jamaican Dollar"
	},
	"KZT": {
		"name": "Kazakhstani Tenge"
	},
	"MWK": {
		"name": "Kwaca ey’eMalawi"
	},
	"ZMW": {
		"name": "Kwaca ey’eZambya"
	},
	"AOA": {
		"name": "Kwanza y’Angola"
	},
	"KGS": {
		"name": "Kyrgystani Som"
	},
	"LAK": {
		"name": "Laotian Kip"
	},
	"LBP": {
		"name": "Lebanese Pound"
	},
	"SLE": {
		"name": "Lewone"
	},
	"SZL": {
		"name": "Lilangeni"
	},
	"LSL": {
		"name": "Loti ya Lesoso"
	},
	"MYR": {
		"name": "Malaysian Ringgit"
	},
	"MXN": {
		"name": "Mexican Peso",
		"symbol": "MX$"
	},
	"MNT": {
		"name": "Mongolian Tugrik"
	},
	"MMK": {
		"name": "Myanmar Kyat"
	},
	"ERN": {
		"name": "Nakifa ya Eritureya"
	},
	"NAD": {
		"name": "Namibian Dollar"
	},
	"NGN": {
		"name": "Nayira ey’eNayijerya"
	},
	"NPR": {
		"name": "Nepalese Rupee"
	},
	"TWD": {
		"name": "New Taiwan Dollar",
		"symbol": "NT$"
	},
	"NZD": {
		"name": "New Zealand Dollar",
		"symbol": "NZ$"
	},
	"NIO": {
		"name": "Nicaraguan Córdoba"
	},
	"KPW": {
		"name": "North Korean Won"
	},
	"NOK": {
		"name": "Norwegian Krone"
	},
	"PKR": {
		"name": "Pakistani Rupee"
	},
	"PYG": {
		"name": "Paraguayan Guarani"
	},
	"SHP": {
		"name": "Pawunda ey’eSenti Herena"
	},
	"GBP": {
		"name": "Pawunda ya Bungereza",
		"symbol": "£"
	},
	"EGP": {
		"name": "Pawunda ya Misiri"
	},
	"PHP": {
		"name": "Philippine Peso",
		"symbol": "₱"
	},
	"PLN": {
		"name": "Polish Zloty"
	},
	"BWP": {
		"name": "Pula ya Botiswana"
	},
	"ZAR": {
		"name": "Randi ey’eSawusafirika"
	},
	"SAR": {
		"name": "Riyaali ey’eBuwarabu"
	},
	"RON": {
		"name": "Romanian Leu"
	},
	"MUR": {
		"name": "Rupiya ey’eMawurisyasi"
	},
	"SCR": {
		"name": "Rupiya ey’eSesere"
	},
	"INR": {
		"name": "Rupiya ya Buyindi",
		"symbol": "₹"
	},
	"RUB": {
		"name": "Russian Ruble"
	},
	"SOS": {
		"name": "Silingi ey’eSomaliya"
	},
	"TZS": {
		"name": "Silingi ey’eTanzaniya"
	},
	"UGX": {
		"name": "Silingi eya Yuganda",
		"symbol": "USh"
	},
	"KES": {
		"name": "Silingi ya Kenya"
	},
	"SGD": {
		"name": "Singapore Dollar"
	},
	"SBD": {
		"name": "Solomon Islands Dollar"
	},
	"KRW": {
		"name": "South Korean Won",
		"symbol": "₩"
	},
	"SSP": {
		"name": "South Sudanese Pound"
	},
	"LKR": {
		"name": "Sri Lankan Rupee"
	},
	"SRD": {
		"name": "Surinamese Dollar"
	},
	"SEK": {
		"name": "Swedish Krona"
	},
	"SYP": {
		"name": "Syrian Pound"
	},
	"THB": {
		"name": "Thai Baht"
	},
	"TOP": {
		"name": "Tongan Paʻanga"
	},
	"TTD": {
		"name": "Trinidad & Tobago Dollar"
	},
	"TRY": {
		"name": "Turkish Lira"
	},
	"UAH": {
		"name": "Ukrainian Hryvnia"
	},
	"UYU": {
		"name": "Uruguayan Peso"
	},
	"VND": {
		"name": "Vietnamese Dong",
		"symbol": "₫"
	},
	"MRU": {
		"name": "Wugwiya ey’eMawritenya"
	},
	"JPY": {
		"name": "Yeni ya Japani",
		"symbol": "JP¥"
	},
	"EUR": {
		"name": "Yuro",
		"symbol": "€"
	},
	"CNY": {
		"name": "Yuwani Reniminibi ya Cayina",
		"symbol": "CN¥"
	}
}