{
	"AFN": {
		"name": "Afegani afegawara"
	},
	"MGA": {
		"name": "Ariyari maugaxi"
	},
	"THB": {
		"name": "Baht Tairetãmawara",
		"symbol": "฿"
	},
	"PAB": {
		"name": "Baubowa Panamawara"
	},
	"ETB": {
		"name": "Biri Etiupiyawara"
	},
	"VES": {
		"name": "Buriwari Wenesuerawara",
		"symbol": "Bs.S"
	},
	"BOB": {
		"name": "Buriwiyanu Buríwia suí",
		"symbol": "BUB"
	},
	"XCG": {
		"name": "Caribbean guilder",
		"symbol": "Cg."
	},
	"AMD": {
		"name": "Darã arimeniawara"
	},
	"GMD": {
		"name": "Darasi Gãbiyawara"
	},
	"DZD": {
		"name": "Dinari Argeriyawra"
	},
	"BHD": {
		"name": "Dinari Barẽiwara"
	},
	"IQD": {
		"name": "Dinari Irakiwara"
	},
	"KWD": {
		"name": "Dinari Kuwaitiwara"
	},
	"MKD": {
		"name": "Dinari Maseduniyawara"
	},
	"LYD": {
		"name": "Dinari Ribiyawara"
	},
	"RSD": {
		"name": "Dinari Sewiyawara"
	},
	"TND": {
		"name": "Dinari Tunisiyawara"
	},
	"JOD": {
		"name": "Dinari Yudâniyawara"
	},
	"AED": {
		"name": "Dirhã Emiradu-ita Árabe Yepewasú"
	},
	"MAD": {
		"name": "Dirhã Marukuwara"
	},
	"STN": {
		"name": "Dobara Sãtu Tumé asuí Pirĩsipi yara"
	},
	"VND": {
		"name": "Dong wietinamita",
		"symbol": "₫"
	},
	"AUD": {
		"name": "Dóra Ausitaraliwara",
		"symbol": "AU$"
	},
	"BBD": {
		"name": "Dóra barbaduwara"
	},
	"BSD": {
		"name": "Dóra Bayamawara"
	},
	"BZD": {
		"name": "Dóra Belisiwara"
	},
	"BMD": {
		"name": "Dóra Bemudawara"
	},
	"BND": {
		"name": "Dóra Buruneiwara"
	},
	"FJD": {
		"name": "Dóra Fiyiwara"
	},
	"GYD": {
		"name": "Dóra Gianawara"
	},
	"HKD": {
		"name": "Dóra Hũgi-Kũgiwara",
		"symbol": "HK$"
	},
	"KYD": {
		"name": "Dóra Kaimãwara"
	},
	"CAD": {
		"name": "Dóra Kanadáwara",
		"symbol": "CA$"
	},
	"SBD": {
		"name": "Dóra Kapuãma-ita Sarumũ yara"
	},
	"XCD": {
		"name": "Dóra Karibi Uriẽtawara yara",
		"symbol": "EC$"
	},
	"USD": {
		"name": "Dóra Mexikuwara",
		"symbol": "US$"
	},
	"NAD": {
		"name": "Dóra Namibiyawara"
	},
	"NZD": {
		"name": "Dóra neuserãdewa",
		"symbol": "NZ$"
	},
	"LRD": {
		"name": "Dóra Riberiyawara"
	},
	"SGD": {
		"name": "Dóra Sĩgapurawara"
	},
	"SRD": {
		"name": "Dóra Surinãmiyawara"
	},
	"TTD": {
		"name": "Dóra Tirinidadi asuí Tobagu yara"
	},
	"JMD": {
		"name": "Dóra Yamaikawara"
	},
	"EUR": {
		"name": "Euru",
		"symbol": "€"
	},
	"BIF": {
		"name": "Farãku Burũdiwara"
	},
	"XOF": {
		"name": "Farãku CFA BCEAO yara",
		"symbol": "CFA"
	},
	"XAF": {
		"name": "Farãku CFC BEAC yara",
		"symbol": "FCF"
	},
	"XPF": {
		"name": "Farãku CFP",
		"symbol": "CFP"
	},
	"DJF": {
		"name": "Farãku Digibutiwara"
	},
	"GNF": {
		"name": "Farãku Ginewara"
	},
	"CDF": {
		"name": "Farãku Kũguwara"
	},
	"KMF": {
		"name": "Farãku Kumurewara"
	},
	"RWF": {
		"name": "Farãku Ruãdawara"
	},
	"CHF": {
		"name": "Farãku Suwisawara"
	},
	"AWG": {
		"name": "Fulurĩ Arubawara"
	},
	"HUF": {
		"name": "Fulurĩ Ũgiriyawara"
	},
	"HTG": {
		"name": "Gourde Aitiwara"
	},
	"PYG": {
		"name": "Guwarani Paraguwaiwara"
	},
	"UAH": {
		"name": "Hiryuwiniya Ukaraniyãwara"
	},
	"BTN": {
		"name": "Ĩguturũ Butãwara"
	},
	"JPY": {
		"name": "Iyene Nipõwara",
		"symbol": "JP¥"
	},
	"GTQ": {
		"name": "Ketisau Guatemawara"
	},
	"PGK": {
		"name": "Kina Papuwara"
	},
	"LAK": {
		"name": "Kipi Rawosiwara"
	},
	"MMK": {
		"name": "Kiyati Miayamawara"
	},
	"NIO": {
		"name": "Koduba Nikaraguwara"
	},
	"AOA": {
		"name": "Kuãsa ãgulawara"
	},
	"MWK": {
		"name": "Kuaxa Marawiwara"
	},
	"CRC": {
		"name": "Kurũ Kupe-Rikawara"
	},
	"SVC": {
		"name": "Kurũ Sauwadú yara"
	},
	"DKK": {
		"name": "Kuruwa Dinamakawara"
	},
	"ISK": {
		"name": "Kuruwa Isirãdiawara"
	},
	"NOK": {
		"name": "Kuruwa Nuruwegawara"
	},
	"SEK": {
		"name": "Kuruwa Suwésiyawara"
	},
	"CZK": {
		"name": "Kuruwa Xekawara"
	},
	"ZMW": {
		"name": "Kuwaxa sãbianu"
	},
	"RON": {
		"name": "Leu Rumeniyawara"
	},
	"MDL": {
		"name": "Leyu mudawiu"
	},
	"AZN": {
		"name": "Manati aseri"
	},
	"TMT": {
		"name": "Manati turkumenu"
	},
	"BAM": {
		"name": "Marku yumuyerewa Businiya-Eseguwinawara"
	},
	"MZN": {
		"name": "Metikau Musãbikiwara"
	},
	"NGN": {
		"name": "Naira Nigeriyawara"
	},
	"ERN": {
		"name": "Nakiwa Eritireyawara"
	},
	"MOP": {
		"name": "Pataka Makauwara"
	},
	"TOP": {
		"name": "Pawãga Tũgawara"
	},
	"COP": {
		"name": "Peso Kurũbiyawara",
		"symbol": "$"
	},
	"TWD": {
		"name": "Pisasuwa Dóra Taiwãwara",
		"symbol": "NT$"
	},
	"PEN": {
		"name": "Pisasuwa Kurasí Peruwara"
	},
	"ILS": {
		"name": "Pisusawa Xekeu Isiraelẽsi",
		"symbol": "₪"
	},
	"BWP": {
		"name": "Pura Butisuwanawara"
	},
	"ARS": {
		"name": "Pusewa argẽtinu"
	},
	"DOP": {
		"name": "Pusewa Dominikawara"
	},
	"PHP": {
		"name": "Pusewa Firipinawara"
	},
	"CUP": {
		"name": "Pusewa Kubawara"
	},
	"MXN": {
		"name": "Pusewa Mexikuwara",
		"symbol": "MX$"
	},
	"UYU": {
		"name": "Pusewa Uruguwaiwara"
	},
	"CLP": {
		"name": "Pusewa Xiriwara"
	},
	"ZAR": {
		"name": "Rãdi-ita Afirika Su kitiwara"
	},
	"GEL": {
		"name": "Rari geugiyanu"
	},
	"BRL": {
		"name": "Reau Brasiuwara",
		"symbol": "R$"
	},
	"ALL": {
		"name": "Reki aubanei"
	},
	"BGN": {
		"name": "Revi Bugariyawara"
	},
	"IRR": {
		"name": "Riau Irãwara"
	},
	"EGP": {
		"name": "Ribara Egituwara"
	},
	"GBP": {
		"name": "Ribara esiterina",
		"symbol": "£"
	},
	"GIP": {
		"name": "Ribara Gibarautáwara"
	},
	"FKP": {
		"name": "Ribara Mawinawara"
	},
	"LBP": {
		"name": "Ribara Ribanuwara"
	},
	"SHP": {
		"name": "Ribara Sãta Herena yara"
	},
	"SYP": {
		"name": "Ribara Síriya"
	},
	"SSP": {
		"name": "Ribara Su-Sudãniyawara"
	},
	"SDG": {
		"name": "Ribara Sudawara"
	},
	"HNL": {
		"name": "Ribara Ũdurawara"
	},
	"KHR": {
		"name": "Rieu Kãbuyawara"
	},
	"MYR": {
		"name": "Rĩgiti malayu"
	},
	"SLE": {
		"name": "Rioni Iwitera Reuwa yara"
	},
	"TRY": {
		"name": "Rira turka"
	},
	"SZL": {
		"name": "Rirãgeni Suwasiretãmawara"
	},
	"QAR": {
		"name": "Riyau Katawara"
	},
	"SAR": {
		"name": "Riyau Sauditawara"
	},
	"OMR": {
		"name": "Riyau Umãwara"
	},
	"YER": {
		"name": "Riyau yeminita"
	},
	"BYN": {
		"name": "Ruburu bieruruso"
	},
	"RUB": {
		"name": "Ruburu Rusiyawara"
	},
	"INR": {
		"name": "Rupiya Ĩdiawara",
		"symbol": "₹"
	},
	"IDR": {
		"name": "Rupiya Ĩdunesiyawara"
	},
	"MVR": {
		"name": "Rupiya Maudiwawara"
	},
	"MUR": {
		"name": "Rupiya Maurisiwara"
	},
	"NPR": {
		"name": "Rupiya Nepauwara"
	},
	"PKR": {
		"name": "Rupiya Pakiretãwara"
	},
	"SCR": {
		"name": "Rupiya Seixeriwara",
		"symbol": "SCRu"
	},
	"LKR": {
		"name": "Rupiya Sirirãkawara"
	},
	"LSL": {
		"name": "Ruti Resutuwara"
	},
	"GHS": {
		"name": "Sedi ganei"
	},
	"KGS": {
		"name": "Sumu Kirigiretãmawara"
	},
	"UZS": {
		"name": "Sumu Yũbuesara-retãmawara"
	},
	"TJS": {
		"name": "Sumuni tayiki"
	},
	"BDT": {
		"name": "Taka Bẽgariwara"
	},
	"WST": {
		"name": "Tara Samuwara"
	},
	"KZT": {
		"name": "Tẽge Kasakiwara"
	},
	"MNT": {
		"name": "Tugiriki Mũguriyawara"
	},
	"CVE": {
		"name": "Warakapá Kabu-Suikiriwara"
	},
	"VUV": {
		"name": "Watu Wanuatu yara"
	},
	"KPW": {
		"name": "Wõ nuti-kureyanu"
	},
	"KRW": {
		"name": "Wõ su-kureyanu",
		"symbol": "₩"
	},
	"MRU": {
		"name": "Wogiya Mauritaniwara"
	},
	"SOS": {
		"name": "Xerĩ Sumariyawara"
	},
	"TZS": {
		"name": "Xerĩ Tãsaniyawara"
	},
	"UGX": {
		"name": "Xerĩ Ugãdawara"
	},
	"KES": {
		"name": "Xirĩ Kẽniyawara"
	},
	"CNY": {
		"name": "Yuwã Xinawara",
		"symbol": "CN¥"
	},
	"PLN": {
		"name": "Ziroti Puruniyawara"
	}
}