{
    "name": "drupal/views_slideshow",
    "description": "Describes relationships between entities.",
    "type": "drupal-module",
    "license": "GPL-2.0-or-later",
    "homepage": "https://www.drupal.org/project/views_slideshow",
    "authors": [
    ],
    "support": {
        "issues": "https://www.drupal.org/project/issues/views_slideshow",
        "source": "https://git.drupalcode.org/project/views_slideshow"
    },
    "require": {
        "briancherne/jquery.hover-intent": "*",
        "composer/installers": "*"
    },
    "repositories": {
      "briancherne/jquery.hover-intent": {
        "type": "package",
        "package": {
          "name": "briancherne/jquery.hover-intent",
          "version": "1.10.2",
          "type":"drupal-library",
          "dist": {
            "url": "https://github.com/briancherne/jquery-hoverIntent/archive/refs/tags/v1.10.2.tar.gz",
            "type": "tar"
          }
        }
      }
    }
}
