<?xml version="1.0" encoding="UTF-8"?>
<ruleset name="yoast_seo">
  <description>PHP CodeSniffer configuration for Drupal coding standards in Real-Time SEO.</description>
  <file>.</file>
  <config name="ignore_errors_on_exit" value="0"/>
  <config name="ignore_warnings_on_exit" value="0"/>
  <config name="default_standard" value="Drupal"/>

  <arg name="extensions" value="php,module,inc,install,test,profile,theme" />

  <config name="drupal_core_version" value="9" />
  <rule ref="Drupal">
    <!-- For some reason this rule doesn't like array spread. -->
    <exclude name="Squiz.Arrays.ArrayDeclaration.KeySpecified" />
  </rule>

</ruleset>
